player_id,player_name,team,player_type,metric,previous_value,current_value,delta,favorable_delta,movement_status,baseline_snapshot_id,current_snapshot_id,baseline_captured_at,current_captured_at
0000006221,劉貴元,中信兄弟,打者,batting_average,0.0,0.0,0.0,0.0,unchanged,20260918T112310Z-8f8e01d8ec46,20260929T204833Z-5e0600df3416,2026-09-18T11:23:10+00:00,2026-09-29T20:48:33+00:00
0000006221,劉貴元,中信兄弟,打者,home_runs,0.0,0.0,0.0,0.0,unchanged,20260918T112310Z-8f8e01d8ec46,20260929T204833Z-5e0600df3416,2026-09-18T11:23:10+00:00,2026-09-29T20:48:33+00:00
0000006221,劉貴元,中信兄弟,打者,obp,0.0,0.0,0.0,0.0,unchanged,20260918T112310Z-8f8e01d8ec46,20260929T204833Z-5e0600df3416,2026-09-18T11:23:10+00:00,2026-09-29T20:48:33+00:00
0000006221,劉貴元,中信兄弟,打者,ops,0.0,0.0,0.0,0.0,unchanged,20260918T112310Z-8f8e01d8ec46,20260929T204833Z-5e0600df3416,2026-09-18T11:23:10+00:00,2026-09-29T20:48:33+00:00
0000006221,劉貴元,中信兄弟,打者,pa,2.0,2.0,0.0,0.0,unchanged,20260918T112310Z-8f8e01d8ec46,20260929T204833Z-5e0600df3416,2026-09-18T11:23:10+00:00,2026-09-29T20:48:33+00:00
0000006221,劉貴元,中信兄弟,打者,player_value_score,5.2,5.2,0.0,0.0,unchanged,20260918T112310Z-8f8e01d8ec46,20260929T204833Z-5e0600df3416,2026-09-18T11:23:10+00:00,2026-09-29T20:48:33+00:00
0000006221,劉貴元,中信兄弟,打者,slg,0.0,0.0,0.0,0.0,unchanged,20260918T112310Z-8f8e01d8ec46,20260929T204833Z-5e0600df3416,2026-09-18T11:23:10+00:00,2026-09-29T20:48:33+00:00
0000006225,宋晟睿,中信兄弟,打者,batting_average,0.258,0.258,0.0,0.0,unchanged,20260918T112310Z-8f8e01d8ec46,20260929T204833Z-5e0600df3416,2026-09-18T11:23:10+00:00,2026-09-29T20:48:33+00:00
0000006225,宋晟睿,中信兄弟,打者,home_runs,5.0,5.0,0.0,0.0,unchanged,20260918T112310Z-8f8e01d8ec46,20260929T204833Z-5e0600df3416,2026-09-18T11:23:10+00:00,2026-09-29T20:48:33+00:00
0000006225,宋晟睿,中信兄弟,打者,obp,0.324,0.33,0.006,0.006,changed,20260918T112310Z-8f8e01d8ec46,20260929T204833Z-5e0600df3416,2026-09-18T11:23:10+00:00,2026-09-29T20:48:33+00:00
0000006225,宋晟睿,中信兄弟,打者,ops,0.73,0.728,-0.002,-0.002,changed,20260918T112310Z-8f8e01d8ec46,20260929T204833Z-5e0600df3416,2026-09-18T11:23:10+00:00,2026-09-29T20:48:33+00:00
0000006225,宋晟睿,中信兄弟,打者,pa,294.0,323.0,29.0,29.0,changed,20260918T112310Z-8f8e01d8ec46,20260929T204833Z-5e0600df3416,2026-09-18T11:23:10+00:00,2026-09-29T20:48:33+00:00
0000006225,宋晟睿,中信兄弟,打者,player_value_score,37.8,37.5,-0.3,-0.3,changed,20260918T112310Z-8f8e01d8ec46,20260929T204833Z-5e0600df3416,2026-09-18T11:23:10+00:00,2026-09-29T20:48:33+00:00
0000006225,宋晟睿,中信兄弟,打者,slg,0.406,0.398,-0.008,-0.008,changed,20260918T112310Z-8f8e01d8ec46,20260929T204833Z-5e0600df3416,2026-09-18T11:23:10+00:00,2026-09-29T20:48:33+00:00
0000005571,岳政華,中信兄弟,打者,batting_average,0.233,0.226,-0.007,-0.007,changed,20260918T112310Z-8f8e01d8ec46,20260929T204833Z-5e0600df3416,2026-09-18T11:23:10+00:00,2026-09-29T20:48:33+00:00
0000005571,岳政華,中信兄弟,打者,home_runs,6.0,6.0,0.0,0.0,unchanged,20260918T112310Z-8f8e01d8ec46,20260929T204833Z-5e0600df3416,2026-09-18T11:23:10+00:00,2026-09-29T20:48:33+00:00
0000005571,岳政華,中信兄弟,打者,obp,0.302,0.302,0.0,0.0,unchanged,20260918T112310Z-8f8e01d8ec46,20260929T204833Z-5e0600df3416,2026-09-18T11:23:10+00:00,2026-09-29T20:48:33+00:00
0000005571,岳政華,中信兄弟,打者,ops,0.657,0.642,-0.015,-0.015,changed,20260918T112310Z-8f8e01d8ec46,20260929T204833Z-5e0600df3416,2026-09-18T11:23:10+00:00,2026-09-29T20:48:33+00:00
0000005571,岳政華,中信兄弟,打者,pa,323.0,347.0,24.0,24.0,changed,20260918T112310Z-8f8e01d8ec46,20260929T204833Z-5e0600df3416,2026-09-18T11:23:10+00:00,2026-09-29T20:48:33+00:00
0000005571,岳政華,中信兄弟,打者,player_value_score,34.4,33.8,-0.6,-0.6,changed,20260918T112310Z-8f8e01d8ec46,20260929T204833Z-5e0600df3416,2026-09-18T11:23:10+00:00,2026-09-29T20:48:33+00:00
0000005571,岳政華,中信兄弟,打者,slg,0.355,0.34,-0.015,-0.015,changed,20260918T112310Z-8f8e01d8ec46,20260929T204833Z-5e0600df3416,2026-09-18T11:23:10+00:00,2026-09-29T20:48:33+00:00
0000002291,岳東華,中信兄弟,打者,batting_average,0.272,0.273,0.001,0.001,changed,20260918T112310Z-8f8e01d8ec46,20260929T204833Z-5e0600df3416,2026-09-18T11:23:10+00:00,2026-09-29T20:48:33+00:00
0000002291,岳東華,中信兄弟,打者,home_runs,3.0,3.0,0.0,0.0,unchanged,20260918T112310Z-8f8e01d8ec46,20260929T204833Z-5e0600df3416,2026-09-18T11:23:10+00:00,2026-09-29T20:48:33+00:00
0000002291,岳東華,中信兄弟,打者,obp,0.327,0.325,-0.002,-0.002,changed,20260918T112310Z-8f8e01d8ec46,20260929T204833Z-5e0600df3416,2026-09-18T11:23:10+00:00,2026-09-29T20:48:33+00:00
0000002291,岳東華,中信兄弟,打者,ops,0.7,0.691,-0.009,-0.009,changed,20260918T112310Z-8f8e01d8ec46,20260929T204833Z-5e0600df3416,2026-09-18T11:23:10+00:00,2026-09-29T20:48:33+00:00
0000002291,岳東華,中信兄弟,打者,pa,318.0,355.0,37.0,37.0,changed,20260918T112310Z-8f8e01d8ec46,20260929T204833Z-5e0600df3416,2026-09-18T11:23:10+00:00,2026-09-29T20:48:33+00:00
0000002291,岳東華,中信兄弟,打者,player_value_score,34.0,33.2,-0.8,-0.8,changed,20260918T112310Z-8f8e01d8ec46,20260929T204833Z-5e0600df3416,2026-09-18T11:23:10+00:00,2026-09-29T20:48:33+00:00
0000002291,岳東華,中信兄弟,打者,slg,0.373,0.366,-0.007,-0.007,changed,20260918T112310Z-8f8e01d8ec46,20260929T204833Z-5e0600df3416,2026-09-18T11:23:10+00:00,2026-09-29T20:48:33+00:00
0000006730,張仁瑋,中信兄弟,打者,batting_average,0.295,0.296,0.001,0.001,changed,20260918T112310Z-8f8e01d8ec46,20260929T204833Z-5e0600df3416,2026-09-18T11:23:10+00:00,2026-09-29T20:48:33+00:00
0000006730,張仁瑋,中信兄弟,打者,home_runs,4.0,4.0,0.0,0.0,unchanged,20260918T112310Z-8f8e01d8ec46,20260929T204833Z-5e0600df3416,2026-09-18T11:23:10+00:00,2026-09-29T20:48:33+00:00
0000006730,張仁瑋,中信兄弟,打者,obp,0.332,0.336,0.004,0.004,changed,20260918T112310Z-8f8e01d8ec46,20260929T204833Z-5e0600df3416,2026-09-18T11:23:10+00:00,2026-09-29T20:48:33+00:00
0000006730,張仁瑋,中信兄弟,打者,ops,0.713,0.715,0.002,0.002,changed,20260918T112310Z-8f8e01d8ec46,20260929T204833Z-5e0600df3416,2026-09-18T11:23:10+00:00,2026-09-29T20:48:33+00:00
0000006730,張仁瑋,中信兄弟,打者,pa,379.0,424.0,45.0,45.0,changed,20260918T112310Z-8f8e01d8ec46,20260929T204833Z-5e0600df3416,2026-09-18T11:23:10+00:00,2026-09-29T20:48:33+00:00
0000006730,張仁瑋,中信兄弟,打者,player_value_score,34.1,34.3,0.2,0.2,changed,20260918T112310Z-8f8e01d8ec46,20260929T204833Z-5e0600df3416,2026-09-18T11:23:10+00:00,2026-09-29T20:48:33+00:00
0000006730,張仁瑋,中信兄弟,打者,slg,0.381,0.379,-0.002,-0.002,changed,20260918T112310Z-8f8e01d8ec46,20260929T204833Z-5e0600df3416,2026-09-18T11:23:10+00:00,2026-09-29T20:48:33+00:00
0000007085,張士綸,中信兄弟,打者,batting_average,0.324,0.329,0.005,0.005,changed,20260918T112310Z-8f8e01d8ec46,20260929T204833Z-5e0600df3416,2026-09-18T11:23:10+00:00,2026-09-29T20:48:33+00:00
0000007085,張士綸,中信兄弟,打者,home_runs,2.0,2.0,0.0,0.0,unchanged,20260918T112310Z-8f8e01d8ec46,20260929T204833Z-5e0600df3416,2026-09-18T11:23:10+00:00,2026-09-29T20:48:33+00:00
0000007085,張士綸,中信兄弟,打者,obp,0.367,0.384,0.017,0.017,changed,20260918T112310Z-8f8e01d8ec46,20260929T204833Z-5e0600df3416,2026-09-18T11:23:10+00:00,2026-09-29T20:48:33+00:00
0000007085,張士綸,中信兄弟,打者,ops,0.749,0.774,0.025,0.025,changed,20260918T112310Z-8f8e01d8ec46,20260929T204833Z-5e0600df3416,2026-09-18T11:23:10+00:00,2026-09-29T20:48:33+00:00
0000007085,張士綸,中信兄弟,打者,pa,302.0,332.0,30.0,30.0,changed,20260918T112310Z-8f8e01d8ec46,20260929T204833Z-5e0600df3416,2026-09-18T11:23:10+00:00,2026-09-29T20:48:33+00:00
0000007085,張士綸,中信兄弟,打者,player_value_score,33.9,35.7,1.8,1.8,changed,20260918T112310Z-8f8e01d8ec46,20260929T204833Z-5e0600df3416,2026-09-18T11:23:10+00:00,2026-09-29T20:48:33+00:00
0000007085,張士綸,中信兄弟,打者,slg,0.382,0.39,0.008,0.008,changed,20260918T112310Z-8f8e01d8ec46,20260929T204833Z-5e0600df3416,2026-09-18T11:23:10+00:00,2026-09-29T20:48:33+00:00
0000003183,張志豪,中信兄弟,打者,batting_average,0.14,0.14,0.0,0.0,unchanged,20260918T112310Z-8f8e01d8ec46,20260929T204833Z-5e0600df3416,2026-09-18T11:23:10+00:00,2026-09-29T20:48:33+00:00
0000003183,張志豪,中信兄弟,打者,home_runs,0.0,0.0,0.0,0.0,unchanged,20260918T112310Z-8f8e01d8ec46,20260929T204833Z-5e0600df3416,2026-09-18T11:23:10+00:00,2026-09-29T20:48:33+00:00
0000003183,張志豪,中信兄弟,打者,obp,0.18,0.18,0.0,0.0,unchanged,20260918T112310Z-8f8e01d8ec46,20260929T204833Z-5e0600df3416,2026-09-18T11:23:10+00:00,2026-09-29T20:48:33+00:00
0000003183,張志豪,中信兄弟,打者,ops,0.343,0.343,0.0,0.0,unchanged,20260918T112310Z-8f8e01d8ec46,20260929T204833Z-5e0600df3416,2026-09-18T11:23:10+00:00,2026-09-29T20:48:33+00:00
0000003183,張志豪,中信兄弟,打者,pa,50.0,50.0,0.0,0.0,unchanged,20260918T112310Z-8f8e01d8ec46,20260929T204833Z-5e0600df3416,2026-09-18T11:23:10+00:00,2026-09-29T20:48:33+00:00
0000003183,張志豪,中信兄弟,打者,player_value_score,18.0,18.0,0.0,0.0,unchanged,20260918T112310Z-8f8e01d8ec46,20260929T204833Z-5e0600df3416,2026-09-18T11:23:10+00:00,2026-09-29T20:48:33+00:00
0000003183,張志豪,中信兄弟,打者,slg,0.163,0.163,0.0,0.0,unchanged,20260918T112310Z-8f8e01d8ec46,20260929T204833Z-5e0600df3416,2026-09-18T11:23:10+00:00,2026-09-29T20:48:33+00:00
0000007088,徐博瑋,中信兄弟,打者,batting_average,0.0,0.0,0.0,0.0,unchanged,20260918T112310Z-8f8e01d8ec46,20260929T204833Z-5e0600df3416,2026-09-18T11:23:10+00:00,2026-09-29T20:48:33+00:00
0000007088,徐博瑋,中信兄弟,打者,home_runs,0.0,0.0,0.0,0.0,unchanged,20260918T112310Z-8f8e01d8ec46,20260929T204833Z-5e0600df3416,2026-09-18T11:23:10+00:00,2026-09-29T20:48:33+00:00
0000007088,徐博瑋,中信兄弟,打者,obp,0.0,0.0,0.0,0.0,unchanged,20260918T112310Z-8f8e01d8ec46,20260929T204833Z-5e0600df3416,2026-09-18T11:23:10+00:00,2026-09-29T20:48:33+00:00
0000007088,徐博瑋,中信兄弟,打者,ops,0.0,0.0,0.0,0.0,unchanged,20260918T112310Z-8f8e01d8ec46,20260929T204833Z-5e0600df3416,2026-09-18T11:23:10+00:00,2026-09-29T20:48:33+00:00
0000007088,徐博瑋,中信兄弟,打者,pa,0.0,0.0,0.0,0.0,unchanged,20260918T112310Z-8f8e01d8ec46,20260929T204833Z-5e0600df3416,2026-09-18T11:23:10+00:00,2026-09-29T20:48:33+00:00
0000007088,徐博瑋,中信兄弟,打者,player_value_score,5.2,5.2,0.0,0.0,unchanged,20260918T112310Z-8f8e01d8ec46,20260929T204833Z-5e0600df3416,2026-09-18T11:23:10+00:00,2026-09-29T20:48:33+00:00
0000007088,徐博瑋,中信兄弟,打者,slg,0.0,0.0,0.0,0.0,unchanged,20260918T112310Z-8f8e01d8ec46,20260929T204833Z-5e0600df3416,2026-09-18T11:23:10+00:00,2026-09-29T20:48:33+00:00
0000005569,曾頌恩,中信兄弟,打者,batting_average,0.276,0.285,0.009,0.009,changed,20260918T112310Z-8f8e01d8ec46,20260929T204833Z-5e0600df3416,2026-09-18T11:23:10+00:00,2026-09-29T20:48:33+00:00
0000005569,曾頌恩,中信兄弟,打者,home_runs,4.0,6.0,2.0,2.0,changed,20260918T112310Z-8f8e01d8ec46,20260929T204833Z-5e0600df3416,2026-09-18T11:23:10+00:00,2026-09-29T20:48:33+00:00
0000005569,曾頌恩,中信兄弟,打者,obp,0.354,0.359,0.005,0.005,changed,20260918T112310Z-8f8e01d8ec46,20260929T204833Z-5e0600df3416,2026-09-18T11:23:10+00:00,2026-09-29T20:48:33+00:00
0000005569,曾頌恩,中信兄弟,打者,ops,0.759,0.794,0.035,0.035,changed,20260918T112310Z-8f8e01d8ec46,20260929T204833Z-5e0600df3416,2026-09-18T11:23:10+00:00,2026-09-29T20:48:33+00:00
0000005569,曾頌恩,中信兄弟,打者,pa,189.0,231.0,42.0,42.0,changed,20260918T112310Z-8f8e01d8ec46,20260929T204833Z-5e0600df3416,2026-09-18T11:23:10+00:00,2026-09-29T20:48:33+00:00
0000005569,曾頌恩,中信兄弟,打者,player_value_score,39.8,42.4,2.6,2.6,changed,20260918T112310Z-8f8e01d8ec46,20260929T204833Z-5e0600df3416,2026-09-18T11:23:10+00:00,2026-09-29T20:48:33+00:00
0000005569,曾頌恩,中信兄弟,打者,slg,0.405,0.435,0.03,0.03,changed,20260918T112310Z-8f8e01d8ec46,20260929T204833Z-5e0600df3416,2026-09-18T11:23:10+00:00,2026-09-29T20:48:33+00:00
0000005656,李聖裕,中信兄弟,打者,batting_average,0.263,0.263,0.0,0.0,unchanged,20260918T112310Z-8f8e01d8ec46,20260929T204833Z-5e0600df3416,2026-09-18T11:23:10+00:00,2026-09-29T20:48:33+00:00
0000005656,李聖裕,中信兄弟,打者,home_runs,0.0,0.0,0.0,0.0,unchanged,20260918T112310Z-8f8e01d8ec46,20260929T204833Z-5e0600df3416,2026-09-18T11:23:10+00:00,2026-09-29T20:48:33+00:00
0000005656,李聖裕,中信兄弟,打者,obp,0.333,0.333,0.0,0.0,unchanged,20260918T112310Z-8f8e01d8ec46,20260929T204833Z-5e0600df3416,2026-09-18T11:23:10+00:00,2026-09-29T20:48:33+00:00
0000005656,李聖裕,中信兄弟,打者,ops,0.596,0.596,0.0,0.0,unchanged,20260918T112310Z-8f8e01d8ec46,20260929T204833Z-5e0600df3416,2026-09-18T11:23:10+00:00,2026-09-29T20:48:33+00:00
0000005656,李聖裕,中信兄弟,打者,pa,21.0,21.0,0.0,0.0,unchanged,20260918T112310Z-8f8e01d8ec46,20260929T204833Z-5e0600df3416,2026-09-18T11:23:10+00:00,2026-09-29T20:48:33+00:00
0000005656,李聖裕,中信兄弟,打者,player_value_score,25.1,25.2,0.1,0.1,changed,20260918T112310Z-8f8e01d8ec46,20260929T204833Z-5e0600df3416,2026-09-18T11:23:10+00:00,2026-09-29T20:48:33+00:00
0000005656,李聖裕,中信兄弟,打者,slg,0.263,0.263,0.0,0.0,unchanged,20260918T112310Z-8f8e01d8ec46,20260929T204833Z-5e0600df3416,2026-09-18T11:23:10+00:00,2026-09-29T20:48:33+00:00
0000006224,林吳晉瑋,中信兄弟,打者,batting_average,0.219,0.25,0.031,0.031,changed,20260918T112310Z-8f8e01d8ec46,20260929T204833Z-5e0600df3416,2026-09-18T11:23:10+00:00,2026-09-29T20:48:33+00:00
0000006224,林吳晉瑋,中信兄弟,打者,home_runs,0.0,0.0,0.0,0.0,unchanged,20260918T112310Z-8f8e01d8ec46,20260929T204833Z-5e0600df3416,2026-09-18T11:23:10+00:00,2026-09-29T20:48:33+00:00
0000006224,林吳晉瑋,中信兄弟,打者,obp,0.366,0.391,0.025,0.025,changed,20260918T112310Z-8f8e01d8ec46,20260929T204833Z-5e0600df3416,2026-09-18T11:23:10+00:00,2026-09-29T20:48:33+00:00
0000006224,林吳晉瑋,中信兄弟,打者,ops,0.585,0.641,0.056,0.056,changed,20260918T112310Z-8f8e01d8ec46,20260929T204833Z-5e0600df3416,2026-09-18T11:23:10+00:00,2026-09-29T20:48:33+00:00
0000006224,林吳晉瑋,中信兄弟,打者,pa,45.0,52.0,7.0,7.0,changed,20260918T112310Z-8f8e01d8ec46,20260929T204833Z-5e0600df3416,2026-09-18T11:23:10+00:00,2026-09-29T20:48:33+00:00
0000006224,林吳晉瑋,中信兄弟,打者,player_value_score,26.7,28.9,2.2,2.2,changed,20260918T112310Z-8f8e01d8ec46,20260929T204833Z-5e0600df3416,2026-09-18T11:23:10+00:00,2026-09-29T20:48:33+00:00
0000006224,林吳晉瑋,中信兄弟,打者,slg,0.219,0.25,0.031,0.031,changed,20260918T112310Z-8f8e01d8ec46,20260929T204833Z-5e0600df3416,2026-09-18T11:23:10+00:00,2026-09-29T20:48:33+00:00
0000005567,林瑞鈞,中信兄弟,打者,batting_average,0.235,0.278,0.043,0.043,changed,20260918T112310Z-8f8e01d8ec46,20260929T204833Z-5e0600df3416,2026-09-18T11:23:10+00:00,2026-09-29T20:48:33+00:00
0000005567,林瑞鈞,中信兄弟,打者,home_runs,1.0,1.0,0.0,0.0,unchanged,20260918T112310Z-8f8e01d8ec46,20260929T204833Z-5e0600df3416,2026-09-18T11:23:10+00:00,2026-09-29T20:48:33+00:00
0000005567,林瑞鈞,中信兄弟,打者,obp,0.35,0.381,0.031,0.031,changed,20260918T112310Z-8f8e01d8ec46,20260929T204833Z-5e0600df3416,2026-09-18T11:23:10+00:00,2026-09-29T20:48:33+00:00
0000005567,林瑞鈞,中信兄弟,打者,ops,0.821,0.937,0.116,0.116,changed,20260918T112310Z-8f8e01d8ec46,20260929T204833Z-5e0600df3416,2026-09-18T11:23:10+00:00,2026-09-29T20:48:33+00:00
0000005567,林瑞鈞,中信兄弟,打者,pa,20.0,21.0,1.0,1.0,changed,20260918T112310Z-8f8e01d8ec46,20260929T204833Z-5e0600df3416,2026-09-18T11:23:10+00:00,2026-09-29T20:48:33+00:00
0000005567,林瑞鈞,中信兄弟,打者,player_value_score,47.1,52.6,5.5,5.5,changed,20260918T112310Z-8f8e01d8ec46,20260929T204833Z-5e0600df3416,2026-09-18T11:23:10+00:00,2026-09-29T20:48:33+00:00
0000005567,林瑞鈞,中信兄弟,打者,slg,0.471,0.556,0.085,0.085,changed,20260918T112310Z-8f8e01d8ec46,20260929T204833Z-5e0600df3416,2026-09-18T11:23:10+00:00,2026-09-29T20:48:33+00:00
0000007086,楊祥禾,中信兄弟,打者,batting_average,0.0,0.0,0.0,0.0,unchanged,20260918T112310Z-8f8e01d8ec46,20260929T204833Z-5e0600df3416,2026-09-18T11:23:10+00:00,2026-09-29T20:48:33+00:00
0000007086,楊祥禾,中信兄弟,打者,home_runs,0.0,0.0,0.0,0.0,unchanged,20260918T112310Z-8f8e01d8ec46,20260929T204833Z-5e0600df3416,2026-09-18T11:23:10+00:00,2026-09-29T20:48:33+00:00
0000007086,楊祥禾,中信兄弟,打者,obp,0.0,0.0,0.0,0.0,unchanged,20260918T112310Z-8f8e01d8ec46,20260929T204833Z-5e0600df3416,2026-09-18T11:23:10+00:00,2026-09-29T20:48:33+00:00
0000007086,楊祥禾,中信兄弟,打者,ops,0.0,0.0,0.0,0.0,unchanged,20260918T112310Z-8f8e01d8ec46,20260929T204833Z-5e0600df3416,2026-09-18T11:23:10+00:00,2026-09-29T20:48:33+00:00
0000007086,楊祥禾,中信兄弟,打者,pa,2.0,2.0,0.0,0.0,unchanged,20260918T112310Z-8f8e01d8ec46,20260929T204833Z-5e0600df3416,2026-09-18T11:23:10+00:00,2026-09-29T20:48:33+00:00
0000007086,楊祥禾,中信兄弟,打者,player_value_score,2.6,2.6,0.0,0.0,unchanged,20260918T112310Z-8f8e01d8ec46,20260929T204833Z-5e0600df3416,2026-09-18T11:23:10+00:00,2026-09-29T20:48:33+00:00
0000007086,楊祥禾,中信兄弟,打者,slg,0.0,0.0,0.0,0.0,unchanged,20260918T112310Z-8f8e01d8ec46,20260929T204833Z-5e0600df3416,2026-09-18T11:23:10+00:00,2026-09-29T20:48:33+00:00
0000004636,江坤宇,中信兄弟,打者,batting_average,0.282,0.283,0.001,0.001,changed,20260918T112310Z-8f8e01d8ec46,20260929T204833Z-5e0600df3416,2026-09-18T11:23:10+00:00,2026-09-29T20:48:33+00:00
0000004636,江坤宇,中信兄弟,打者,home_runs,2.0,2.0,0.0,0.0,unchanged,20260918T112310Z-8f8e01d8ec46,20260929T204833Z-5e0600df3416,2026-09-18T11:23:10+00:00,2026-09-29T20:48:33+00:00
0000004636,江坤宇,中信兄弟,打者,obp,0.36,0.362,0.002,0.002,changed,20260918T112310Z-8f8e01d8ec46,20260929T204833Z-5e0600df3416,2026-09-18T11:23:10+00:00,2026-09-29T20:48:33+00:00
0000004636,江坤宇,中信兄弟,打者,ops,0.715,0.711,-0.004,-0.004,changed,20260918T112310Z-8f8e01d8ec46,20260929T204833Z-5e0600df3416,2026-09-18T11:23:10+00:00,2026-09-29T20:48:33+00:00
0000004636,江坤宇,中信兄弟,打者,pa,356.0,395.0,39.0,39.0,changed,20260918T112310Z-8f8e01d8ec46,20260929T204833Z-5e0600df3416,2026-09-18T11:23:10+00:00,2026-09-29T20:48:33+00:00
0000004636,江坤宇,中信兄弟,打者,player_value_score,34.0,34.0,0.0,0.0,unchanged,20260918T112310Z-8f8e01d8ec46,20260929T204833Z-5e0600df3416,2026-09-18T11:23:10+00:00,2026-09-29T20:48:33+00:00
0000004636,江坤宇,中信兄弟,打者,slg,0.355,0.349,-0.006,-0.006,changed,20260918T112310Z-8f8e01d8ec46,20260929T204833Z-5e0600df3416,2026-09-18T11:23:10+00:00,2026-09-29T20:48:33+00:00
0000001232,江忠城,中信兄弟,打者,batting_average,0.0,0.0,0.0,0.0,unchanged,20260918T112310Z-8f8e01d8ec46,20260929T204833Z-5e0600df3416,2026-09-18T11:23:10+00:00,2026-09-29T20:48:33+00:00
0000001232,江忠城,中信兄弟,打者,home_runs,0.0,0.0,0.0,0.0,unchanged,20260918T112310Z-8f8e01d8ec46,20260929T204833Z-5e0600df3416,2026-09-18T11:23:10+00:00,2026-09-29T20:48:33+00:00
0000001232,江忠城,中信兄弟,打者,obp,0.0,0.0,0.0,0.0,unchanged,20260918T112310Z-8f8e01d8ec46,20260929T204833Z-5e0600df3416,2026-09-18T11:23:10+00:00,2026-09-29T20:48:33+00:00
0000001232,江忠城,中信兄弟,打者,ops,0.0,0.0,0.0,0.0,unchanged,20260918T112310Z-8f8e01d8ec46,20260929T204833Z-5e0600df3416,2026-09-18T11:23:10+00:00,2026-09-29T20:48:33+00:00
0000001232,江忠城,中信兄弟,打者,pa,1.0,1.0,0.0,0.0,unchanged,20260918T112310Z-8f8e01d8ec46,20260929T204833Z-5e0600df3416,2026-09-18T11:23:10+00:00,2026-09-29T20:48:33+00:00
0000001232,江忠城,中信兄弟,打者,player_value_score,5.2,5.2,0.0,0.0,unchanged,20260918T112310Z-8f8e01d8ec46,20260929T204833Z-5e0600df3416,2026-09-18T11:23:10+00:00,2026-09-29T20:48:33+00:00
0000001232,江忠城,中信兄弟,打者,slg,0.0,0.0,0.0,0.0,unchanged,20260918T112310Z-8f8e01d8ec46,20260929T204833Z-5e0600df3416,2026-09-18T11:23:10+00:00,2026-09-29T20:48:33+00:00
0000000929,王威晨,中信兄弟,打者,batting_average,0.285,0.281,-0.004,-0.004,changed,20260918T112310Z-8f8e01d8ec46,20260929T204833Z-5e0600df3416,2026-09-18T11:23:10+00:00,2026-09-29T20:48:33+00:00
0000000929,王威晨,中信兄弟,打者,home_runs,1.0,1.0,0.0,0.0,unchanged,20260918T112310Z-8f8e01d8ec46,20260929T204833Z-5e0600df3416,2026-09-18T11:23:10+00:00,2026-09-29T20:48:33+00:00
0000000929,王威晨,中信兄弟,打者,obp,0.347,0.339,-0.008,-0.008,changed,20260918T112310Z-8f8e01d8ec46,20260929T204833Z-5e0600df3416,2026-09-18T11:23:10+00:00,2026-09-29T20:48:33+00:00
0000000929,王威晨,中信兄弟,打者,ops,0.699,0.688,-0.011,-0.011,changed,20260918T112310Z-8f8e01d8ec46,20260929T204833Z-5e0600df3416,2026-09-18T11:23:10+00:00,2026-09-29T20:48:33+00:00
0000000929,王威晨,中信兄弟,打者,pa,330.0,370.0,40.0,40.0,changed,20260918T112310Z-8f8e01d8ec46,20260929T204833Z-5e0600df3416,2026-09-18T11:23:10+00:00,2026-09-29T20:48:33+00:00
0000000929,王威晨,中信兄弟,打者,player_value_score,33.1,32.9,-0.2,-0.2,changed,20260918T112310Z-8f8e01d8ec46,20260929T204833Z-5e0600df3416,2026-09-18T11:23:10+00:00,2026-09-29T20:48:33+00:00
0000000929,王威晨,中信兄弟,打者,slg,0.352,0.349,-0.003,-0.003,changed,20260918T112310Z-8f8e01d8ec46,20260929T204833Z-5e0600df3416,2026-09-18T11:23:10+00:00,2026-09-29T20:48:33+00:00
0000002307,王政順,中信兄弟,打者,batting_average,0.239,0.242,0.003,0.003,changed,20260918T112310Z-8f8e01d8ec46,20260929T204833Z-5e0600df3416,2026-09-18T11:23:10+00:00,2026-09-29T20:48:33+00:00
0000002307,王政順,中信兄弟,打者,home_runs,0.0,0.0,0.0,0.0,unchanged,20260918T112310Z-8f8e01d8ec46,20260929T204833Z-5e0600df3416,2026-09-18T11:23:10+00:00,2026-09-29T20:48:33+00:00
0000002307,王政順,中信兄弟,打者,obp,0.325,0.328,0.003,0.003,changed,20260918T112310Z-8f8e01d8ec46,20260929T204833Z-5e0600df3416,2026-09-18T11:23:10+00:00,2026-09-29T20:48:33+00:00
0000002307,王政順,中信兄弟,打者,ops,0.579,0.589,0.01,0.01,changed,20260918T112310Z-8f8e01d8ec46,20260929T204833Z-5e0600df3416,2026-09-18T11:23:10+00:00,2026-09-29T20:48:33+00:00
0000002307,王政順,中信兄弟,打者,pa,161.0,178.0,17.0,17.0,changed,20260918T112310Z-8f8e01d8ec46,20260929T204833Z-5e0600df3416,2026-09-18T11:23:10+00:00,2026-09-29T20:48:33+00:00
0000002307,王政順,中信兄弟,打者,player_value_score,25.7,26.5,0.8,0.8,changed,20260918T112310Z-8f8e01d8ec46,20260929T204833Z-5e0600df3416,2026-09-18T11:23:10+00:00,2026-09-29T20:48:33+00:00
0000002307,王政順,中信兄弟,打者,slg,0.254,0.261,0.007,0.007,changed,20260918T112310Z-8f8e01d8ec46,20260929T204833Z-5e0600df3416,2026-09-18T11:23:10+00:00,2026-09-29T20:48:33+00:00
0000007621,蔡琞傑,中信兄弟,打者,batting_average,0.0,0.0,0.0,0.0,unchanged,20260918T112310Z-8f8e01d8ec46,20260929T204833Z-5e0600df3416,2026-09-18T11:23:10+00:00,2026-09-29T20:48:33+00:00
0000007621,蔡琞傑,中信兄弟,打者,home_runs,0.0,0.0,0.0,0.0,unchanged,20260918T112310Z-8f8e01d8ec46,20260929T204833Z-5e0600df3416,2026-09-18T11:23:10+00:00,2026-09-29T20:48:33+00:00
0000007621,蔡琞傑,中信兄弟,打者,obp,0.0,0.0,0.0,0.0,unchanged,20260918T112310Z-8f8e01d8ec46,20260929T204833Z-5e0600df3416,2026-09-18T11:23:10+00:00,2026-09-29T20:48:33+00:00
0000007621,蔡琞傑,中信兄弟,打者,ops,0.0,0.0,0.0,0.0,unchanged,20260918T112310Z-8f8e01d8ec46,20260929T204833Z-5e0600df3416,2026-09-18T11:23:10+00:00,2026-09-29T20:48:33+00:00
0000007621,蔡琞傑,中信兄弟,打者,pa,1.0,2.0,1.0,1.0,changed,20260918T112310Z-8f8e01d8ec46,20260929T204833Z-5e0600df3416,2026-09-18T11:23:10+00:00,2026-09-29T20:48:33+00:00
0000007621,蔡琞傑,中信兄弟,打者,player_value_score,0.0,0.0,0.0,0.0,unchanged,20260918T112310Z-8f8e01d8ec46,20260929T204833Z-5e0600df3416,2026-09-18T11:23:10+00:00,2026-09-29T20:48:33+00:00
0000007621,蔡琞傑,中信兄弟,打者,slg,0.0,0.0,0.0,0.0,unchanged,20260918T112310Z-8f8e01d8ec46,20260929T204833Z-5e0600df3416,2026-09-18T11:23:10+00:00,2026-09-29T20:48:33+00:00
0000001119,許基宏,中信兄弟,打者,batting_average,0.185,0.185,0.0,0.0,unchanged,20260918T112310Z-8f8e01d8ec46,20260929T204833Z-5e0600df3416,2026-09-18T11:23:10+00:00,2026-09-29T20:48:33+00:00
0000001119,許基宏,中信兄弟,打者,home_runs,0.0,0.0,0.0,0.0,unchanged,20260918T112310Z-8f8e01d8ec46,20260929T204833Z-5e0600df3416,2026-09-18T11:23:10+00:00,2026-09-29T20:48:33+00:00
0000001119,許基宏,中信兄弟,打者,obp,0.326,0.326,0.0,0.0,unchanged,20260918T112310Z-8f8e01d8ec46,20260929T204833Z-5e0600df3416,2026-09-18T11:23:10+00:00,2026-09-29T20:48:33+00:00
0000001119,許基宏,中信兄弟,打者,ops,0.576,0.576,0.0,0.0,unchanged,20260918T112310Z-8f8e01d8ec46,20260929T204833Z-5e0600df3416,2026-09-18T11:23:10+00:00,2026-09-29T20:48:33+00:00
0000001119,許基宏,中信兄弟,打者,pa,132.0,132.0,0.0,0.0,unchanged,20260918T112310Z-8f8e01d8ec46,20260929T204833Z-5e0600df3416,2026-09-18T11:23:10+00:00,2026-09-29T20:48:33+00:00
0000001119,許基宏,中信兄弟,打者,player_value_score,29.0,29.1,0.1,0.1,changed,20260918T112310Z-8f8e01d8ec46,20260929T204833Z-5e0600df3416,2026-09-18T11:23:10+00:00,2026-09-29T20:48:33+00:00
0000001119,許基宏,中信兄弟,打者,slg,0.25,0.25,0.0,0.0,unchanged,20260918T112310Z-8f8e01d8ec46,20260929T204833Z-5e0600df3416,2026-09-18T11:23:10+00:00,2026-09-29T20:48:33+00:00
0000007278,許庭綸,中信兄弟,打者,batting_average,0.186,0.18,-0.006,-0.006,changed,20260918T112310Z-8f8e01d8ec46,20260929T204833Z-5e0600df3416,2026-09-18T11:23:10+00:00,2026-09-29T20:48:33+00:00
0000007278,許庭綸,中信兄弟,打者,home_runs,1.0,1.0,0.0,0.0,unchanged,20260918T112310Z-8f8e01d8ec46,20260929T204833Z-5e0600df3416,2026-09-18T11:23:10+00:00,2026-09-29T20:48:33+00:00
0000007278,許庭綸,中信兄弟,打者,obp,0.283,0.288,0.005,0.005,changed,20260918T112310Z-8f8e01d8ec46,20260929T204833Z-5e0600df3416,2026-09-18T11:23:10+00:00,2026-09-29T20:48:33+00:00
0000007278,許庭綸,中信兄弟,打者,ops,0.574,0.569,-0.005,-0.005,changed,20260918T112310Z-8f8e01d8ec46,20260929T204833Z-5e0600df3416,2026-09-18T11:23:10+00:00,2026-09-29T20:48:33+00:00
0000007278,許庭綸,中信兄弟,打者,pa,99.0,104.0,5.0,5.0,changed,20260918T112310Z-8f8e01d8ec46,20260929T204833Z-5e0600df3416,2026-09-18T11:23:10+00:00,2026-09-29T20:48:33+00:00
0000007278,許庭綸,中信兄弟,打者,player_value_score,30.5,30.4,-0.1,-0.1,changed,20260918T112310Z-8f8e01d8ec46,20260929T204833Z-5e0600df3416,2026-09-18T11:23:10+00:00,2026-09-29T20:48:33+00:00
0000007278,許庭綸,中信兄弟,打者,slg,0.291,0.281,-0.01,-0.01,changed,20260918T112310Z-8f8e01d8ec46,20260929T204833Z-5e0600df3416,2026-09-18T11:23:10+00:00,2026-09-29T20:48:33+00:00
0000002297,詹子賢,中信兄弟,打者,batting_average,0.254,0.252,-0.002,-0.002,changed,20260918T112310Z-8f8e01d8ec46,20260929T204833Z-5e0600df3416,2026-09-18T11:23:10+00:00,2026-09-29T20:48:33+00:00
0000002297,詹子賢,中信兄弟,打者,home_runs,2.0,2.0,0.0,0.0,unchanged,20260918T112310Z-8f8e01d8ec46,20260929T204833Z-5e0600df3416,2026-09-18T11:23:10+00:00,2026-09-29T20:48:33+00:00
0000002297,詹子賢,中信兄弟,打者,obp,0.322,0.324,0.002,0.002,changed,20260918T112310Z-8f8e01d8ec46,20260929T204833Z-5e0600df3416,2026-09-18T11:23:10+00:00,2026-09-29T20:48:33+00:00
0000002297,詹子賢,中信兄弟,打者,ops,0.655,0.656,0.001,0.001,changed,20260918T112310Z-8f8e01d8ec46,20260929T204833Z-5e0600df3416,2026-09-18T11:23:10+00:00,2026-09-29T20:48:33+00:00
0000002297,詹子賢,中信兄弟,打者,pa,236.0,238.0,2.0,2.0,changed,20260918T112310Z-8f8e01d8ec46,20260929T204833Z-5e0600df3416,2026-09-18T11:23:10+00:00,2026-09-29T20:48:33+00:00
0000002297,詹子賢,中信兄弟,打者,player_value_score,32.1,32.4,0.3,0.3,changed,20260918T112310Z-8f8e01d8ec46,20260929T204833Z-5e0600df3416,2026-09-18T11:23:10+00:00,2026-09-29T20:48:33+00:00
0000002297,詹子賢,中信兄弟,打者,slg,0.333,0.332,-0.001,-0.001,changed,20260918T112310Z-8f8e01d8ec46,20260929T204833Z-5e0600df3416,2026-09-18T11:23:10+00:00,2026-09-29T20:48:33+00:00
0000007282,陳九登,中信兄弟,打者,batting_average,0.313,0.313,0.0,0.0,unchanged,20260918T112310Z-8f8e01d8ec46,20260929T204833Z-5e0600df3416,2026-09-18T11:23:10+00:00,2026-09-29T20:48:33+00:00
0000007282,陳九登,中信兄弟,打者,home_runs,0.0,0.0,0.0,0.0,unchanged,20260918T112310Z-8f8e01d8ec46,20260929T204833Z-5e0600df3416,2026-09-18T11:23:10+00:00,2026-09-29T20:48:33+00:00
0000007282,陳九登,中信兄弟,打者,obp,0.421,0.421,0.0,0.0,unchanged,20260918T112310Z-8f8e01d8ec46,20260929T204833Z-5e0600df3416,2026-09-18T11:23:10+00:00,2026-09-29T20:48:33+00:00
0000007282,陳九登,中信兄弟,打者,ops,0.796,0.796,0.0,0.0,unchanged,20260918T112310Z-8f8e01d8ec46,20260929T204833Z-5e0600df3416,2026-09-18T11:23:10+00:00,2026-09-29T20:48:33+00:00
0000007282,陳九登,中信兄弟,打者,pa,19.0,19.0,0.0,0.0,unchanged,20260918T112310Z-8f8e01d8ec46,20260929T204833Z-5e0600df3416,2026-09-18T11:23:10+00:00,2026-09-29T20:48:33+00:00
0000007282,陳九登,中信兄弟,打者,player_value_score,36.5,36.6,0.1,0.1,changed,20260918T112310Z-8f8e01d8ec46,20260929T204833Z-5e0600df3416,2026-09-18T11:23:10+00:00,2026-09-29T20:48:33+00:00
0000007282,陳九登,中信兄弟,打者,slg,0.375,0.375,0.0,0.0,unchanged,20260918T112310Z-8f8e01d8ec46,20260929T204833Z-5e0600df3416,2026-09-18T11:23:10+00:00,2026-09-29T20:48:33+00:00
0000003609,陳俊秀,中信兄弟,打者,batting_average,0.25,0.255,0.005,0.005,changed,20260918T112310Z-8f8e01d8ec46,20260929T204833Z-5e0600df3416,2026-09-18T11:23:10+00:00,2026-09-29T20:48:33+00:00
0000003609,陳俊秀,中信兄弟,打者,home_runs,4.0,4.0,0.0,0.0,unchanged,20260918T112310Z-8f8e01d8ec46,20260929T204833Z-5e0600df3416,2026-09-18T11:23:10+00:00,2026-09-29T20:48:33+00:00
0000003609,陳俊秀,中信兄弟,打者,obp,0.354,0.354,0.0,0.0,unchanged,20260918T112310Z-8f8e01d8ec46,20260929T204833Z-5e0600df3416,2026-09-18T11:23:10+00:00,2026-09-29T20:48:33+00:00
0000003609,陳俊秀,中信兄弟,打者,ops,0.699,0.701,0.002,0.002,changed,20260918T112310Z-8f8e01d8ec46,20260929T204833Z-5e0600df3416,2026-09-18T11:23:10+00:00,2026-09-29T20:48:33+00:00
0000003609,陳俊秀,中信兄弟,打者,pa,237.0,254.0,17.0,17.0,changed,20260918T112310Z-8f8e01d8ec46,20260929T204833Z-5e0600df3416,2026-09-18T11:23:10+00:00,2026-09-29T20:48:33+00:00
0000003609,陳俊秀,中信兄弟,打者,player_value_score,35.9,35.8,-0.1,-0.1,changed,20260918T112310Z-8f8e01d8ec46,20260929T204833Z-5e0600df3416,2026-09-18T11:23:10+00:00,2026-09-29T20:48:33+00:00
0000003609,陳俊秀,中信兄弟,打者,slg,0.345,0.347,0.002,0.002,changed,20260918T112310Z-8f8e01d8ec46,20260929T204833Z-5e0600df3416,2026-09-18T11:23:10+00:00,2026-09-29T20:48:33+00:00
0000000771,陳琥,中信兄弟,打者,batting_average,0.0,0.0,0.0,0.0,unchanged,20260918T112310Z-8f8e01d8ec46,20260929T204833Z-5e0600df3416,2026-09-18T11:23:10+00:00,2026-09-29T20:48:33+00:00
0000000771,陳琥,中信兄弟,打者,home_runs,0.0,0.0,0.0,0.0,unchanged,20260918T112310Z-8f8e01d8ec46,20260929T204833Z-5e0600df3416,2026-09-18T11:23:10+00:00,2026-09-29T20:48:33+00:00
0000000771,陳琥,中信兄弟,打者,obp,0.0,0.0,0.0,0.0,unchanged,20260918T112310Z-8f8e01d8ec46,20260929T204833Z-5e0600df3416,2026-09-18T11:23:10+00:00,2026-09-29T20:48:33+00:00
0000000771,陳琥,中信兄弟,打者,ops,0.0,0.0,0.0,0.0,unchanged,20260918T112310Z-8f8e01d8ec46,20260929T204833Z-5e0600df3416,2026-09-18T11:23:10+00:00,2026-09-29T20:48:33+00:00
0000000771,陳琥,中信兄弟,打者,pa,1.0,1.0,0.0,0.0,unchanged,20260918T112310Z-8f8e01d8ec46,20260929T204833Z-5e0600df3416,2026-09-18T11:23:10+00:00,2026-09-29T20:48:33+00:00
0000000771,陳琥,中信兄弟,打者,player_value_score,5.2,5.2,0.0,0.0,unchanged,20260918T112310Z-8f8e01d8ec46,20260929T204833Z-5e0600df3416,2026-09-18T11:23:10+00:00,2026-09-29T20:48:33+00:00
0000000771,陳琥,中信兄弟,打者,slg,0.0,0.0,0.0,0.0,unchanged,20260918T112310Z-8f8e01d8ec46,20260929T204833Z-5e0600df3416,2026-09-18T11:23:10+00:00,2026-09-29T20:48:33+00:00
0000006732,陳統恩,中信兄弟,打者,batting_average,0.148,0.148,0.0,0.0,unchanged,20260918T112310Z-8f8e01d8ec46,20260929T204833Z-5e0600df3416,2026-09-18T11:23:10+00:00,2026-09-29T20:48:33+00:00
0000006732,陳統恩,中信兄弟,打者,home_runs,0.0,0.0,0.0,0.0,unchanged,20260918T112310Z-8f8e01d8ec46,20260929T204833Z-5e0600df3416,2026-09-18T11:23:10+00:00,2026-09-29T20:48:33+00:00
0000006732,陳統恩,中信兄弟,打者,obp,0.281,0.281,0.0,0.0,unchanged,20260918T112310Z-8f8e01d8ec46,20260929T204833Z-5e0600df3416,2026-09-18T11:23:10+00:00,2026-09-29T20:48:33+00:00
0000006732,陳統恩,中信兄弟,打者,ops,0.429,0.429,0.0,0.0,unchanged,20260918T112310Z-8f8e01d8ec46,20260929T204833Z-5e0600df3416,2026-09-18T11:23:10+00:00,2026-09-29T20:48:33+00:00
0000006732,陳統恩,中信兄弟,打者,pa,32.0,32.0,0.0,0.0,unchanged,20260918T112310Z-8f8e01d8ec46,20260929T204833Z-5e0600df3416,2026-09-18T11:23:10+00:00,2026-09-29T20:48:33+00:00
0000006732,陳統恩,中信兄弟,打者,player_value_score,22.0,22.5,0.5,0.5,changed,20260918T112310Z-8f8e01d8ec46,20260929T204833Z-5e0600df3416,2026-09-18T11:23:10+00:00,2026-09-29T20:48:33+00:00
0000006732,陳統恩,中信兄弟,打者,slg,0.148,0.148,0.0,0.0,unchanged,20260918T112310Z-8f8e01d8ec46,20260929T204833Z-5e0600df3416,2026-09-18T11:23:10+00:00,2026-09-29T20:48:33+00:00
0000002285,高宇杰,中信兄弟,打者,batting_average,0.304,0.295,-0.009,-0.009,changed,20260918T112310Z-8f8e01d8ec46,20260929T204833Z-5e0600df3416,2026-09-18T11:23:10+00:00,2026-09-29T20:48:33+00:00
0000002285,高宇杰,中信兄弟,打者,home_runs,2.0,2.0,0.0,0.0,unchanged,20260918T112310Z-8f8e01d8ec46,20260929T204833Z-5e0600df3416,2026-09-18T11:23:10+00:00,2026-09-29T20:48:33+00:00
0000002285,高宇杰,中信兄弟,打者,obp,0.349,0.335,-0.014,-0.014,changed,20260918T112310Z-8f8e01d8ec46,20260929T204833Z-5e0600df3416,2026-09-18T11:23:10+00:00,2026-09-29T20:48:33+00:00
0000002285,高宇杰,中信兄弟,打者,ops,0.708,0.684,-0.024,-0.024,changed,20260918T112310Z-8f8e01d8ec46,20260929T204833Z-5e0600df3416,2026-09-18T11:23:10+00:00,2026-09-29T20:48:33+00:00
0000002285,高宇杰,中信兄弟,打者,pa,302.0,332.0,30.0,30.0,changed,20260918T112310Z-8f8e01d8ec46,20260929T204833Z-5e0600df3416,2026-09-18T11:23:10+00:00,2026-09-29T20:48:33+00:00
0000002285,高宇杰,中信兄弟,打者,player_value_score,32.3,31.4,-0.9,-0.9,changed,20260918T112310Z-8f8e01d8ec46,20260929T204833Z-5e0600df3416,2026-09-18T11:23:10+00:00,2026-09-29T20:48:33+00:00
0000002285,高宇杰,中信兄弟,打者,slg,0.359,0.349,-0.01,-0.01,changed,20260918T112310Z-8f8e01d8ec46,20260929T204833Z-5e0600df3416,2026-09-18T11:23:10+00:00,2026-09-29T20:48:33+00:00
0000005298,黃韋盛,中信兄弟,打者,batting_average,0.262,0.262,0.0,0.0,unchanged,20260918T112310Z-8f8e01d8ec46,20260929T204833Z-5e0600df3416,2026-09-18T11:23:10+00:00,2026-09-29T20:48:33+00:00
0000005298,黃韋盛,中信兄弟,打者,home_runs,2.0,2.0,0.0,0.0,unchanged,20260918T112310Z-8f8e01d8ec46,20260929T204833Z-5e0600df3416,2026-09-18T11:23:10+00:00,2026-09-29T20:48:33+00:00
0000005298,黃韋盛,中信兄弟,打者,obp,0.317,0.317,0.0,0.0,unchanged,20260918T112310Z-8f8e01d8ec46,20260929T204833Z-5e0600df3416,2026-09-18T11:23:10+00:00,2026-09-29T20:48:33+00:00
0000005298,黃韋盛,中信兄弟,打者,ops,0.661,0.661,0.0,0.0,unchanged,20260918T112310Z-8f8e01d8ec46,20260929T204833Z-5e0600df3416,2026-09-18T11:23:10+00:00,2026-09-29T20:48:33+00:00
0000005298,黃韋盛,中信兄弟,打者,pa,269.0,269.0,0.0,0.0,unchanged,20260918T112310Z-8f8e01d8ec46,20260929T204833Z-5e0600df3416,2026-09-18T11:23:10+00:00,2026-09-29T20:48:33+00:00
0000005298,黃韋盛,中信兄弟,打者,player_value_score,32.1,32.1,0.0,0.0,unchanged,20260918T112310Z-8f8e01d8ec46,20260929T204833Z-5e0600df3416,2026-09-18T11:23:10+00:00,2026-09-29T20:48:33+00:00
0000005298,黃韋盛,中信兄弟,打者,slg,0.344,0.344,0.0,0.0,unchanged,20260918T112310Z-8f8e01d8ec46,20260929T204833Z-5e0600df3416,2026-09-18T11:23:10+00:00,2026-09-29T20:48:33+00:00
0000001258,劉時豪,台鋼雄鷹,打者,batting_average,0.233,0.233,0.0,0.0,unchanged,20260918T112310Z-8f8e01d8ec46,20260929T204833Z-5e0600df3416,2026-09-18T11:23:10+00:00,2026-09-29T20:48:33+00:00
0000001258,劉時豪,台鋼雄鷹,打者,home_runs,2.0,2.0,0.0,0.0,unchanged,20260918T112310Z-8f8e01d8ec46,20260929T204833Z-5e0600df3416,2026-09-18T11:23:10+00:00,2026-09-29T20:48:33+00:00
0000001258,劉時豪,台鋼雄鷹,打者,obp,0.347,0.347,0.0,0.0,unchanged,20260918T112310Z-8f8e01d8ec46,20260929T204833Z-5e0600df3416,2026-09-18T11:23:10+00:00,2026-09-29T20:48:33+00:00
0000001258,劉時豪,台鋼雄鷹,打者,ops,0.638,0.638,0.0,0.0,unchanged,20260918T112310Z-8f8e01d8ec46,20260929T204833Z-5e0600df3416,2026-09-18T11:23:10+00:00,2026-09-29T20:48:33+00:00
0000001258,劉時豪,台鋼雄鷹,打者,pa,205.0,205.0,0.0,0.0,unchanged,20260918T112310Z-8f8e01d8ec46,20260929T204833Z-5e0600df3416,2026-09-18T11:23:10+00:00,2026-09-29T20:48:33+00:00
0000001258,劉時豪,台鋼雄鷹,打者,player_value_score,31.7,32.1,0.4,0.4,changed,20260918T112310Z-8f8e01d8ec46,20260929T204833Z-5e0600df3416,2026-09-18T11:23:10+00:00,2026-09-29T20:48:33+00:00
0000001258,劉時豪,台鋼雄鷹,打者,slg,0.291,0.291,0.0,0.0,unchanged,20260918T112310Z-8f8e01d8ec46,20260929T204833Z-5e0600df3416,2026-09-18T11:23:10+00:00,2026-09-29T20:48:33+00:00
0000003649,吳念庭,台鋼雄鷹,打者,batting_average,0.267,0.258,-0.009,-0.009,changed,20260918T112310Z-8f8e01d8ec46,20260929T204833Z-5e0600df3416,2026-09-18T11:23:10+00:00,2026-09-29T20:48:33+00:00
0000003649,吳念庭,台鋼雄鷹,打者,home_runs,0.0,0.0,0.0,0.0,unchanged,20260918T112310Z-8f8e01d8ec46,20260929T204833Z-5e0600df3416,2026-09-18T11:23:10+00:00,2026-09-29T20:48:33+00:00
0000003649,吳念庭,台鋼雄鷹,打者,obp,0.359,0.348,-0.011,-0.011,changed,20260918T112310Z-8f8e01d8ec46,20260929T204833Z-5e0600df3416,2026-09-18T11:23:10+00:00,2026-09-29T20:48:33+00:00
0000003649,吳念庭,台鋼雄鷹,打者,ops,0.677,0.655,-0.022,-0.022,changed,20260918T112310Z-8f8e01d8ec46,20260929T204833Z-5e0600df3416,2026-09-18T11:23:10+00:00,2026-09-29T20:48:33+00:00
0000003649,吳念庭,台鋼雄鷹,打者,pa,394.0,406.0,12.0,12.0,changed,20260918T112310Z-8f8e01d8ec46,20260929T204833Z-5e0600df3416,2026-09-18T11:23:10+00:00,2026-09-29T20:48:33+00:00
0000003649,吳念庭,台鋼雄鷹,打者,player_value_score,32.8,32.2,-0.6,-0.6,changed,20260918T112310Z-8f8e01d8ec46,20260929T204833Z-5e0600df3416,2026-09-18T11:23:10+00:00,2026-09-29T20:48:33+00:00
0000003649,吳念庭,台鋼雄鷹,打者,slg,0.318,0.307,-0.011,-0.011,changed,20260918T112310Z-8f8e01d8ec46,20260929T204833Z-5e0600df3416,2026-09-18T11:23:10+00:00,2026-09-29T20:48:33+00:00
0000002304,吳明鴻,台鋼雄鷹,打者,batting_average,0.154,0.154,0.0,0.0,unchanged,20260918T112310Z-8f8e01d8ec46,20260929T204833Z-5e0600df3416,2026-09-18T11:23:10+00:00,2026-09-29T20:48:33+00:00
0000002304,吳明鴻,台鋼雄鷹,打者,home_runs,0.0,0.0,0.0,0.0,unchanged,20260918T112310Z-8f8e01d8ec46,20260929T204833Z-5e0600df3416,2026-09-18T11:23:10+00:00,2026-09-29T20:48:33+00:00
0000002304,吳明鴻,台鋼雄鷹,打者,obp,0.154,0.154,0.0,0.0,unchanged,20260918T112310Z-8f8e01d8ec46,20260929T204833Z-5e0600df3416,2026-09-18T11:23:10+00:00,2026-09-29T20:48:33+00:00
0000002304,吳明鴻,台鋼雄鷹,打者,ops,0.308,0.308,0.0,0.0,unchanged,20260918T112310Z-8f8e01d8ec46,20260929T204833Z-5e0600df3416,2026-09-18T11:23:10+00:00,2026-09-29T20:48:33+00:00
0000002304,吳明鴻,台鋼雄鷹,打者,pa,14.0,14.0,0.0,0.0,unchanged,20260918T112310Z-8f8e01d8ec46,20260929T204833Z-5e0600df3416,2026-09-18T11:23:10+00:00,2026-09-29T20:48:33+00:00
0000002304,吳明鴻,台鋼雄鷹,打者,player_value_score,14.1,14.1,0.0,0.0,unchanged,20260918T112310Z-8f8e01d8ec46,20260929T204833Z-5e0600df3416,2026-09-18T11:23:10+00:00,2026-09-29T20:48:33+00:00
0000002304,吳明鴻,台鋼雄鷹,打者,slg,0.154,0.154,0.0,0.0,unchanged,20260918T112310Z-8f8e01d8ec46,20260929T204833Z-5e0600df3416,2026-09-18T11:23:10+00:00,2026-09-29T20:48:33+00:00
0000006938,吳柏萱,台鋼雄鷹,打者,batting_average,0.214,0.227,0.013,0.013,changed,20260918T112310Z-8f8e01d8ec46,20260929T204833Z-5e0600df3416,2026-09-18T11:23:10+00:00,2026-09-29T20:48:33+00:00
0000006938,吳柏萱,台鋼雄鷹,打者,home_runs,0.0,0.0,0.0,0.0,unchanged,20260918T112310Z-8f8e01d8ec46,20260929T204833Z-5e0600df3416,2026-09-18T11:23:10+00:00,2026-09-29T20:48:33+00:00
0000006938,吳柏萱,台鋼雄鷹,打者,obp,0.214,0.261,0.047,0.047,changed,20260918T112310Z-8f8e01d8ec46,20260929T204833Z-5e0600df3416,2026-09-18T11:23:10+00:00,2026-09-29T20:48:33+00:00
0000006938,吳柏萱,台鋼雄鷹,打者,ops,0.428,0.488,0.06,0.06,changed,20260918T112310Z-8f8e01d8ec46,20260929T204833Z-5e0600df3416,2026-09-18T11:23:10+00:00,2026-09-29T20:48:33+00:00
0000006938,吳柏萱,台鋼雄鷹,打者,pa,14.0,23.0,9.0,9.0,changed,20260918T112310Z-8f8e01d8ec46,20260929T204833Z-5e0600df3416,2026-09-18T11:23:10+00:00,2026-09-29T20:48:33+00:00
0000006938,吳柏萱,台鋼雄鷹,打者,player_value_score,17.7,20.3,2.6,2.6,changed,20260918T112310Z-8f8e01d8ec46,20260929T204833Z-5e0600df3416,2026-09-18T11:23:10+00:00,2026-09-29T20:48:33+00:00
0000006938,吳柏萱,台鋼雄鷹,打者,slg,0.214,0.227,0.013,0.013,changed,20260918T112310Z-8f8e01d8ec46,20260929T204833Z-5e0600df3416,2026-09-18T11:23:10+00:00,2026-09-29T20:48:33+00:00
0000007302,宋柏翰,台鋼雄鷹,打者,batting_average,0.237,0.234,-0.003,-0.003,changed,20260918T112310Z-8f8e01d8ec46,20260929T204833Z-5e0600df3416,2026-09-18T11:23:10+00:00,2026-09-29T20:48:33+00:00
0000007302,宋柏翰,台鋼雄鷹,打者,home_runs,2.0,2.0,0.0,0.0,unchanged,20260918T112310Z-8f8e01d8ec46,20260929T204833Z-5e0600df3416,2026-09-18T11:23:10+00:00,2026-09-29T20:48:33+00:00
0000007302,宋柏翰,台鋼雄鷹,打者,obp,0.325,0.331,0.006,0.006,changed,20260918T112310Z-8f8e01d8ec46,20260929T204833Z-5e0600df3416,2026-09-18T11:23:10+00:00,2026-09-29T20:48:33+00:00
0000007302,宋柏翰,台鋼雄鷹,打者,ops,0.686,0.677,-0.009,-0.009,changed,20260918T112310Z-8f8e01d8ec46,20260929T204833Z-5e0600df3416,2026-09-18T11:23:10+00:00,2026-09-29T20:48:33+00:00
0000007302,宋柏翰,台鋼雄鷹,打者,pa,119.0,132.0,13.0,13.0,changed,20260918T112310Z-8f8e01d8ec46,20260929T204833Z-5e0600df3416,2026-09-18T11:23:10+00:00,2026-09-29T20:48:33+00:00
0000007302,宋柏翰,台鋼雄鷹,打者,player_value_score,36.6,36.0,-0.6,-0.6,changed,20260918T112310Z-8f8e01d8ec46,20260929T204833Z-5e0600df3416,2026-09-18T11:23:10+00:00,2026-09-29T20:48:33+00:00
0000007302,宋柏翰,台鋼雄鷹,打者,slg,0.361,0.346,-0.015,-0.015,changed,20260918T112310Z-8f8e01d8ec46,20260929T204833Z-5e0600df3416,2026-09-18T11:23:10+00:00,2026-09-29T20:48:33+00:00
0000006927,曾子祐,台鋼雄鷹,打者,batting_average,0.286,0.284,-0.002,-0.002,changed,20260918T112310Z-8f8e01d8ec46,20260929T204833Z-5e0600df3416,2026-09-18T11:23:10+00:00,2026-09-29T20:48:33+00:00
0000006927,曾子祐,台鋼雄鷹,打者,home_runs,2.0,2.0,0.0,0.0,unchanged,20260918T112310Z-8f8e01d8ec46,20260929T204833Z-5e0600df3416,2026-09-18T11:23:10+00:00,2026-09-29T20:48:33+00:00
0000006927,曾子祐,台鋼雄鷹,打者,obp,0.356,0.352,-0.004,-0.004,changed,20260918T112310Z-8f8e01d8ec46,20260929T204833Z-5e0600df3416,2026-09-18T11:23:10+00:00,2026-09-29T20:48:33+00:00
0000006927,曾子祐,台鋼雄鷹,打者,ops,0.714,0.707,-0.007,-0.007,changed,20260918T112310Z-8f8e01d8ec46,20260929T204833Z-5e0600df3416,2026-09-18T11:23:10+00:00,2026-09-29T20:48:33+00:00
0000006927,曾子祐,台鋼雄鷹,打者,pa,445.0,482.0,37.0,37.0,changed,20260918T112310Z-8f8e01d8ec46,20260929T204833Z-5e0600df3416,2026-09-18T11:23:10+00:00,2026-09-29T20:48:33+00:00
0000006927,曾子祐,台鋼雄鷹,打者,player_value_score,34.4,34.1,-0.3,-0.3,changed,20260918T112310Z-8f8e01d8ec46,20260929T204833Z-5e0600df3416,2026-09-18T11:23:10+00:00,2026-09-29T20:48:33+00:00
0000006927,曾子祐,台鋼雄鷹,打者,slg,0.358,0.355,-0.003,-0.003,changed,20260918T112310Z-8f8e01d8ec46,20260929T204833Z-5e0600df3416,2026-09-18T11:23:10+00:00,2026-09-29T20:48:33+00:00
0000007301,曾昱磬,台鋼雄鷹,打者,batting_average,0.179,0.179,0.0,0.0,unchanged,20260918T112310Z-8f8e01d8ec46,20260929T204833Z-5e0600df3416,2026-09-18T11:23:10+00:00,2026-09-29T20:48:33+00:00
0000007301,曾昱磬,台鋼雄鷹,打者,home_runs,1.0,1.0,0.0,0.0,unchanged,20260918T112310Z-8f8e01d8ec46,20260929T204833Z-5e0600df3416,2026-09-18T11:23:10+00:00,2026-09-29T20:48:33+00:00
0000007301,曾昱磬,台鋼雄鷹,打者,obp,0.373,0.373,0.0,0.0,unchanged,20260918T112310Z-8f8e01d8ec46,20260929T204833Z-5e0600df3416,2026-09-18T11:23:10+00:00,2026-09-29T20:48:33+00:00
0000007301,曾昱磬,台鋼雄鷹,打者,ops,0.582,0.582,0.0,0.0,unchanged,20260918T112310Z-8f8e01d8ec46,20260929T204833Z-5e0600df3416,2026-09-18T11:23:10+00:00,2026-09-29T20:48:33+00:00
0000007301,曾昱磬,台鋼雄鷹,打者,pa,180.0,180.0,0.0,0.0,unchanged,20260918T112310Z-8f8e01d8ec46,20260929T204833Z-5e0600df3416,2026-09-18T11:23:10+00:00,2026-09-29T20:48:33+00:00
0000007301,曾昱磬,台鋼雄鷹,打者,player_value_score,30.3,30.9,0.6,0.6,changed,20260918T112310Z-8f8e01d8ec46,20260929T204833Z-5e0600df3416,2026-09-18T11:23:10+00:00,2026-09-29T20:48:33+00:00
0000007301,曾昱磬,台鋼雄鷹,打者,slg,0.209,0.209,0.0,0.0,unchanged,20260918T112310Z-8f8e01d8ec46,20260929T204833Z-5e0600df3416,2026-09-18T11:23:10+00:00,2026-09-29T20:48:33+00:00
0000007631,朱盟,台鋼雄鷹,打者,batting_average,0.148,0.148,0.0,0.0,unchanged,20260918T112310Z-8f8e01d8ec46,20260929T204833Z-5e0600df3416,2026-09-18T11:23:10+00:00,2026-09-29T20:48:33+00:00
0000007631,朱盟,台鋼雄鷹,打者,home_runs,0.0,0.0,0.0,0.0,unchanged,20260918T112310Z-8f8e01d8ec46,20260929T204833Z-5e0600df3416,2026-09-18T11:23:10+00:00,2026-09-29T20:48:33+00:00
0000007631,朱盟,台鋼雄鷹,打者,obp,0.148,0.148,0.0,0.0,unchanged,20260918T112310Z-8f8e01d8ec46,20260929T204833Z-5e0600df3416,2026-09-18T11:23:10+00:00,2026-09-29T20:48:33+00:00
0000007631,朱盟,台鋼雄鷹,打者,ops,0.333,0.333,0.0,0.0,unchanged,20260918T112310Z-8f8e01d8ec46,20260929T204833Z-5e0600df3416,2026-09-18T11:23:10+00:00,2026-09-29T20:48:33+00:00
0000007631,朱盟,台鋼雄鷹,打者,pa,28.0,28.0,0.0,0.0,unchanged,20260918T112310Z-8f8e01d8ec46,20260929T204833Z-5e0600df3416,2026-09-18T11:23:10+00:00,2026-09-29T20:48:33+00:00
0000007631,朱盟,台鋼雄鷹,打者,player_value_score,16.4,16.3,-0.1,-0.1,changed,20260918T112310Z-8f8e01d8ec46,20260929T204833Z-5e0600df3416,2026-09-18T11:23:10+00:00,2026-09-29T20:48:33+00:00
0000007631,朱盟,台鋼雄鷹,打者,slg,0.185,0.185,0.0,0.0,unchanged,20260918T112310Z-8f8e01d8ec46,20260929T204833Z-5e0600df3416,2026-09-18T11:23:10+00:00,2026-09-29T20:48:33+00:00
0000000753,杜家明,台鋼雄鷹,打者,batting_average,0.059,0.059,0.0,0.0,unchanged,20260918T112310Z-8f8e01d8ec46,20260929T204833Z-5e0600df3416,2026-09-18T11:23:10+00:00,2026-09-29T20:48:33+00:00
0000000753,杜家明,台鋼雄鷹,打者,home_runs,0.0,0.0,0.0,0.0,unchanged,20260918T112310Z-8f8e01d8ec46,20260929T204833Z-5e0600df3416,2026-09-18T11:23:10+00:00,2026-09-29T20:48:33+00:00
0000000753,杜家明,台鋼雄鷹,打者,obp,0.2,0.2,0.0,0.0,unchanged,20260918T112310Z-8f8e01d8ec46,20260929T204833Z-5e0600df3416,2026-09-18T11:23:10+00:00,2026-09-29T20:48:33+00:00
0000000753,杜家明,台鋼雄鷹,打者,ops,0.259,0.259,0.0,0.0,unchanged,20260918T112310Z-8f8e01d8ec46,20260929T204833Z-5e0600df3416,2026-09-18T11:23:10+00:00,2026-09-29T20:48:33+00:00
0000000753,杜家明,台鋼雄鷹,打者,pa,20.0,20.0,0.0,0.0,unchanged,20260918T112310Z-8f8e01d8ec46,20260929T204833Z-5e0600df3416,2026-09-18T11:23:10+00:00,2026-09-29T20:48:33+00:00
0000000753,杜家明,台鋼雄鷹,打者,player_value_score,17.5,18.0,0.5,0.5,changed,20260918T112310Z-8f8e01d8ec46,20260929T204833Z-5e0600df3416,2026-09-18T11:23:10+00:00,2026-09-29T20:48:33+00:00
0000000753,杜家明,台鋼雄鷹,打者,slg,0.059,0.059,0.0,0.0,unchanged,20260918T112310Z-8f8e01d8ec46,20260929T204833Z-5e0600df3416,2026-09-18T11:23:10+00:00,2026-09-29T20:48:33+00:00
0000006928,林家鋐,台鋼雄鷹,打者,batting_average,0.212,0.212,0.0,0.0,unchanged,20260918T112310Z-8f8e01d8ec46,20260929T204833Z-5e0600df3416,2026-09-18T11:23:10+00:00,2026-09-29T20:48:33+00:00
0000006928,林家鋐,台鋼雄鷹,打者,home_runs,0.0,0.0,0.0,0.0,unchanged,20260918T112310Z-8f8e01d8ec46,20260929T204833Z-5e0600df3416,2026-09-18T11:23:10+00:00,2026-09-29T20:48:33+00:00
0000006928,林家鋐,台鋼雄鷹,打者,obp,0.328,0.328,0.0,0.0,unchanged,20260918T112310Z-8f8e01d8ec46,20260929T204833Z-5e0600df3416,2026-09-18T11:23:10+00:00,2026-09-29T20:48:33+00:00
0000006928,林家鋐,台鋼雄鷹,打者,ops,0.54,0.54,0.0,0.0,unchanged,20260918T112310Z-8f8e01d8ec46,20260929T204833Z-5e0600df3416,2026-09-18T11:23:10+00:00,2026-09-29T20:48:33+00:00
0000006928,林家鋐,台鋼雄鷹,打者,pa,65.0,65.0,0.0,0.0,unchanged,20260918T112310Z-8f8e01d8ec46,20260929T204833Z-5e0600df3416,2026-09-18T11:23:10+00:00,2026-09-29T20:48:33+00:00
0000006928,林家鋐,台鋼雄鷹,打者,player_value_score,23.8,24.1,0.3,0.3,changed,20260918T112310Z-8f8e01d8ec46,20260929T204833Z-5e0600df3416,2026-09-18T11:23:10+00:00,2026-09-29T20:48:33+00:00
0000006928,林家鋐,台鋼雄鷹,打者,slg,0.212,0.212,0.0,0.0,unchanged,20260918T112310Z-8f8e01d8ec46,20260929T204833Z-5e0600df3416,2026-09-18T11:23:10+00:00,2026-09-29T20:48:33+00:00
0000007833,永田颯太郎,台鋼雄鷹,打者,batting_average,0.338,0.32,-0.018,-0.018,changed,20260918T112310Z-8f8e01d8ec46,20260929T204833Z-5e0600df3416,2026-09-18T11:23:10+00:00,2026-09-29T20:48:33+00:00
0000007833,永田颯太郎,台鋼雄鷹,打者,home_runs,0.0,1.0,1.0,1.0,changed,20260918T112310Z-8f8e01d8ec46,20260929T204833Z-5e0600df3416,2026-09-18T11:23:10+00:00,2026-09-29T20:48:33+00:00
0000007833,永田颯太郎,台鋼雄鷹,打者,obp,0.389,0.378,-0.011,-0.011,changed,20260918T112310Z-8f8e01d8ec46,20260929T204833Z-5e0600df3416,2026-09-18T11:23:10+00:00,2026-09-29T20:48:33+00:00
0000007833,永田颯太郎,台鋼雄鷹,打者,ops,0.743,0.748,0.005,0.005,changed,20260918T112310Z-8f8e01d8ec46,20260929T204833Z-5e0600df3416,2026-09-18T11:23:10+00:00,2026-09-29T20:48:33+00:00
0000007833,永田颯太郎,台鋼雄鷹,打者,pa,72.0,111.0,39.0,39.0,changed,20260918T112310Z-8f8e01d8ec46,20260929T204833Z-5e0600df3416,2026-09-18T11:23:10+00:00,2026-09-29T20:48:33+00:00
0000007833,永田颯太郎,台鋼雄鷹,打者,player_value_score,31.7,34.8,3.1,3.1,changed,20260918T112310Z-8f8e01d8ec46,20260929T204833Z-5e0600df3416,2026-09-18T11:23:10+00:00,2026-09-29T20:48:33+00:00
0000007833,永田颯太郎,台鋼雄鷹,打者,slg,0.354,0.37,0.016,0.016,changed,20260918T112310Z-8f8e01d8ec46,20260929T204833Z-5e0600df3416,2026-09-18T11:23:10+00:00,2026-09-29T20:48:33+00:00
0000005333,湯家豪,台鋼雄鷹,打者,batting_average,0.25,0.259,0.009,0.009,changed,20260918T112310Z-8f8e01d8ec46,20260929T204833Z-5e0600df3416,2026-09-18T11:23:10+00:00,2026-09-29T20:48:33+00:00
0000005333,湯家豪,台鋼雄鷹,打者,home_runs,0.0,0.0,0.0,0.0,unchanged,20260918T112310Z-8f8e01d8ec46,20260929T204833Z-5e0600df3416,2026-09-18T11:23:10+00:00,2026-09-29T20:48:33+00:00
0000005333,湯家豪,台鋼雄鷹,打者,obp,0.386,0.394,0.008,0.008,changed,20260918T112310Z-8f8e01d8ec46,20260929T204833Z-5e0600df3416,2026-09-18T11:23:10+00:00,2026-09-29T20:48:33+00:00
0000005333,湯家豪,台鋼雄鷹,打者,ops,0.692,0.69,-0.002,-0.002,changed,20260918T112310Z-8f8e01d8ec46,20260929T204833Z-5e0600df3416,2026-09-18T11:23:10+00:00,2026-09-29T20:48:33+00:00
0000005333,湯家豪,台鋼雄鷹,打者,pa,46.0,68.0,22.0,22.0,changed,20260918T112310Z-8f8e01d8ec46,20260929T204833Z-5e0600df3416,2026-09-18T11:23:10+00:00,2026-09-29T20:48:33+00:00
0000005333,湯家豪,台鋼雄鷹,打者,player_value_score,35.4,33.3,-2.1,-2.1,changed,20260918T112310Z-8f8e01d8ec46,20260929T204833Z-5e0600df3416,2026-09-18T11:23:10+00:00,2026-09-29T20:48:33+00:00
0000005333,湯家豪,台鋼雄鷹,打者,slg,0.306,0.296,-0.01,-0.01,changed,20260918T112310Z-8f8e01d8ec46,20260929T204833Z-5e0600df3416,2026-09-18T11:23:10+00:00,2026-09-29T20:48:33+00:00
0000005340,王博玄,台鋼雄鷹,打者,batting_average,0.32,0.311,-0.009,-0.009,changed,20260918T112310Z-8f8e01d8ec46,20260929T204833Z-5e0600df3416,2026-09-18T11:23:10+00:00,2026-09-29T20:48:33+00:00
0000005340,王博玄,台鋼雄鷹,打者,home_runs,1.0,1.0,0.0,0.0,unchanged,20260918T112310Z-8f8e01d8ec46,20260929T204833Z-5e0600df3416,2026-09-18T11:23:10+00:00,2026-09-29T20:48:33+00:00
0000005340,王博玄,台鋼雄鷹,打者,obp,0.35,0.341,-0.009,-0.009,changed,20260918T112310Z-8f8e01d8ec46,20260929T204833Z-5e0600df3416,2026-09-18T11:23:10+00:00,2026-09-29T20:48:33+00:00
0000005340,王博玄,台鋼雄鷹,打者,ops,0.716,0.701,-0.015,-0.015,changed,20260918T112310Z-8f8e01d8ec46,20260929T204833Z-5e0600df3416,2026-09-18T11:23:10+00:00,2026-09-29T20:48:33+00:00
0000005340,王博玄,台鋼雄鷹,打者,pa,358.0,397.0,39.0,39.0,changed,20260918T112310Z-8f8e01d8ec46,20260929T204833Z-5e0600df3416,2026-09-18T11:23:10+00:00,2026-09-29T20:48:33+00:00
0000005340,王博玄,台鋼雄鷹,打者,player_value_score,31.0,30.6,-0.4,-0.4,changed,20260918T112310Z-8f8e01d8ec46,20260929T204833Z-5e0600df3416,2026-09-18T11:23:10+00:00,2026-09-29T20:48:33+00:00
0000005340,王博玄,台鋼雄鷹,打者,slg,0.366,0.36,-0.006,-0.006,changed,20260918T112310Z-8f8e01d8ec46,20260929T204833Z-5e0600df3416,2026-09-18T11:23:10+00:00,2026-09-29T20:48:33+00:00
0000000935,王柏融,台鋼雄鷹,打者,batting_average,0.251,0.253,0.002,0.002,changed,20260918T112310Z-8f8e01d8ec46,20260929T204833Z-5e0600df3416,2026-09-18T11:23:10+00:00,2026-09-29T20:48:33+00:00
0000000935,王柏融,台鋼雄鷹,打者,home_runs,6.0,7.0,1.0,1.0,changed,20260918T112310Z-8f8e01d8ec46,20260929T204833Z-5e0600df3416,2026-09-18T11:23:10+00:00,2026-09-29T20:48:33+00:00
0000000935,王柏融,台鋼雄鷹,打者,obp,0.305,0.304,-0.001,-0.001,changed,20260918T112310Z-8f8e01d8ec46,20260929T204833Z-5e0600df3416,2026-09-18T11:23:10+00:00,2026-09-29T20:48:33+00:00
0000000935,王柏融,台鋼雄鷹,打者,ops,0.661,0.663,0.002,0.002,changed,20260918T112310Z-8f8e01d8ec46,20260929T204833Z-5e0600df3416,2026-09-18T11:23:10+00:00,2026-09-29T20:48:33+00:00
0000000935,王柏融,台鋼雄鷹,打者,pa,347.0,372.0,25.0,25.0,changed,20260918T112310Z-8f8e01d8ec46,20260929T204833Z-5e0600df3416,2026-09-18T11:23:10+00:00,2026-09-29T20:48:33+00:00
0000000935,王柏融,台鋼雄鷹,打者,player_value_score,33.0,33.4,0.4,0.4,changed,20260918T112310Z-8f8e01d8ec46,20260929T204833Z-5e0600df3416,2026-09-18T11:23:10+00:00,2026-09-29T20:48:33+00:00
0000000935,王柏融,台鋼雄鷹,打者,slg,0.356,0.359,0.003,0.003,changed,20260918T112310Z-8f8e01d8ec46,20260929T204833Z-5e0600df3416,2026-09-18T11:23:10+00:00,2026-09-29T20:48:33+00:00
0000006929,紀慶然,台鋼雄鷹,打者,batting_average,0.236,0.243,0.007,0.007,changed,20260918T112310Z-8f8e01d8ec46,20260929T204833Z-5e0600df3416,2026-09-18T11:23:10+00:00,2026-09-29T20:48:33+00:00
0000006929,紀慶然,台鋼雄鷹,打者,home_runs,0.0,0.0,0.0,0.0,unchanged,20260918T112310Z-8f8e01d8ec46,20260929T204833Z-5e0600df3416,2026-09-18T11:23:10+00:00,2026-09-29T20:48:33+00:00
0000006929,紀慶然,台鋼雄鷹,打者,obp,0.291,0.301,0.01,0.01,changed,20260918T112310Z-8f8e01d8ec46,20260929T204833Z-5e0600df3416,2026-09-18T11:23:10+00:00,2026-09-29T20:48:33+00:00
0000006929,紀慶然,台鋼雄鷹,打者,ops,0.567,0.582,0.015,0.015,changed,20260918T112310Z-8f8e01d8ec46,20260929T204833Z-5e0600df3416,2026-09-18T11:23:10+00:00,2026-09-29T20:48:33+00:00
0000006929,紀慶然,台鋼雄鷹,打者,pa,248.0,260.0,12.0,12.0,changed,20260918T112310Z-8f8e01d8ec46,20260929T204833Z-5e0600df3416,2026-09-18T11:23:10+00:00,2026-09-29T20:48:33+00:00
0000006929,紀慶然,台鋼雄鷹,打者,player_value_score,26.3,26.8,0.5,0.5,changed,20260918T112310Z-8f8e01d8ec46,20260929T204833Z-5e0600df3416,2026-09-18T11:23:10+00:00,2026-09-29T20:48:33+00:00
0000006929,紀慶然,台鋼雄鷹,打者,slg,0.276,0.281,0.005,0.005,changed,20260918T112310Z-8f8e01d8ec46,20260929T204833Z-5e0600df3416,2026-09-18T11:23:10+00:00,2026-09-29T20:48:33+00:00
0000004643,胡冠俞,台鋼雄鷹,打者,batting_average,0.192,0.192,0.0,0.0,unchanged,20260918T112310Z-8f8e01d8ec46,20260929T204833Z-5e0600df3416,2026-09-18T11:23:10+00:00,2026-09-29T20:48:33+00:00
0000004643,胡冠俞,台鋼雄鷹,打者,home_runs,0.0,0.0,0.0,0.0,unchanged,20260918T112310Z-8f8e01d8ec46,20260929T204833Z-5e0600df3416,2026-09-18T11:23:10+00:00,2026-09-29T20:48:33+00:00
0000004643,胡冠俞,台鋼雄鷹,打者,obp,0.276,0.276,0.0,0.0,unchanged,20260918T112310Z-8f8e01d8ec46,20260929T204833Z-5e0600df3416,2026-09-18T11:23:10+00:00,2026-09-29T20:48:33+00:00
0000004643,胡冠俞,台鋼雄鷹,打者,ops,0.507,0.507,0.0,0.0,unchanged,20260918T112310Z-8f8e01d8ec46,20260929T204833Z-5e0600df3416,2026-09-18T11:23:10+00:00,2026-09-29T20:48:33+00:00
0000004643,胡冠俞,台鋼雄鷹,打者,pa,30.0,30.0,0.0,0.0,unchanged,20260918T112310Z-8f8e01d8ec46,20260929T204833Z-5e0600df3416,2026-09-18T11:23:10+00:00,2026-09-29T20:48:33+00:00
0000004643,胡冠俞,台鋼雄鷹,打者,player_value_score,23.1,23.0,-0.1,-0.1,changed,20260918T112310Z-8f8e01d8ec46,20260929T204833Z-5e0600df3416,2026-09-18T11:23:10+00:00,2026-09-29T20:48:33+00:00
0000004643,胡冠俞,台鋼雄鷹,打者,slg,0.231,0.231,0.0,0.0,unchanged,20260918T112310Z-8f8e01d8ec46,20260929T204833Z-5e0600df3416,2026-09-18T11:23:10+00:00,2026-09-29T20:48:33+00:00
0000005296,董秉軒,台鋼雄鷹,打者,batting_average,0.2,0.2,0.0,0.0,unchanged,20260918T112310Z-8f8e01d8ec46,20260929T204833Z-5e0600df3416,2026-09-18T11:23:10+00:00,2026-09-29T20:48:33+00:00
0000005296,董秉軒,台鋼雄鷹,打者,home_runs,0.0,0.0,0.0,0.0,unchanged,20260918T112310Z-8f8e01d8ec46,20260929T204833Z-5e0600df3416,2026-09-18T11:23:10+00:00,2026-09-29T20:48:33+00:00
0000005296,董秉軒,台鋼雄鷹,打者,obp,0.2,0.2,0.0,0.0,unchanged,20260918T112310Z-8f8e01d8ec46,20260929T204833Z-5e0600df3416,2026-09-18T11:23:10+00:00,2026-09-29T20:48:33+00:00
0000005296,董秉軒,台鋼雄鷹,打者,ops,0.4,0.4,0.0,0.0,unchanged,20260918T112310Z-8f8e01d8ec46,20260929T204833Z-5e0600df3416,2026-09-18T11:23:10+00:00,2026-09-29T20:48:33+00:00
0000005296,董秉軒,台鋼雄鷹,打者,pa,5.0,5.0,0.0,0.0,unchanged,20260918T112310Z-8f8e01d8ec46,20260929T204833Z-5e0600df3416,2026-09-18T11:23:10+00:00,2026-09-29T20:48:33+00:00
0000005296,董秉軒,台鋼雄鷹,打者,player_value_score,18.2,18.2,0.0,0.0,unchanged,20260918T112310Z-8f8e01d8ec46,20260929T204833Z-5e0600df3416,2026-09-18T11:23:10+00:00,2026-09-29T20:48:33+00:00
0000005296,董秉軒,台鋼雄鷹,打者,slg,0.2,0.2,0.0,0.0,unchanged,20260918T112310Z-8f8e01d8ec46,20260929T204833Z-5e0600df3416,2026-09-18T11:23:10+00:00,2026-09-29T20:48:33+00:00
0000003533,藍寅倫,台鋼雄鷹,打者,batting_average,0.302,0.313,0.011,0.011,changed,20260918T112310Z-8f8e01d8ec46,20260929T204833Z-5e0600df3416,2026-09-18T11:23:10+00:00,2026-09-29T20:48:33+00:00
0000003533,藍寅倫,台鋼雄鷹,打者,home_runs,1.0,1.0,0.0,0.0,unchanged,20260918T112310Z-8f8e01d8ec46,20260929T204833Z-5e0600df3416,2026-09-18T11:23:10+00:00,2026-09-29T20:48:33+00:00
0000003533,藍寅倫,台鋼雄鷹,打者,obp,0.358,0.375,0.017,0.017,changed,20260918T112310Z-8f8e01d8ec46,20260929T204833Z-5e0600df3416,2026-09-18T11:23:10+00:00,2026-09-29T20:48:33+00:00
0000003533,藍寅倫,台鋼雄鷹,打者,ops,0.743,0.766,0.023,0.023,changed,20260918T112310Z-8f8e01d8ec46,20260929T204833Z-5e0600df3416,2026-09-18T11:23:10+00:00,2026-09-29T20:48:33+00:00
0000003533,藍寅倫,台鋼雄鷹,打者,pa,106.0,128.0,22.0,22.0,changed,20260918T112310Z-8f8e01d8ec46,20260929T204833Z-5e0600df3416,2026-09-18T11:23:10+00:00,2026-09-29T20:48:33+00:00
0000003533,藍寅倫,台鋼雄鷹,打者,player_value_score,35.0,35.9,0.9,0.9,changed,20260918T112310Z-8f8e01d8ec46,20260929T204833Z-5e0600df3416,2026-09-18T11:23:10+00:00,2026-09-29T20:48:33+00:00
0000003533,藍寅倫,台鋼雄鷹,打者,slg,0.385,0.391,0.006,0.006,changed,20260918T112310Z-8f8e01d8ec46,20260929T204833Z-5e0600df3416,2026-09-18T11:23:10+00:00,2026-09-29T20:48:33+00:00
0000003174,郭永維,台鋼雄鷹,打者,batting_average,0.294,0.294,0.0,0.0,unchanged,20260918T112310Z-8f8e01d8ec46,20260929T204833Z-5e0600df3416,2026-09-18T11:23:10+00:00,2026-09-29T20:48:33+00:00
0000003174,郭永維,台鋼雄鷹,打者,home_runs,0.0,0.0,0.0,0.0,unchanged,20260918T112310Z-8f8e01d8ec46,20260929T204833Z-5e0600df3416,2026-09-18T11:23:10+00:00,2026-09-29T20:48:33+00:00
0000003174,郭永維,台鋼雄鷹,打者,obp,0.333,0.333,0.0,0.0,unchanged,20260918T112310Z-8f8e01d8ec46,20260929T204833Z-5e0600df3416,2026-09-18T11:23:10+00:00,2026-09-29T20:48:33+00:00
0000003174,郭永維,台鋼雄鷹,打者,ops,0.627,0.627,0.0,0.0,unchanged,20260918T112310Z-8f8e01d8ec46,20260929T204833Z-5e0600df3416,2026-09-18T11:23:10+00:00,2026-09-29T20:48:33+00:00
0000003174,郭永維,台鋼雄鷹,打者,pa,18.0,18.0,0.0,0.0,unchanged,20260918T112310Z-8f8e01d8ec46,20260929T204833Z-5e0600df3416,2026-09-18T11:23:10+00:00,2026-09-29T20:48:33+00:00
0000003174,郭永維,台鋼雄鷹,打者,player_value_score,26.2,26.4,0.2,0.2,changed,20260918T112310Z-8f8e01d8ec46,20260929T204833Z-5e0600df3416,2026-09-18T11:23:10+00:00,2026-09-29T20:48:33+00:00
0000003174,郭永維,台鋼雄鷹,打者,slg,0.294,0.294,0.0,0.0,unchanged,20260918T112310Z-8f8e01d8ec46,20260929T204833Z-5e0600df3416,2026-09-18T11:23:10+00:00,2026-09-29T20:48:33+00:00
0000001291,郭阜林,台鋼雄鷹,打者,batting_average,0.25,0.25,0.0,0.0,unchanged,20260918T112310Z-8f8e01d8ec46,20260929T204833Z-5e0600df3416,2026-09-18T11:23:10+00:00,2026-09-29T20:48:33+00:00
0000001291,郭阜林,台鋼雄鷹,打者,home_runs,1.0,1.0,0.0,0.0,unchanged,20260918T112310Z-8f8e01d8ec46,20260929T204833Z-5e0600df3416,2026-09-18T11:23:10+00:00,2026-09-29T20:48:33+00:00
0000001291,郭阜林,台鋼雄鷹,打者,obp,0.3,0.3,0.0,0.0,unchanged,20260918T112310Z-8f8e01d8ec46,20260929T204833Z-5e0600df3416,2026-09-18T11:23:10+00:00,2026-09-29T20:48:33+00:00
0000001291,郭阜林,台鋼雄鷹,打者,ops,0.607,0.607,0.0,0.0,unchanged,20260918T112310Z-8f8e01d8ec46,20260929T204833Z-5e0600df3416,2026-09-18T11:23:10+00:00,2026-09-29T20:48:33+00:00
0000001291,郭阜林,台鋼雄鷹,打者,pa,150.0,150.0,0.0,0.0,unchanged,20260918T112310Z-8f8e01d8ec46,20260929T204833Z-5e0600df3416,2026-09-18T11:23:10+00:00,2026-09-29T20:48:33+00:00
0000001291,郭阜林,台鋼雄鷹,打者,player_value_score,28.0,28.0,0.0,0.0,unchanged,20260918T112310Z-8f8e01d8ec46,20260929T204833Z-5e0600df3416,2026-09-18T11:23:10+00:00,2026-09-29T20:48:33+00:00
0000001291,郭阜林,台鋼雄鷹,打者,slg,0.307,0.307,0.0,0.0,unchanged,20260918T112310Z-8f8e01d8ec46,20260929T204833Z-5e0600df3416,2026-09-18T11:23:10+00:00,2026-09-29T20:48:33+00:00
0000007064,陳世嘉,台鋼雄鷹,打者,batting_average,0.119,0.131,0.012,0.012,changed,20260918T112310Z-8f8e01d8ec46,20260929T204833Z-5e0600df3416,2026-09-18T11:23:10+00:00,2026-09-29T20:48:33+00:00
0000007064,陳世嘉,台鋼雄鷹,打者,home_runs,0.0,0.0,0.0,0.0,unchanged,20260918T112310Z-8f8e01d8ec46,20260929T204833Z-5e0600df3416,2026-09-18T11:23:10+00:00,2026-09-29T20:48:33+00:00
0000007064,陳世嘉,台鋼雄鷹,打者,obp,0.183,0.212,0.029,0.029,changed,20260918T112310Z-8f8e01d8ec46,20260929T204833Z-5e0600df3416,2026-09-18T11:23:10+00:00,2026-09-29T20:48:33+00:00
0000007064,陳世嘉,台鋼雄鷹,打者,ops,0.312,0.362,0.05,0.05,changed,20260918T112310Z-8f8e01d8ec46,20260929T204833Z-5e0600df3416,2026-09-18T11:23:10+00:00,2026-09-29T20:48:33+00:00
0000007064,陳世嘉,台鋼雄鷹,打者,pa,112.0,122.0,10.0,10.0,changed,20260918T112310Z-8f8e01d8ec46,20260929T204833Z-5e0600df3416,2026-09-18T11:23:10+00:00,2026-09-29T20:48:33+00:00
0000007064,陳世嘉,台鋼雄鷹,打者,player_value_score,16.1,18.8,2.7,2.7,changed,20260918T112310Z-8f8e01d8ec46,20260929T204833Z-5e0600df3416,2026-09-18T11:23:10+00:00,2026-09-29T20:48:33+00:00
0000007064,陳世嘉,台鋼雄鷹,打者,slg,0.129,0.15,0.021,0.021,changed,20260918T112310Z-8f8e01d8ec46,20260929T204833Z-5e0600df3416,2026-09-18T11:23:10+00:00,2026-09-29T20:48:33+00:00
0000000772,陳文杰,台鋼雄鷹,打者,batting_average,0.275,0.277,0.002,0.002,changed,20260918T112310Z-8f8e01d8ec46,20260929T204833Z-5e0600df3416,2026-09-18T11:23:10+00:00,2026-09-29T20:48:33+00:00
0000000772,陳文杰,台鋼雄鷹,打者,home_runs,3.0,3.0,0.0,0.0,unchanged,20260918T112310Z-8f8e01d8ec46,20260929T204833Z-5e0600df3416,2026-09-18T11:23:10+00:00,2026-09-29T20:48:33+00:00
0000000772,陳文杰,台鋼雄鷹,打者,obp,0.33,0.333,0.003,0.003,changed,20260918T112310Z-8f8e01d8ec46,20260929T204833Z-5e0600df3416,2026-09-18T11:23:10+00:00,2026-09-29T20:48:33+00:00
0000000772,陳文杰,台鋼雄鷹,打者,ops,0.711,0.714,0.003,0.003,changed,20260918T112310Z-8f8e01d8ec46,20260929T204833Z-5e0600df3416,2026-09-18T11:23:10+00:00,2026-09-29T20:48:33+00:00
0000000772,陳文杰,台鋼雄鷹,打者,pa,364.0,391.0,27.0,27.0,changed,20260918T112310Z-8f8e01d8ec46,20260929T204833Z-5e0600df3416,2026-09-18T11:23:10+00:00,2026-09-29T20:48:33+00:00
0000000772,陳文杰,台鋼雄鷹,打者,player_value_score,34.8,35.0,0.2,0.2,changed,20260918T112310Z-8f8e01d8ec46,20260929T204833Z-5e0600df3416,2026-09-18T11:23:10+00:00,2026-09-29T20:48:33+00:00
0000000772,陳文杰,台鋼雄鷹,打者,slg,0.381,0.381,0.0,0.0,unchanged,20260918T112310Z-8f8e01d8ec46,20260929T204833Z-5e0600df3416,2026-09-18T11:23:10+00:00,2026-09-29T20:48:33+00:00
0000006926,陳致嘉,台鋼雄鷹,打者,batting_average,0.222,0.194,-0.028,-0.028,changed,20260918T112310Z-8f8e01d8ec46,20260929T204833Z-5e0600df3416,2026-09-18T11:23:10+00:00,2026-09-29T20:48:33+00:00
0000006926,陳致嘉,台鋼雄鷹,打者,home_runs,0.0,0.0,0.0,0.0,unchanged,20260918T112310Z-8f8e01d8ec46,20260929T204833Z-5e0600df3416,2026-09-18T11:23:10+00:00,2026-09-29T20:48:33+00:00
0000006926,陳致嘉,台鋼雄鷹,打者,obp,0.222,0.194,-0.028,-0.028,changed,20260918T112310Z-8f8e01d8ec46,20260929T204833Z-5e0600df3416,2026-09-18T11:23:10+00:00,2026-09-29T20:48:33+00:00
0000006926,陳致嘉,台鋼雄鷹,打者,ops,0.518,0.444,-0.074,-0.074,changed,20260918T112310Z-8f8e01d8ec46,20260929T204833Z-5e0600df3416,2026-09-18T11:23:10+00:00,2026-09-29T20:48:33+00:00
0000006926,陳致嘉,台鋼雄鷹,打者,pa,29.0,39.0,10.0,10.0,changed,20260918T112310Z-8f8e01d8ec46,20260929T204833Z-5e0600df3416,2026-09-18T11:23:10+00:00,2026-09-29T20:48:33+00:00
0000006926,陳致嘉,台鋼雄鷹,打者,player_value_score,23.6,20.0,-3.6,-3.6,changed,20260918T112310Z-8f8e01d8ec46,20260929T204833Z-5e0600df3416,2026-09-18T11:23:10+00:00,2026-09-29T20:48:33+00:00
0000006926,陳致嘉,台鋼雄鷹,打者,slg,0.296,0.25,-0.046,-0.046,changed,20260918T112310Z-8f8e01d8ec46,20260929T204833Z-5e0600df3416,2026-09-18T11:23:10+00:00,2026-09-29T20:48:33+00:00
0000007013,陳飛霖,台鋼雄鷹,打者,batting_average,0.0,0.0,0.0,0.0,unchanged,20260918T112310Z-8f8e01d8ec46,20260929T204833Z-5e0600df3416,2026-09-18T11:23:10+00:00,2026-09-29T20:48:33+00:00
0000007013,陳飛霖,台鋼雄鷹,打者,home_runs,0.0,0.0,0.0,0.0,unchanged,20260918T112310Z-8f8e01d8ec46,20260929T204833Z-5e0600df3416,2026-09-18T11:23:10+00:00,2026-09-29T20:48:33+00:00
0000007013,陳飛霖,台鋼雄鷹,打者,obp,0.25,0.25,0.0,0.0,unchanged,20260918T112310Z-8f8e01d8ec46,20260929T204833Z-5e0600df3416,2026-09-18T11:23:10+00:00,2026-09-29T20:48:33+00:00
0000007013,陳飛霖,台鋼雄鷹,打者,ops,0.25,0.25,0.0,0.0,unchanged,20260918T112310Z-8f8e01d8ec46,20260929T204833Z-5e0600df3416,2026-09-18T11:23:10+00:00,2026-09-29T20:48:33+00:00
0000007013,陳飛霖,台鋼雄鷹,打者,pa,4.0,4.0,0.0,0.0,unchanged,20260918T112310Z-8f8e01d8ec46,20260929T204833Z-5e0600df3416,2026-09-18T11:23:10+00:00,2026-09-29T20:48:33+00:00
0000007013,陳飛霖,台鋼雄鷹,打者,player_value_score,17.4,17.8,0.4,0.4,changed,20260918T112310Z-8f8e01d8ec46,20260929T204833Z-5e0600df3416,2026-09-18T11:23:10+00:00,2026-09-29T20:48:33+00:00
0000007013,陳飛霖,台鋼雄鷹,打者,slg,0.0,0.0,0.0,0.0,unchanged,20260918T112310Z-8f8e01d8ec46,20260929T204833Z-5e0600df3416,2026-09-18T11:23:10+00:00,2026-09-29T20:48:33+00:00
0000006835,顏清浤,台鋼雄鷹,打者,batting_average,0.238,0.238,0.0,0.0,unchanged,20260918T112310Z-8f8e01d8ec46,20260929T204833Z-5e0600df3416,2026-09-18T11:23:10+00:00,2026-09-29T20:48:33+00:00
0000006835,顏清浤,台鋼雄鷹,打者,home_runs,0.0,0.0,0.0,0.0,unchanged,20260918T112310Z-8f8e01d8ec46,20260929T204833Z-5e0600df3416,2026-09-18T11:23:10+00:00,2026-09-29T20:48:33+00:00
0000006835,顏清浤,台鋼雄鷹,打者,obp,0.292,0.292,0.0,0.0,unchanged,20260918T112310Z-8f8e01d8ec46,20260929T204833Z-5e0600df3416,2026-09-18T11:23:10+00:00,2026-09-29T20:48:33+00:00
0000006835,顏清浤,台鋼雄鷹,打者,ops,0.53,0.53,0.0,0.0,unchanged,20260918T112310Z-8f8e01d8ec46,20260929T204833Z-5e0600df3416,2026-09-18T11:23:10+00:00,2026-09-29T20:48:33+00:00
0000006835,顏清浤,台鋼雄鷹,打者,pa,25.0,25.0,0.0,0.0,unchanged,20260918T112310Z-8f8e01d8ec46,20260929T204833Z-5e0600df3416,2026-09-18T11:23:10+00:00,2026-09-29T20:48:33+00:00
0000006835,顏清浤,台鋼雄鷹,打者,player_value_score,21.9,22.0,0.1,0.1,changed,20260918T112310Z-8f8e01d8ec46,20260929T204833Z-5e0600df3416,2026-09-18T11:23:10+00:00,2026-09-29T20:48:33+00:00
0000006835,顏清浤,台鋼雄鷹,打者,slg,0.238,0.238,0.0,0.0,unchanged,20260918T112310Z-8f8e01d8ec46,20260929T204833Z-5e0600df3416,2026-09-18T11:23:10+00:00,2026-09-29T20:48:33+00:00
0000006939,顏郁軒,台鋼雄鷹,打者,batting_average,0.136,0.136,0.0,0.0,unchanged,20260918T112310Z-8f8e01d8ec46,20260929T204833Z-5e0600df3416,2026-09-18T11:23:10+00:00,2026-09-29T20:48:33+00:00
0000006939,顏郁軒,台鋼雄鷹,打者,home_runs,2.0,2.0,0.0,0.0,unchanged,20260918T112310Z-8f8e01d8ec46,20260929T204833Z-5e0600df3416,2026-09-18T11:23:10+00:00,2026-09-29T20:48:33+00:00
0000006939,顏郁軒,台鋼雄鷹,打者,obp,0.188,0.188,0.0,0.0,unchanged,20260918T112310Z-8f8e01d8ec46,20260929T204833Z-5e0600df3416,2026-09-18T11:23:10+00:00,2026-09-29T20:48:33+00:00
0000006939,顏郁軒,台鋼雄鷹,打者,ops,0.425,0.425,0.0,0.0,unchanged,20260918T112310Z-8f8e01d8ec46,20260929T204833Z-5e0600df3416,2026-09-18T11:23:10+00:00,2026-09-29T20:48:33+00:00
0000006939,顏郁軒,台鋼雄鷹,打者,pa,67.0,67.0,0.0,0.0,unchanged,20260918T112310Z-8f8e01d8ec46,20260929T204833Z-5e0600df3416,2026-09-18T11:23:10+00:00,2026-09-29T20:48:33+00:00
0000006939,顏郁軒,台鋼雄鷹,打者,player_value_score,25.9,26.3,0.4,0.4,changed,20260918T112310Z-8f8e01d8ec46,20260929T204833Z-5e0600df3416,2026-09-18T11:23:10+00:00,2026-09-29T20:48:33+00:00
0000006939,顏郁軒,台鋼雄鷹,打者,slg,0.237,0.237,0.0,0.0,unchanged,20260918T112310Z-8f8e01d8ec46,20260929T204833Z-5e0600df3416,2026-09-18T11:23:10+00:00,2026-09-29T20:48:33+00:00
0000007629,顏采丞,台鋼雄鷹,打者,batting_average,0.0,0.0,0.0,0.0,unchanged,20260918T112310Z-8f8e01d8ec46,20260929T204833Z-5e0600df3416,2026-09-18T11:23:10+00:00,2026-09-29T20:48:33+00:00
0000007629,顏采丞,台鋼雄鷹,打者,home_runs,0.0,0.0,0.0,0.0,unchanged,20260918T112310Z-8f8e01d8ec46,20260929T204833Z-5e0600df3416,2026-09-18T11:23:10+00:00,2026-09-29T20:48:33+00:00
0000007629,顏采丞,台鋼雄鷹,打者,obp,0.0,0.0,0.0,0.0,unchanged,20260918T112310Z-8f8e01d8ec46,20260929T204833Z-5e0600df3416,2026-09-18T11:23:10+00:00,2026-09-29T20:48:33+00:00
0000007629,顏采丞,台鋼雄鷹,打者,ops,0.0,0.0,0.0,0.0,unchanged,20260918T112310Z-8f8e01d8ec46,20260929T204833Z-5e0600df3416,2026-09-18T11:23:10+00:00,2026-09-29T20:48:33+00:00
0000007629,顏采丞,台鋼雄鷹,打者,pa,10.0,10.0,0.0,0.0,unchanged,20260918T112310Z-8f8e01d8ec46,20260929T204833Z-5e0600df3416,2026-09-18T11:23:10+00:00,2026-09-29T20:48:33+00:00
0000007629,顏采丞,台鋼雄鷹,打者,player_value_score,4.2,4.2,0.0,0.0,unchanged,20260918T112310Z-8f8e01d8ec46,20260929T204833Z-5e0600df3416,2026-09-18T11:23:10+00:00,2026-09-29T20:48:33+00:00
0000007629,顏采丞,台鋼雄鷹,打者,slg,0.0,0.0,0.0,0.0,unchanged,20260918T112310Z-8f8e01d8ec46,20260929T204833Z-5e0600df3416,2026-09-18T11:23:10+00:00,2026-09-29T20:48:33+00:00
0000006936,高聖恩,台鋼雄鷹,打者,batting_average,0.265,0.278,0.013,0.013,changed,20260918T112310Z-8f8e01d8ec46,20260929T204833Z-5e0600df3416,2026-09-18T11:23:10+00:00,2026-09-29T20:48:33+00:00
0000006936,高聖恩,台鋼雄鷹,打者,home_runs,0.0,0.0,0.0,0.0,unchanged,20260918T112310Z-8f8e01d8ec46,20260929T204833Z-5e0600df3416,2026-09-18T11:23:10+00:00,2026-09-29T20:48:33+00:00
0000006936,高聖恩,台鋼雄鷹,打者,obp,0.288,0.312,0.024,0.024,changed,20260918T112310Z-8f8e01d8ec46,20260929T204833Z-5e0600df3416,2026-09-18T11:23:10+00:00,2026-09-29T20:48:33+00:00
0000006936,高聖恩,台鋼雄鷹,打者,ops,0.574,0.673,0.099,0.099,changed,20260918T112310Z-8f8e01d8ec46,20260929T204833Z-5e0600df3416,2026-09-18T11:23:10+00:00,2026-09-29T20:48:33+00:00
0000006936,高聖恩,台鋼雄鷹,打者,pa,53.0,78.0,25.0,25.0,changed,20260918T112310Z-8f8e01d8ec46,20260929T204833Z-5e0600df3416,2026-09-18T11:23:10+00:00,2026-09-29T20:48:33+00:00
0000006936,高聖恩,台鋼雄鷹,打者,player_value_score,23.7,29.7,6.0,6.0,changed,20260918T112310Z-8f8e01d8ec46,20260929T204833Z-5e0600df3416,2026-09-18T11:23:10+00:00,2026-09-29T20:48:33+00:00
0000006936,高聖恩,台鋼雄鷹,打者,slg,0.286,0.361,0.075,0.075,changed,20260918T112310Z-8f8e01d8ec46,20260929T204833Z-5e0600df3416,2026-09-18T11:23:10+00:00,2026-09-29T20:48:33+00:00
0000007239,魔鷹,台鋼雄鷹,打者,batting_average,0.289,0.296,0.007,0.007,changed,20260918T112310Z-8f8e01d8ec46,20260929T204833Z-5e0600df3416,2026-09-18T11:23:10+00:00,2026-09-29T20:48:33+00:00
0000007239,魔鷹,台鋼雄鷹,打者,home_runs,16.0,19.0,3.0,3.0,changed,20260918T112310Z-8f8e01d8ec46,20260929T204833Z-5e0600df3416,2026-09-18T11:23:10+00:00,2026-09-29T20:48:33+00:00
0000007239,魔鷹,台鋼雄鷹,打者,obp,0.362,0.362,0.0,0.0,unchanged,20260918T112310Z-8f8e01d8ec46,20260929T204833Z-5e0600df3416,2026-09-18T11:23:10+00:00,2026-09-29T20:48:33+00:00
0000007239,魔鷹,台鋼雄鷹,打者,ops,0.867,0.884,0.017,0.017,changed,20260918T112310Z-8f8e01d8ec46,20260929T204833Z-5e0600df3416,2026-09-18T11:23:10+00:00,2026-09-29T20:48:33+00:00
0000007239,魔鷹,台鋼雄鷹,打者,pa,436.0,469.0,33.0,33.0,changed,20260918T112310Z-8f8e01d8ec46,20260929T204833Z-5e0600df3416,2026-09-18T11:23:10+00:00,2026-09-29T20:48:33+00:00
0000007239,魔鷹,台鋼雄鷹,打者,player_value_score,47.5,49.1,1.6,1.6,changed,20260918T112310Z-8f8e01d8ec46,20260929T204833Z-5e0600df3416,2026-09-18T11:23:10+00:00,2026-09-29T20:48:33+00:00
0000007239,魔鷹,台鋼雄鷹,打者,slg,0.505,0.522,0.017,0.017,changed,20260918T112310Z-8f8e01d8ec46,20260929T204833Z-5e0600df3416,2026-09-18T11:23:10+00:00,2026-09-29T20:48:33+00:00
0000006931,黃劼希,台鋼雄鷹,打者,batting_average,0.186,0.186,0.0,0.0,unchanged,20260918T112310Z-8f8e01d8ec46,20260929T204833Z-5e0600df3416,2026-09-18T11:23:10+00:00,2026-09-29T20:48:33+00:00
0000006931,黃劼希,台鋼雄鷹,打者,home_runs,1.0,1.0,0.0,0.0,unchanged,20260918T112310Z-8f8e01d8ec46,20260929T204833Z-5e0600df3416,2026-09-18T11:23:10+00:00,2026-09-29T20:48:33+00:00
0000006931,黃劼希,台鋼雄鷹,打者,obp,0.3,0.3,0.0,0.0,unchanged,20260918T112310Z-8f8e01d8ec46,20260929T204833Z-5e0600df3416,2026-09-18T11:23:10+00:00,2026-09-29T20:48:33+00:00
0000006931,黃劼希,台鋼雄鷹,打者,ops,0.602,0.602,0.0,0.0,unchanged,20260918T112310Z-8f8e01d8ec46,20260929T204833Z-5e0600df3416,2026-09-18T11:23:10+00:00,2026-09-29T20:48:33+00:00
0000006931,黃劼希,台鋼雄鷹,打者,pa,50.0,50.0,0.0,0.0,unchanged,20260918T112310Z-8f8e01d8ec46,20260929T204833Z-5e0600df3416,2026-09-18T11:23:10+00:00,2026-09-29T20:48:33+00:00
0000006931,黃劼希,台鋼雄鷹,打者,player_value_score,32.3,32.6,0.3,0.3,changed,20260918T112310Z-8f8e01d8ec46,20260929T204833Z-5e0600df3416,2026-09-18T11:23:10+00:00,2026-09-29T20:48:33+00:00
0000006931,黃劼希,台鋼雄鷹,打者,slg,0.302,0.302,0.0,0.0,unchanged,20260918T112310Z-8f8e01d8ec46,20260929T204833Z-5e0600df3416,2026-09-18T11:23:10+00:00,2026-09-29T20:48:33+00:00
0000006930,黃秉揚,台鋼雄鷹,打者,batting_average,0.0,0.0,0.0,0.0,unchanged,20260918T112310Z-8f8e01d8ec46,20260929T204833Z-5e0600df3416,2026-09-18T11:23:10+00:00,2026-09-29T20:48:33+00:00
0000006930,黃秉揚,台鋼雄鷹,打者,home_runs,0.0,0.0,0.0,0.0,unchanged,20260918T112310Z-8f8e01d8ec46,20260929T204833Z-5e0600df3416,2026-09-18T11:23:10+00:00,2026-09-29T20:48:33+00:00
0000006930,黃秉揚,台鋼雄鷹,打者,obp,0.0,0.0,0.0,0.0,unchanged,20260918T112310Z-8f8e01d8ec46,20260929T204833Z-5e0600df3416,2026-09-18T11:23:10+00:00,2026-09-29T20:48:33+00:00
0000006930,黃秉揚,台鋼雄鷹,打者,ops,0.0,0.0,0.0,0.0,unchanged,20260918T112310Z-8f8e01d8ec46,20260929T204833Z-5e0600df3416,2026-09-18T11:23:10+00:00,2026-09-29T20:48:33+00:00
0000006930,黃秉揚,台鋼雄鷹,打者,pa,3.0,4.0,1.0,1.0,changed,20260918T112310Z-8f8e01d8ec46,20260929T204833Z-5e0600df3416,2026-09-18T11:23:10+00:00,2026-09-29T20:48:33+00:00
0000006930,黃秉揚,台鋼雄鷹,打者,player_value_score,3.5,3.9,0.4,0.4,changed,20260918T112310Z-8f8e01d8ec46,20260929T204833Z-5e0600df3416,2026-09-18T11:23:10+00:00,2026-09-29T20:48:33+00:00
0000006930,黃秉揚,台鋼雄鷹,打者,slg,0.0,0.0,0.0,0.0,unchanged,20260918T112310Z-8f8e01d8ec46,20260929T204833Z-5e0600df3416,2026-09-18T11:23:10+00:00,2026-09-29T20:48:33+00:00
0000006879,冉皓燐,味全龍,打者,batting_average,0.179,0.182,0.003,0.003,changed,20260918T112310Z-8f8e01d8ec46,20260929T204833Z-5e0600df3416,2026-09-18T11:23:10+00:00,2026-09-29T20:48:33+00:00
0000006879,冉皓燐,味全龍,打者,home_runs,0.0,0.0,0.0,0.0,unchanged,20260918T112310Z-8f8e01d8ec46,20260929T204833Z-5e0600df3416,2026-09-18T11:23:10+00:00,2026-09-29T20:48:33+00:00
0000006879,冉皓燐,味全龍,打者,obp,0.207,0.206,-0.001,-0.001,changed,20260918T112310Z-8f8e01d8ec46,20260929T204833Z-5e0600df3416,2026-09-18T11:23:10+00:00,2026-09-29T20:48:33+00:00
0000006879,冉皓燐,味全龍,打者,ops,0.421,0.418,-0.003,-0.003,changed,20260918T112310Z-8f8e01d8ec46,20260929T204833Z-5e0600df3416,2026-09-18T11:23:10+00:00,2026-09-29T20:48:33+00:00
0000006879,冉皓燐,味全龍,打者,pa,29.0,34.0,5.0,5.0,changed,20260918T112310Z-8f8e01d8ec46,20260929T204833Z-5e0600df3416,2026-09-18T11:23:10+00:00,2026-09-29T20:48:33+00:00
0000006879,冉皓燐,味全龍,打者,player_value_score,19.9,19.6,-0.3,-0.3,changed,20260918T112310Z-8f8e01d8ec46,20260929T204833Z-5e0600df3416,2026-09-18T11:23:10+00:00,2026-09-29T20:48:33+00:00
0000006879,冉皓燐,味全龍,打者,slg,0.214,0.212,-0.002,-0.002,changed,20260918T112310Z-8f8e01d8ec46,20260929T204833Z-5e0600df3416,2026-09-18T11:23:10+00:00,2026-09-29T20:48:33+00:00
0000007079,劉俊緯,味全龍,打者,batting_average,0.282,0.29,0.008,0.008,changed,20260918T112310Z-8f8e01d8ec46,20260929T204833Z-5e0600df3416,2026-09-18T11:23:10+00:00,2026-09-29T20:48:33+00:00
0000007079,劉俊緯,味全龍,打者,home_runs,3.0,3.0,0.0,0.0,unchanged,20260918T112310Z-8f8e01d8ec46,20260929T204833Z-5e0600df3416,2026-09-18T11:23:10+00:00,2026-09-29T20:48:33+00:00
0000007079,劉俊緯,味全龍,打者,obp,0.339,0.34,0.001,0.001,changed,20260918T112310Z-8f8e01d8ec46,20260929T204833Z-5e0600df3416,2026-09-18T11:23:10+00:00,2026-09-29T20:48:33+00:00
0000007079,劉俊緯,味全龍,打者,ops,0.708,0.709,0.001,0.001,changed,20260918T112310Z-8f8e01d8ec46,20260929T204833Z-5e0600df3416,2026-09-18T11:23:10+00:00,2026-09-29T20:48:33+00:00
0000007079,劉俊緯,味全龍,打者,pa,229.0,264.0,35.0,35.0,changed,20260918T112310Z-8f8e01d8ec46,20260929T204833Z-5e0600df3416,2026-09-18T11:23:10+00:00,2026-09-29T20:48:33+00:00
0000007079,劉俊緯,味全龍,打者,player_value_score,34.2,33.6,-0.6,-0.6,changed,20260918T112310Z-8f8e01d8ec46,20260929T204833Z-5e0600df3416,2026-09-18T11:23:10+00:00,2026-09-29T20:48:33+00:00
0000007079,劉俊緯,味全龍,打者,slg,0.369,0.369,0.0,0.0,unchanged,20260918T112310Z-8f8e01d8ec46,20260929T204833Z-5e0600df3416,2026-09-18T11:23:10+00:00,2026-09-29T20:48:33+00:00
0000005545,劉基鴻,味全龍,打者,batting_average,0.234,0.234,0.0,0.0,unchanged,20260918T112310Z-8f8e01d8ec46,20260929T204833Z-5e0600df3416,2026-09-18T11:23:10+00:00,2026-09-29T20:48:33+00:00
0000005545,劉基鴻,味全龍,打者,home_runs,7.0,7.0,0.0,0.0,unchanged,20260918T112310Z-8f8e01d8ec46,20260929T204833Z-5e0600df3416,2026-09-18T11:23:10+00:00,2026-09-29T20:48:33+00:00
0000005545,劉基鴻,味全龍,打者,obp,0.29,0.29,0.0,0.0,unchanged,20260918T112310Z-8f8e01d8ec46,20260929T204833Z-5e0600df3416,2026-09-18T11:23:10+00:00,2026-09-29T20:48:33+00:00
0000005545,劉基鴻,味全龍,打者,ops,0.627,0.627,0.0,0.0,unchanged,20260918T112310Z-8f8e01d8ec46,20260929T204833Z-5e0600df3416,2026-09-18T11:23:10+00:00,2026-09-29T20:48:33+00:00
0000005545,劉基鴻,味全龍,打者,pa,411.0,411.0,0.0,0.0,unchanged,20260918T112310Z-8f8e01d8ec46,20260929T204833Z-5e0600df3416,2026-09-18T11:23:10+00:00,2026-09-29T20:48:33+00:00
0000005545,劉基鴻,味全龍,打者,player_value_score,32.4,32.6,0.2,0.2,changed,20260918T112310Z-8f8e01d8ec46,20260929T204833Z-5e0600df3416,2026-09-18T11:23:10+00:00,2026-09-29T20:48:33+00:00
0000005545,劉基鴻,味全龍,打者,slg,0.337,0.337,0.0,0.0,unchanged,20260918T112310Z-8f8e01d8ec46,20260929T204833Z-5e0600df3416,2026-09-18T11:23:10+00:00,2026-09-29T20:48:33+00:00
0000003625,吉力吉撈．鞏冠,味全龍,打者,batting_average,0.204,0.209,0.005,0.005,changed,20260918T112310Z-8f8e01d8ec46,20260929T204833Z-5e0600df3416,2026-09-18T11:23:10+00:00,2026-09-29T20:48:33+00:00
0000003625,吉力吉撈．鞏冠,味全龍,打者,home_runs,3.0,3.0,0.0,0.0,unchanged,20260918T112310Z-8f8e01d8ec46,20260929T204833Z-5e0600df3416,2026-09-18T11:23:10+00:00,2026-09-29T20:48:33+00:00
0000003625,吉力吉撈．鞏冠,味全龍,打者,obp,0.302,0.303,0.001,0.001,changed,20260918T112310Z-8f8e01d8ec46,20260929T204833Z-5e0600df3416,2026-09-18T11:23:10+00:00,2026-09-29T20:48:33+00:00
0000003625,吉力吉撈．鞏冠,味全龍,打者,ops,0.576,0.583,0.007,0.007,changed,20260918T112310Z-8f8e01d8ec46,20260929T204833Z-5e0600df3416,2026-09-18T11:23:10+00:00,2026-09-29T20:48:33+00:00
0000003625,吉力吉撈．鞏冠,味全龍,打者,pa,232.0,244.0,12.0,12.0,changed,20260918T112310Z-8f8e01d8ec46,20260929T204833Z-5e0600df3416,2026-09-18T11:23:10+00:00,2026-09-29T20:48:33+00:00
0000003625,吉力吉撈．鞏冠,味全龍,打者,player_value_score,29.4,29.9,0.5,0.5,changed,20260918T112310Z-8f8e01d8ec46,20260929T204833Z-5e0600df3416,2026-09-18T11:23:10+00:00,2026-09-29T20:48:33+00:00
0000003625,吉力吉撈．鞏冠,味全龍,打者,slg,0.274,0.28,0.006,0.006,changed,20260918T112310Z-8f8e01d8ec46,20260929T204833Z-5e0600df3416,2026-09-18T11:23:10+00:00,2026-09-29T20:48:33+00:00
0000007610,吳承皓,味全龍,打者,batting_average,0.333,0.333,0.0,0.0,unchanged,20260918T112310Z-8f8e01d8ec46,20260929T204833Z-5e0600df3416,2026-09-18T11:23:10+00:00,2026-09-29T20:48:33+00:00
0000007610,吳承皓,味全龍,打者,home_runs,0.0,0.0,0.0,0.0,unchanged,20260918T112310Z-8f8e01d8ec46,20260929T204833Z-5e0600df3416,2026-09-18T11:23:10+00:00,2026-09-29T20:48:33+00:00
0000007610,吳承皓,味全龍,打者,obp,0.5,0.5,0.0,0.0,unchanged,20260918T112310Z-8f8e01d8ec46,20260929T204833Z-5e0600df3416,2026-09-18T11:23:10+00:00,2026-09-29T20:48:33+00:00
0000007610,吳承皓,味全龍,打者,ops,0.833,0.833,0.0,0.0,unchanged,20260918T112310Z-8f8e01d8ec46,20260929T204833Z-5e0600df3416,2026-09-18T11:23:10+00:00,2026-09-29T20:48:33+00:00
0000007610,吳承皓,味全龍,打者,pa,4.0,4.0,0.0,0.0,unchanged,20260918T112310Z-8f8e01d8ec46,20260929T204833Z-5e0600df3416,2026-09-18T11:23:10+00:00,2026-09-29T20:48:33+00:00
0000007610,吳承皓,味全龍,打者,player_value_score,37.4,37.4,0.0,0.0,unchanged,20260918T112310Z-8f8e01d8ec46,20260929T204833Z-5e0600df3416,2026-09-18T11:23:10+00:00,2026-09-29T20:48:33+00:00
0000007610,吳承皓,味全龍,打者,slg,0.333,0.333,0.0,0.0,unchanged,20260918T112310Z-8f8e01d8ec46,20260929T204833Z-5e0600df3416,2026-09-18T11:23:10+00:00,2026-09-29T20:48:33+00:00
0000005563,姚冠瑋,味全龍,打者,batting_average,0.0,0.0,0.0,0.0,unchanged,20260918T112310Z-8f8e01d8ec46,20260929T204833Z-5e0600df3416,2026-09-18T11:23:10+00:00,2026-09-29T20:48:33+00:00
0000005563,姚冠瑋,味全龍,打者,home_runs,0.0,0.0,0.0,0.0,unchanged,20260918T112310Z-8f8e01d8ec46,20260929T204833Z-5e0600df3416,2026-09-18T11:23:10+00:00,2026-09-29T20:48:33+00:00
0000005563,姚冠瑋,味全龍,打者,obp,0.0,0.0,0.0,0.0,unchanged,20260918T112310Z-8f8e01d8ec46,20260929T204833Z-5e0600df3416,2026-09-18T11:23:10+00:00,2026-09-29T20:48:33+00:00
0000005563,姚冠瑋,味全龍,打者,ops,0.0,0.0,0.0,0.0,unchanged,20260918T112310Z-8f8e01d8ec46,20260929T204833Z-5e0600df3416,2026-09-18T11:23:10+00:00,2026-09-29T20:48:33+00:00
0000005563,姚冠瑋,味全龍,打者,pa,3.0,3.0,0.0,0.0,unchanged,20260918T112310Z-8f8e01d8ec46,20260929T204833Z-5e0600df3416,2026-09-18T11:23:10+00:00,2026-09-29T20:48:33+00:00
0000005563,姚冠瑋,味全龍,打者,player_value_score,1.8,1.8,0.0,0.0,unchanged,20260918T112310Z-8f8e01d8ec46,20260929T204833Z-5e0600df3416,2026-09-18T11:23:10+00:00,2026-09-29T20:48:33+00:00
0000005563,姚冠瑋,味全龍,打者,slg,0.0,0.0,0.0,0.0,unchanged,20260918T112310Z-8f8e01d8ec46,20260929T204833Z-5e0600df3416,2026-09-18T11:23:10+00:00,2026-09-29T20:48:33+00:00
0000005542,張政禹,味全龍,打者,batting_average,0.283,0.283,0.0,0.0,unchanged,20260918T112310Z-8f8e01d8ec46,20260929T204833Z-5e0600df3416,2026-09-18T11:23:10+00:00,2026-09-29T20:48:33+00:00
0000005542,張政禹,味全龍,打者,home_runs,1.0,1.0,0.0,0.0,unchanged,20260918T112310Z-8f8e01d8ec46,20260929T204833Z-5e0600df3416,2026-09-18T11:23:10+00:00,2026-09-29T20:48:33+00:00
0000005542,張政禹,味全龍,打者,obp,0.342,0.348,0.006,0.006,changed,20260918T112310Z-8f8e01d8ec46,20260929T204833Z-5e0600df3416,2026-09-18T11:23:10+00:00,2026-09-29T20:48:33+00:00
0000005542,張政禹,味全龍,打者,ops,0.683,0.688,0.005,0.005,changed,20260918T112310Z-8f8e01d8ec46,20260929T204833Z-5e0600df3416,2026-09-18T11:23:10+00:00,2026-09-29T20:48:33+00:00
0000005542,張政禹,味全龍,打者,pa,384.0,423.0,39.0,39.0,changed,20260918T112310Z-8f8e01d8ec46,20260929T204833Z-5e0600df3416,2026-09-18T11:23:10+00:00,2026-09-29T20:48:33+00:00
0000005542,張政禹,味全龍,打者,player_value_score,31.5,31.9,0.4,0.4,changed,20260918T112310Z-8f8e01d8ec46,20260929T204833Z-5e0600df3416,2026-09-18T11:23:10+00:00,2026-09-29T20:48:33+00:00
0000005542,張政禹,味全龍,打者,slg,0.341,0.34,-0.001,-0.001,changed,20260918T112310Z-8f8e01d8ec46,20260929T204833Z-5e0600df3416,2026-09-18T11:23:10+00:00,2026-09-29T20:48:33+00:00
0000006725,張祐嘉,味全龍,打者,batting_average,0.231,0.228,-0.003,-0.003,changed,20260918T112310Z-8f8e01d8ec46,20260929T204833Z-5e0600df3416,2026-09-18T11:23:10+00:00,2026-09-29T20:48:33+00:00
0000006725,張祐嘉,味全龍,打者,home_runs,0.0,0.0,0.0,0.0,unchanged,20260918T112310Z-8f8e01d8ec46,20260929T204833Z-5e0600df3416,2026-09-18T11:23:10+00:00,2026-09-29T20:48:33+00:00
0000006725,張祐嘉,味全龍,打者,obp,0.265,0.262,-0.003,-0.003,changed,20260918T112310Z-8f8e01d8ec46,20260929T204833Z-5e0600df3416,2026-09-18T11:23:10+00:00,2026-09-29T20:48:33+00:00
0000006725,張祐嘉,味全龍,打者,ops,0.521,0.515,-0.006,-0.006,changed,20260918T112310Z-8f8e01d8ec46,20260929T204833Z-5e0600df3416,2026-09-18T11:23:10+00:00,2026-09-29T20:48:33+00:00
0000006725,張祐嘉,味全龍,打者,pa,84.0,85.0,1.0,1.0,changed,20260918T112310Z-8f8e01d8ec46,20260929T204833Z-5e0600df3416,2026-09-18T11:23:10+00:00,2026-09-29T20:48:33+00:00
0000006725,張祐嘉,味全龍,打者,player_value_score,22.2,22.0,-0.2,-0.2,changed,20260918T112310Z-8f8e01d8ec46,20260929T204833Z-5e0600df3416,2026-09-18T11:23:10+00:00,2026-09-29T20:48:33+00:00
0000006725,張祐嘉,味全龍,打者,slg,0.256,0.253,-0.003,-0.003,changed,20260918T112310Z-8f8e01d8ec46,20260929T204833Z-5e0600df3416,2026-09-18T11:23:10+00:00,2026-09-29T20:48:33+00:00
0000005553,張祐銘,味全龍,打者,batting_average,0.229,0.3,0.071,0.071,changed,20260918T112310Z-8f8e01d8ec46,20260929T204833Z-5e0600df3416,2026-09-18T11:23:10+00:00,2026-09-29T20:48:33+00:00
0000005553,張祐銘,味全龍,打者,home_runs,0.0,2.0,2.0,2.0,changed,20260918T112310Z-8f8e01d8ec46,20260929T204833Z-5e0600df3416,2026-09-18T11:23:10+00:00,2026-09-29T20:48:33+00:00
0000005553,張祐銘,味全龍,打者,obp,0.357,0.407,0.05,0.05,changed,20260918T112310Z-8f8e01d8ec46,20260929T204833Z-5e0600df3416,2026-09-18T11:23:10+00:00,2026-09-29T20:48:33+00:00
0000005553,張祐銘,味全龍,打者,ops,0.728,0.967,0.239,0.239,changed,20260918T112310Z-8f8e01d8ec46,20260929T204833Z-5e0600df3416,2026-09-18T11:23:10+00:00,2026-09-29T20:48:33+00:00
0000005553,張祐銘,味全龍,打者,pa,42.0,59.0,17.0,17.0,changed,20260918T112310Z-8f8e01d8ec46,20260929T204833Z-5e0600df3416,2026-09-18T11:23:10+00:00,2026-09-29T20:48:33+00:00
0000005553,張祐銘,味全龍,打者,player_value_score,36.2,51.9,15.7,15.7,changed,20260918T112310Z-8f8e01d8ec46,20260929T204833Z-5e0600df3416,2026-09-18T11:23:10+00:00,2026-09-29T20:48:33+00:00
0000005553,張祐銘,味全龍,打者,slg,0.371,0.56,0.189,0.189,changed,20260918T112310Z-8f8e01d8ec46,20260929T204833Z-5e0600df3416,2026-09-18T11:23:10+00:00,2026-09-29T20:48:33+00:00
0000005546,拿莫．伊漾,味全龍,打者,batting_average,0.241,0.242,0.001,0.001,changed,20260918T112310Z-8f8e01d8ec46,20260929T204833Z-5e0600df3416,2026-09-18T11:23:10+00:00,2026-09-29T20:48:33+00:00
0000005546,拿莫．伊漾,味全龍,打者,home_runs,4.0,4.0,0.0,0.0,unchanged,20260918T112310Z-8f8e01d8ec46,20260929T204833Z-5e0600df3416,2026-09-18T11:23:10+00:00,2026-09-29T20:48:33+00:00
0000005546,拿莫．伊漾,味全龍,打者,obp,0.305,0.296,-0.009,-0.009,changed,20260918T112310Z-8f8e01d8ec46,20260929T204833Z-5e0600df3416,2026-09-18T11:23:10+00:00,2026-09-29T20:48:33+00:00
0000005546,拿莫．伊漾,味全龍,打者,ops,0.805,0.751,-0.054,-0.054,changed,20260918T112310Z-8f8e01d8ec46,20260929T204833Z-5e0600df3416,2026-09-18T11:23:10+00:00,2026-09-29T20:48:33+00:00
0000005546,拿莫．伊漾,味全龍,打者,pa,59.0,71.0,12.0,12.0,changed,20260918T112310Z-8f8e01d8ec46,20260929T204833Z-5e0600df3416,2026-09-18T11:23:10+00:00,2026-09-29T20:48:33+00:00
0000005546,拿莫．伊漾,味全龍,打者,player_value_score,48.5,43.9,-4.6,-4.6,changed,20260918T112310Z-8f8e01d8ec46,20260929T204833Z-5e0600df3416,2026-09-18T11:23:10+00:00,2026-09-29T20:48:33+00:00
0000005546,拿莫．伊漾,味全龍,打者,slg,0.5,0.455,-0.045,-0.045,changed,20260918T112310Z-8f8e01d8ec46,20260929T204833Z-5e0600df3416,2026-09-18T11:23:10+00:00,2026-09-29T20:48:33+00:00
0000007304,曾聖安,味全龍,打者,batting_average,0.176,0.168,-0.008,-0.008,changed,20260918T112310Z-8f8e01d8ec46,20260929T204833Z-5e0600df3416,2026-09-18T11:23:10+00:00,2026-09-29T20:48:33+00:00
0000007304,曾聖安,味全龍,打者,home_runs,1.0,1.0,0.0,0.0,unchanged,20260918T112310Z-8f8e01d8ec46,20260929T204833Z-5e0600df3416,2026-09-18T11:23:10+00:00,2026-09-29T20:48:33+00:00
0000007304,曾聖安,味全龍,打者,obp,0.262,0.259,-0.003,-0.003,changed,20260918T112310Z-8f8e01d8ec46,20260929T204833Z-5e0600df3416,2026-09-18T11:23:10+00:00,2026-09-29T20:48:33+00:00
0000007304,曾聖安,味全龍,打者,ops,0.492,0.47,-0.022,-0.022,changed,20260918T112310Z-8f8e01d8ec46,20260929T204833Z-5e0600df3416,2026-09-18T11:23:10+00:00,2026-09-29T20:48:33+00:00
0000007304,曾聖安,味全龍,打者,pa,85.0,110.0,25.0,25.0,changed,20260918T112310Z-8f8e01d8ec46,20260929T204833Z-5e0600df3416,2026-09-18T11:23:10+00:00,2026-09-29T20:48:33+00:00
0000007304,曾聖安,味全龍,打者,player_value_score,25.7,24.6,-1.1,-1.1,changed,20260918T112310Z-8f8e01d8ec46,20260929T204833Z-5e0600df3416,2026-09-18T11:23:10+00:00,2026-09-29T20:48:33+00:00
0000007304,曾聖安,味全龍,打者,slg,0.23,0.211,-0.019,-0.019,changed,20260918T112310Z-8f8e01d8ec46,20260929T204833Z-5e0600df3416,2026-09-18T11:23:10+00:00,2026-09-29T20:48:33+00:00
0000001318,朱育賢,味全龍,打者,batting_average,0.248,0.234,-0.014,-0.014,changed,20260918T112310Z-8f8e01d8ec46,20260929T204833Z-5e0600df3416,2026-09-18T11:23:10+00:00,2026-09-29T20:48:33+00:00
0000001318,朱育賢,味全龍,打者,home_runs,12.0,12.0,0.0,0.0,unchanged,20260918T112310Z-8f8e01d8ec46,20260929T204833Z-5e0600df3416,2026-09-18T11:23:10+00:00,2026-09-29T20:48:33+00:00
0000001318,朱育賢,味全龍,打者,obp,0.313,0.299,-0.014,-0.014,changed,20260918T112310Z-8f8e01d8ec46,20260929T204833Z-5e0600df3416,2026-09-18T11:23:10+00:00,2026-09-29T20:48:33+00:00
0000001318,朱育賢,味全龍,打者,ops,0.689,0.653,-0.036,-0.036,changed,20260918T112310Z-8f8e01d8ec46,20260929T204833Z-5e0600df3416,2026-09-18T11:23:10+00:00,2026-09-29T20:48:33+00:00
0000001318,朱育賢,味全龍,打者,pa,400.0,438.0,38.0,38.0,changed,20260918T112310Z-8f8e01d8ec46,20260929T204833Z-5e0600df3416,2026-09-18T11:23:10+00:00,2026-09-29T20:48:33+00:00
0000001318,朱育賢,味全龍,打者,player_value_score,36.2,34.8,-1.4,-1.4,changed,20260918T112310Z-8f8e01d8ec46,20260929T204833Z-5e0600df3416,2026-09-18T11:23:10+00:00,2026-09-29T20:48:33+00:00
0000001318,朱育賢,味全龍,打者,slg,0.376,0.354,-0.022,-0.022,changed,20260918T112310Z-8f8e01d8ec46,20260929T204833Z-5e0600df3416,2026-09-18T11:23:10+00:00,2026-09-29T20:48:33+00:00
0000005540,李凱威,味全龍,打者,batting_average,0.268,0.261,-0.007,-0.007,changed,20260918T112310Z-8f8e01d8ec46,20260929T204833Z-5e0600df3416,2026-09-18T11:23:10+00:00,2026-09-29T20:48:33+00:00
0000005540,李凱威,味全龍,打者,home_runs,3.0,3.0,0.0,0.0,unchanged,20260918T112310Z-8f8e01d8ec46,20260929T204833Z-5e0600df3416,2026-09-18T11:23:10+00:00,2026-09-29T20:48:33+00:00
0000005540,李凱威,味全龍,打者,obp,0.351,0.338,-0.013,-0.013,changed,20260918T112310Z-8f8e01d8ec46,20260929T204833Z-5e0600df3416,2026-09-18T11:23:10+00:00,2026-09-29T20:48:33+00:00
0000005540,李凱威,味全龍,打者,ops,0.691,0.663,-0.028,-0.028,changed,20260918T112310Z-8f8e01d8ec46,20260929T204833Z-5e0600df3416,2026-09-18T11:23:10+00:00,2026-09-29T20:48:33+00:00
0000005540,李凱威,味全龍,打者,pa,385.0,426.0,41.0,41.0,changed,20260918T112310Z-8f8e01d8ec46,20260929T204833Z-5e0600df3416,2026-09-18T11:23:10+00:00,2026-09-29T20:48:33+00:00
0000005540,李凱威,味全龍,打者,player_value_score,33.9,32.8,-1.1,-1.1,changed,20260918T112310Z-8f8e01d8ec46,20260929T204833Z-5e0600df3416,2026-09-18T11:23:10+00:00,2026-09-29T20:48:33+00:00
0000005540,李凱威,味全龍,打者,slg,0.34,0.325,-0.015,-0.015,changed,20260918T112310Z-8f8e01d8ec46,20260929T204833Z-5e0600df3416,2026-09-18T11:23:10+00:00,2026-09-29T20:48:33+00:00
0000006726,李展毅,味全龍,打者,batting_average,0.213,0.213,0.0,0.0,unchanged,20260918T112310Z-8f8e01d8ec46,20260929T204833Z-5e0600df3416,2026-09-18T11:23:10+00:00,2026-09-29T20:48:33+00:00
0000006726,李展毅,味全龍,打者,home_runs,0.0,0.0,0.0,0.0,unchanged,20260918T112310Z-8f8e01d8ec46,20260929T204833Z-5e0600df3416,2026-09-18T11:23:10+00:00,2026-09-29T20:48:33+00:00
0000006726,李展毅,味全龍,打者,obp,0.273,0.273,0.0,0.0,unchanged,20260918T112310Z-8f8e01d8ec46,20260929T204833Z-5e0600df3416,2026-09-18T11:23:10+00:00,2026-09-29T20:48:33+00:00
0000006726,李展毅,味全龍,打者,ops,0.568,0.568,0.0,0.0,unchanged,20260918T112310Z-8f8e01d8ec46,20260929T204833Z-5e0600df3416,2026-09-18T11:23:10+00:00,2026-09-29T20:48:33+00:00
0000006726,李展毅,味全龍,打者,pa,66.0,66.0,0.0,0.0,unchanged,20260918T112310Z-8f8e01d8ec46,20260929T204833Z-5e0600df3416,2026-09-18T11:23:10+00:00,2026-09-29T20:48:33+00:00
0000006726,李展毅,味全龍,打者,player_value_score,27.3,27.2,-0.1,-0.1,changed,20260918T112310Z-8f8e01d8ec46,20260929T204833Z-5e0600df3416,2026-09-18T11:23:10+00:00,2026-09-29T20:48:33+00:00
0000006726,李展毅,味全龍,打者,slg,0.295,0.295,0.0,0.0,unchanged,20260918T112310Z-8f8e01d8ec46,20260929T204833Z-5e0600df3416,2026-09-18T11:23:10+00:00,2026-09-29T20:48:33+00:00
0000005548,林孝程,味全龍,打者,batting_average,0.237,0.237,0.0,0.0,unchanged,20260918T112310Z-8f8e01d8ec46,20260929T204833Z-5e0600df3416,2026-09-18T11:23:10+00:00,2026-09-29T20:48:33+00:00
0000005548,林孝程,味全龍,打者,home_runs,0.0,0.0,0.0,0.0,unchanged,20260918T112310Z-8f8e01d8ec46,20260929T204833Z-5e0600df3416,2026-09-18T11:23:10+00:00,2026-09-29T20:48:33+00:00
0000005548,林孝程,味全龍,打者,obp,0.341,0.341,0.0,0.0,unchanged,20260918T112310Z-8f8e01d8ec46,20260929T204833Z-5e0600df3416,2026-09-18T11:23:10+00:00,2026-09-29T20:48:33+00:00
0000005548,林孝程,味全龍,打者,ops,0.657,0.657,0.0,0.0,unchanged,20260918T112310Z-8f8e01d8ec46,20260929T204833Z-5e0600df3416,2026-09-18T11:23:10+00:00,2026-09-29T20:48:33+00:00
0000005548,林孝程,味全龍,打者,pa,44.0,44.0,0.0,0.0,unchanged,20260918T112310Z-8f8e01d8ec46,20260929T204833Z-5e0600df3416,2026-09-18T11:23:10+00:00,2026-09-29T20:48:33+00:00
0000005548,林孝程,味全龍,打者,player_value_score,31.1,31.1,0.0,0.0,unchanged,20260918T112310Z-8f8e01d8ec46,20260929T204833Z-5e0600df3416,2026-09-18T11:23:10+00:00,2026-09-29T20:48:33+00:00
0000005548,林孝程,味全龍,打者,slg,0.316,0.316,0.0,0.0,unchanged,20260918T112310Z-8f8e01d8ec46,20260929T204833Z-5e0600df3416,2026-09-18T11:23:10+00:00,2026-09-29T20:48:33+00:00
0000006217,林辰勳,味全龍,打者,batting_average,0.246,0.255,0.009,0.009,changed,20260918T112310Z-8f8e01d8ec46,20260929T204833Z-5e0600df3416,2026-09-18T11:23:10+00:00,2026-09-29T20:48:33+00:00
0000006217,林辰勳,味全龍,打者,home_runs,0.0,0.0,0.0,0.0,unchanged,20260918T112310Z-8f8e01d8ec46,20260929T204833Z-5e0600df3416,2026-09-18T11:23:10+00:00,2026-09-29T20:48:33+00:00
0000006217,林辰勳,味全龍,打者,obp,0.306,0.324,0.018,0.018,changed,20260918T112310Z-8f8e01d8ec46,20260929T204833Z-5e0600df3416,2026-09-18T11:23:10+00:00,2026-09-29T20:48:33+00:00
0000006217,林辰勳,味全龍,打者,ops,0.588,0.617,0.029,0.029,changed,20260918T112310Z-8f8e01d8ec46,20260929T204833Z-5e0600df3416,2026-09-18T11:23:10+00:00,2026-09-29T20:48:33+00:00
0000006217,林辰勳,味全龍,打者,pa,168.0,187.0,19.0,19.0,changed,20260918T112310Z-8f8e01d8ec46,20260929T204833Z-5e0600df3416,2026-09-18T11:23:10+00:00,2026-09-29T20:48:33+00:00
0000006217,林辰勳,味全龍,打者,player_value_score,26.8,28.4,1.6,1.6,changed,20260918T112310Z-8f8e01d8ec46,20260929T204833Z-5e0600df3416,2026-09-18T11:23:10+00:00,2026-09-29T20:48:33+00:00
0000006217,林辰勳,味全龍,打者,slg,0.282,0.293,0.011,0.011,changed,20260918T112310Z-8f8e01d8ec46,20260929T204833Z-5e0600df3416,2026-09-18T11:23:10+00:00,2026-09-29T20:48:33+00:00
0000006216,王順和,味全龍,打者,batting_average,0.258,0.263,0.005,0.005,changed,20260918T112310Z-8f8e01d8ec46,20260929T204833Z-5e0600df3416,2026-09-18T11:23:10+00:00,2026-09-29T20:48:33+00:00
0000006216,王順和,味全龍,打者,home_runs,3.0,4.0,1.0,1.0,changed,20260918T112310Z-8f8e01d8ec46,20260929T204833Z-5e0600df3416,2026-09-18T11:23:10+00:00,2026-09-29T20:48:33+00:00
0000006216,王順和,味全龍,打者,obp,0.34,0.349,0.009,0.009,changed,20260918T112310Z-8f8e01d8ec46,20260929T204833Z-5e0600df3416,2026-09-18T11:23:10+00:00,2026-09-29T20:48:33+00:00
0000006216,王順和,味全龍,打者,ops,0.703,0.72,0.017,0.017,changed,20260918T112310Z-8f8e01d8ec46,20260929T204833Z-5e0600df3416,2026-09-18T11:23:10+00:00,2026-09-29T20:48:33+00:00
0000006216,王順和,味全龍,打者,pa,294.0,321.0,27.0,27.0,changed,20260918T112310Z-8f8e01d8ec46,20260929T204833Z-5e0600df3416,2026-09-18T11:23:10+00:00,2026-09-29T20:48:33+00:00
0000006216,王順和,味全龍,打者,player_value_score,34.2,35.4,1.2,1.2,changed,20260918T112310Z-8f8e01d8ec46,20260929T204833Z-5e0600df3416,2026-09-18T11:23:10+00:00,2026-09-29T20:48:33+00:00
0000006216,王順和,味全龍,打者,slg,0.363,0.371,0.008,0.008,changed,20260918T112310Z-8f8e01d8ec46,20260929T204833Z-5e0600df3416,2026-09-18T11:23:10+00:00,2026-09-29T20:48:33+00:00
0000000356,石翔宇,味全龍,打者,batting_average,0.111,0.111,0.0,0.0,unchanged,20260918T112310Z-8f8e01d8ec46,20260929T204833Z-5e0600df3416,2026-09-18T11:23:10+00:00,2026-09-29T20:48:33+00:00
0000000356,石翔宇,味全龍,打者,home_runs,0.0,0.0,0.0,0.0,unchanged,20260918T112310Z-8f8e01d8ec46,20260929T204833Z-5e0600df3416,2026-09-18T11:23:10+00:00,2026-09-29T20:48:33+00:00
0000000356,石翔宇,味全龍,打者,obp,0.2,0.2,0.0,0.0,unchanged,20260918T112310Z-8f8e01d8ec46,20260929T204833Z-5e0600df3416,2026-09-18T11:23:10+00:00,2026-09-29T20:48:33+00:00
0000000356,石翔宇,味全龍,打者,ops,0.422,0.422,0.0,0.0,unchanged,20260918T112310Z-8f8e01d8ec46,20260929T204833Z-5e0600df3416,2026-09-18T11:23:10+00:00,2026-09-29T20:48:33+00:00
0000000356,石翔宇,味全龍,打者,pa,10.0,10.0,0.0,0.0,unchanged,20260918T112310Z-8f8e01d8ec46,20260929T204833Z-5e0600df3416,2026-09-18T11:23:10+00:00,2026-09-29T20:48:33+00:00
0000000356,石翔宇,味全龍,打者,player_value_score,24.0,23.8,-0.2,-0.2,changed,20260918T112310Z-8f8e01d8ec46,20260929T204833Z-5e0600df3416,2026-09-18T11:23:10+00:00,2026-09-29T20:48:33+00:00
0000000356,石翔宇,味全龍,打者,slg,0.222,0.222,0.0,0.0,unchanged,20260918T112310Z-8f8e01d8ec46,20260929T204833Z-5e0600df3416,2026-09-18T11:23:10+00:00,2026-09-29T20:48:33+00:00
0000005291,蔣少宏,味全龍,打者,batting_average,0.211,0.217,0.006,0.006,changed,20260918T112310Z-8f8e01d8ec46,20260929T204833Z-5e0600df3416,2026-09-18T11:23:10+00:00,2026-09-29T20:48:33+00:00
0000005291,蔣少宏,味全龍,打者,home_runs,2.0,2.0,0.0,0.0,unchanged,20260918T112310Z-8f8e01d8ec46,20260929T204833Z-5e0600df3416,2026-09-18T11:23:10+00:00,2026-09-29T20:48:33+00:00
0000005291,蔣少宏,味全龍,打者,obp,0.244,0.247,0.003,0.003,changed,20260918T112310Z-8f8e01d8ec46,20260929T204833Z-5e0600df3416,2026-09-18T11:23:10+00:00,2026-09-29T20:48:33+00:00
0000005291,蔣少宏,味全龍,打者,ops,0.525,0.53,0.005,0.005,changed,20260918T112310Z-8f8e01d8ec46,20260929T204833Z-5e0600df3416,2026-09-18T11:23:10+00:00,2026-09-29T20:48:33+00:00
0000005291,蔣少宏,味全龍,打者,pa,211.0,226.0,15.0,15.0,changed,20260918T112310Z-8f8e01d8ec46,20260929T204833Z-5e0600df3416,2026-09-18T11:23:10+00:00,2026-09-29T20:48:33+00:00
0000005291,蔣少宏,味全龍,打者,player_value_score,25.9,25.9,0.0,0.0,unchanged,20260918T112310Z-8f8e01d8ec46,20260929T204833Z-5e0600df3416,2026-09-18T11:23:10+00:00,2026-09-29T20:48:33+00:00
0000005291,蔣少宏,味全龍,打者,slg,0.281,0.283,0.002,0.002,changed,20260918T112310Z-8f8e01d8ec46,20260929T204833Z-5e0600df3416,2026-09-18T11:23:10+00:00,2026-09-29T20:48:33+00:00
0000007308,許博閎,味全龍,打者,batting_average,0.1,0.1,0.0,0.0,unchanged,20260918T112310Z-8f8e01d8ec46,20260929T204833Z-5e0600df3416,2026-09-18T11:23:10+00:00,2026-09-29T20:48:33+00:00
0000007308,許博閎,味全龍,打者,home_runs,0.0,0.0,0.0,0.0,unchanged,20260918T112310Z-8f8e01d8ec46,20260929T204833Z-5e0600df3416,2026-09-18T11:23:10+00:00,2026-09-29T20:48:33+00:00
0000007308,許博閎,味全龍,打者,obp,0.182,0.182,0.0,0.0,unchanged,20260918T112310Z-8f8e01d8ec46,20260929T204833Z-5e0600df3416,2026-09-18T11:23:10+00:00,2026-09-29T20:48:33+00:00
0000007308,許博閎,味全龍,打者,ops,0.282,0.282,0.0,0.0,unchanged,20260918T112310Z-8f8e01d8ec46,20260929T204833Z-5e0600df3416,2026-09-18T11:23:10+00:00,2026-09-29T20:48:33+00:00
0000007308,許博閎,味全龍,打者,pa,11.0,11.0,0.0,0.0,unchanged,20260918T112310Z-8f8e01d8ec46,20260929T204833Z-5e0600df3416,2026-09-18T11:23:10+00:00,2026-09-29T20:48:33+00:00
0000007308,許博閎,味全龍,打者,player_value_score,16.7,17.1,0.4,0.4,changed,20260918T112310Z-8f8e01d8ec46,20260929T204833Z-5e0600df3416,2026-09-18T11:23:10+00:00,2026-09-29T20:48:33+00:00
0000007308,許博閎,味全龍,打者,slg,0.1,0.1,0.0,0.0,unchanged,20260918T112310Z-8f8e01d8ec46,20260929T204833Z-5e0600df3416,2026-09-18T11:23:10+00:00,2026-09-29T20:48:33+00:00
0000005549,郭天信,味全龍,打者,batting_average,0.257,0.254,-0.003,-0.003,changed,20260918T112310Z-8f8e01d8ec46,20260929T204833Z-5e0600df3416,2026-09-18T11:23:10+00:00,2026-09-29T20:48:33+00:00
0000005549,郭天信,味全龍,打者,home_runs,9.0,9.0,0.0,0.0,unchanged,20260918T112310Z-8f8e01d8ec46,20260929T204833Z-5e0600df3416,2026-09-18T11:23:10+00:00,2026-09-29T20:48:33+00:00
0000005549,郭天信,味全龍,打者,obp,0.313,0.311,-0.002,-0.002,changed,20260918T112310Z-8f8e01d8ec46,20260929T204833Z-5e0600df3416,2026-09-18T11:23:10+00:00,2026-09-29T20:48:33+00:00
0000005549,郭天信,味全龍,打者,ops,0.678,0.676,-0.002,-0.002,changed,20260918T112310Z-8f8e01d8ec46,20260929T204833Z-5e0600df3416,2026-09-18T11:23:10+00:00,2026-09-29T20:48:33+00:00
0000005549,郭天信,味全龍,打者,pa,452.0,489.0,37.0,37.0,changed,20260918T112310Z-8f8e01d8ec46,20260929T204833Z-5e0600df3416,2026-09-18T11:23:10+00:00,2026-09-29T20:48:33+00:00
0000005549,郭天信,味全龍,打者,player_value_score,35.4,35.7,0.3,0.3,changed,20260918T112310Z-8f8e01d8ec46,20260929T204833Z-5e0600df3416,2026-09-18T11:23:10+00:00,2026-09-29T20:48:33+00:00
0000005549,郭天信,味全龍,打者,slg,0.365,0.365,0.0,0.0,unchanged,20260918T112310Z-8f8e01d8ec46,20260929T204833Z-5e0600df3416,2026-09-18T11:23:10+00:00,2026-09-29T20:48:33+00:00
0000000743,陳子豪,味全龍,打者,batting_average,0.188,0.199,0.011,0.011,changed,20260918T112310Z-8f8e01d8ec46,20260929T204833Z-5e0600df3416,2026-09-18T11:23:10+00:00,2026-09-29T20:48:33+00:00
0000000743,陳子豪,味全龍,打者,home_runs,3.0,3.0,0.0,0.0,unchanged,20260918T112310Z-8f8e01d8ec46,20260929T204833Z-5e0600df3416,2026-09-18T11:23:10+00:00,2026-09-29T20:48:33+00:00
0000000743,陳子豪,味全龍,打者,obp,0.278,0.294,0.016,0.016,changed,20260918T112310Z-8f8e01d8ec46,20260929T204833Z-5e0600df3416,2026-09-18T11:23:10+00:00,2026-09-29T20:48:33+00:00
0000000743,陳子豪,味全龍,打者,ops,0.546,0.57,0.024,0.024,changed,20260918T112310Z-8f8e01d8ec46,20260929T204833Z-5e0600df3416,2026-09-18T11:23:10+00:00,2026-09-29T20:48:33+00:00
0000000743,陳子豪,味全龍,打者,pa,313.0,340.0,27.0,27.0,changed,20260918T112310Z-8f8e01d8ec46,20260929T204833Z-5e0600df3416,2026-09-18T11:23:10+00:00,2026-09-29T20:48:33+00:00
0000000743,陳子豪,味全龍,打者,player_value_score,28.8,29.8,1.0,1.0,changed,20260918T112310Z-8f8e01d8ec46,20260929T204833Z-5e0600df3416,2026-09-18T11:23:10+00:00,2026-09-29T20:48:33+00:00
0000000743,陳子豪,味全龍,打者,slg,0.268,0.276,0.008,0.008,changed,20260918T112310Z-8f8e01d8ec46,20260929T204833Z-5e0600df3416,2026-09-18T11:23:10+00:00,2026-09-29T20:48:33+00:00
0000006728,陳思仲,味全龍,打者,batting_average,0.138,0.133,-0.005,-0.005,changed,20260918T112310Z-8f8e01d8ec46,20260929T204833Z-5e0600df3416,2026-09-18T11:23:10+00:00,2026-09-29T20:48:33+00:00
0000006728,陳思仲,味全龍,打者,home_runs,0.0,0.0,0.0,0.0,unchanged,20260918T112310Z-8f8e01d8ec46,20260929T204833Z-5e0600df3416,2026-09-18T11:23:10+00:00,2026-09-29T20:48:33+00:00
0000006728,陳思仲,味全龍,打者,obp,0.194,0.188,-0.006,-0.006,changed,20260918T112310Z-8f8e01d8ec46,20260929T204833Z-5e0600df3416,2026-09-18T11:23:10+00:00,2026-09-29T20:48:33+00:00
0000006728,陳思仲,味全龍,打者,ops,0.332,0.321,-0.011,-0.011,changed,20260918T112310Z-8f8e01d8ec46,20260929T204833Z-5e0600df3416,2026-09-18T11:23:10+00:00,2026-09-29T20:48:33+00:00
0000006728,陳思仲,味全龍,打者,pa,31.0,32.0,1.0,1.0,changed,20260918T112310Z-8f8e01d8ec46,20260929T204833Z-5e0600df3416,2026-09-18T11:23:10+00:00,2026-09-29T20:48:33+00:00
0000006728,陳思仲,味全龍,打者,player_value_score,15.1,14.8,-0.3,-0.3,changed,20260918T112310Z-8f8e01d8ec46,20260929T204833Z-5e0600df3416,2026-09-18T11:23:10+00:00,2026-09-29T20:48:33+00:00
0000006728,陳思仲,味全龍,打者,slg,0.138,0.133,-0.005,-0.005,changed,20260918T112310Z-8f8e01d8ec46,20260929T204833Z-5e0600df3416,2026-09-18T11:23:10+00:00,2026-09-29T20:48:33+00:00
0000007082,陽念祖,味全龍,打者,batting_average,0.0,0.5,0.5,0.5,changed,20260918T112310Z-8f8e01d8ec46,20260929T204833Z-5e0600df3416,2026-09-18T11:23:10+00:00,2026-09-29T20:48:33+00:00
0000007082,陽念祖,味全龍,打者,home_runs,0.0,0.0,0.0,0.0,unchanged,20260918T112310Z-8f8e01d8ec46,20260929T204833Z-5e0600df3416,2026-09-18T11:23:10+00:00,2026-09-29T20:48:33+00:00
0000007082,陽念祖,味全龍,打者,obp,0.0,0.5,0.5,0.5,changed,20260918T112310Z-8f8e01d8ec46,20260929T204833Z-5e0600df3416,2026-09-18T11:23:10+00:00,2026-09-29T20:48:33+00:00
0000007082,陽念祖,味全龍,打者,ops,0.0,1.0,1.0,1.0,changed,20260918T112310Z-8f8e01d8ec46,20260929T204833Z-5e0600df3416,2026-09-18T11:23:10+00:00,2026-09-29T20:48:33+00:00
0000007082,陽念祖,味全龍,打者,pa,0.0,2.0,2.0,2.0,changed,20260918T112310Z-8f8e01d8ec46,20260929T204833Z-5e0600df3416,2026-09-18T11:23:10+00:00,2026-09-29T20:48:33+00:00
0000007082,陽念祖,味全龍,打者,player_value_score,5.2,35.1,29.9,29.9,changed,20260918T112310Z-8f8e01d8ec46,20260929T204833Z-5e0600df3416,2026-09-18T11:23:10+00:00,2026-09-29T20:48:33+00:00
0000007082,陽念祖,味全龍,打者,slg,0.0,0.5,0.5,0.5,changed,20260918T112310Z-8f8e01d8ec46,20260929T204833Z-5e0600df3416,2026-09-18T11:23:10+00:00,2026-09-29T20:48:33+00:00
0000005538,黃柏豪,味全龍,打者,batting_average,0.0,0.0,0.0,0.0,unchanged,20260918T112310Z-8f8e01d8ec46,20260929T204833Z-5e0600df3416,2026-09-18T11:23:10+00:00,2026-09-29T20:48:33+00:00
0000005538,黃柏豪,味全龍,打者,home_runs,0.0,0.0,0.0,0.0,unchanged,20260918T112310Z-8f8e01d8ec46,20260929T204833Z-5e0600df3416,2026-09-18T11:23:10+00:00,2026-09-29T20:48:33+00:00
0000005538,黃柏豪,味全龍,打者,obp,0.0,0.0,0.0,0.0,unchanged,20260918T112310Z-8f8e01d8ec46,20260929T204833Z-5e0600df3416,2026-09-18T11:23:10+00:00,2026-09-29T20:48:33+00:00
0000005538,黃柏豪,味全龍,打者,ops,0.0,0.0,0.0,0.0,unchanged,20260918T112310Z-8f8e01d8ec46,20260929T204833Z-5e0600df3416,2026-09-18T11:23:10+00:00,2026-09-29T20:48:33+00:00
0000005538,黃柏豪,味全龍,打者,pa,1.0,1.0,0.0,0.0,unchanged,20260918T112310Z-8f8e01d8ec46,20260929T204833Z-5e0600df3416,2026-09-18T11:23:10+00:00,2026-09-29T20:48:33+00:00
0000005538,黃柏豪,味全龍,打者,player_value_score,0.0,0.0,0.0,0.0,unchanged,20260918T112310Z-8f8e01d8ec46,20260929T204833Z-5e0600df3416,2026-09-18T11:23:10+00:00,2026-09-29T20:48:33+00:00
0000005538,黃柏豪,味全龍,打者,slg,0.0,0.0,0.0,0.0,unchanged,20260918T112310Z-8f8e01d8ec46,20260929T204833Z-5e0600df3416,2026-09-18T11:23:10+00:00,2026-09-29T20:48:33+00:00
0000006743,劉俊豪,富邦悍將,打者,batting_average,0.18,0.205,0.025,0.025,changed,20260918T112310Z-8f8e01d8ec46,20260929T204833Z-5e0600df3416,2026-09-18T11:23:10+00:00,2026-09-29T20:48:33+00:00
0000006743,劉俊豪,富邦悍將,打者,home_runs,0.0,0.0,0.0,0.0,unchanged,20260918T112310Z-8f8e01d8ec46,20260929T204833Z-5e0600df3416,2026-09-18T11:23:10+00:00,2026-09-29T20:48:33+00:00
0000006743,劉俊豪,富邦悍將,打者,obp,0.241,0.256,0.015,0.015,changed,20260918T112310Z-8f8e01d8ec46,20260929T204833Z-5e0600df3416,2026-09-18T11:23:10+00:00,2026-09-29T20:48:33+00:00
0000006743,劉俊豪,富邦悍將,打者,ops,0.421,0.461,0.04,0.04,changed,20260918T112310Z-8f8e01d8ec46,20260929T204833Z-5e0600df3416,2026-09-18T11:23:10+00:00,2026-09-29T20:48:33+00:00
0000006743,劉俊豪,富邦悍將,打者,pa,55.0,80.0,25.0,25.0,changed,20260918T112310Z-8f8e01d8ec46,20260929T204833Z-5e0600df3416,2026-09-18T11:23:10+00:00,2026-09-29T20:48:33+00:00
0000006743,劉俊豪,富邦悍將,打者,player_value_score,20.1,21.5,1.4,1.4,changed,20260918T112310Z-8f8e01d8ec46,20260929T204833Z-5e0600df3416,2026-09-18T11:23:10+00:00,2026-09-29T20:48:33+00:00
0000006743,劉俊豪,富邦悍將,打者,slg,0.18,0.205,0.025,0.025,changed,20260918T112310Z-8f8e01d8ec46,20260929T204833Z-5e0600df3416,2026-09-18T11:23:10+00:00,2026-09-29T20:48:33+00:00
0000006868,周佳樂,富邦悍將,打者,batting_average,0.225,0.225,0.0,0.0,unchanged,20260918T112310Z-8f8e01d8ec46,20260929T204833Z-5e0600df3416,2026-09-18T11:23:10+00:00,2026-09-29T20:48:33+00:00
0000006868,周佳樂,富邦悍將,打者,home_runs,0.0,0.0,0.0,0.0,unchanged,20260918T112310Z-8f8e01d8ec46,20260929T204833Z-5e0600df3416,2026-09-18T11:23:10+00:00,2026-09-29T20:48:33+00:00
0000006868,周佳樂,富邦悍將,打者,obp,0.311,0.311,0.0,0.0,unchanged,20260918T112310Z-8f8e01d8ec46,20260929T204833Z-5e0600df3416,2026-09-18T11:23:10+00:00,2026-09-29T20:48:33+00:00
0000006868,周佳樂,富邦悍將,打者,ops,0.611,0.611,0.0,0.0,unchanged,20260918T112310Z-8f8e01d8ec46,20260929T204833Z-5e0600df3416,2026-09-18T11:23:10+00:00,2026-09-29T20:48:33+00:00
0000006868,周佳樂,富邦悍將,打者,pa,46.0,46.0,0.0,0.0,unchanged,20260918T112310Z-8f8e01d8ec46,20260929T204833Z-5e0600df3416,2026-09-18T11:23:10+00:00,2026-09-29T20:48:33+00:00
0000006868,周佳樂,富邦悍將,打者,player_value_score,29.2,29.2,0.0,0.0,unchanged,20260918T112310Z-8f8e01d8ec46,20260929T204833Z-5e0600df3416,2026-09-18T11:23:10+00:00,2026-09-29T20:48:33+00:00
0000006868,周佳樂,富邦悍將,打者,slg,0.3,0.3,0.0,0.0,unchanged,20260918T112310Z-8f8e01d8ec46,20260929T204833Z-5e0600df3416,2026-09-18T11:23:10+00:00,2026-09-29T20:48:33+00:00
0000006738,孔念恩,富邦悍將,打者,batting_average,0.288,0.291,0.003,0.003,changed,20260918T112310Z-8f8e01d8ec46,20260929T204833Z-5e0600df3416,2026-09-18T11:23:10+00:00,2026-09-29T20:48:33+00:00
0000006738,孔念恩,富邦悍將,打者,home_runs,1.0,1.0,0.0,0.0,unchanged,20260918T112310Z-8f8e01d8ec46,20260929T204833Z-5e0600df3416,2026-09-18T11:23:10+00:00,2026-09-29T20:48:33+00:00
0000006738,孔念恩,富邦悍將,打者,obp,0.304,0.315,0.011,0.011,changed,20260918T112310Z-8f8e01d8ec46,20260929T204833Z-5e0600df3416,2026-09-18T11:23:10+00:00,2026-09-29T20:48:33+00:00
0000006738,孔念恩,富邦悍將,打者,ops,0.677,0.694,0.017,0.017,changed,20260918T112310Z-8f8e01d8ec46,20260929T204833Z-5e0600df3416,2026-09-18T11:23:10+00:00,2026-09-29T20:48:33+00:00
0000006738,孔念恩,富邦悍將,打者,pa,277.0,303.0,26.0,26.0,changed,20260918T112310Z-8f8e01d8ec46,20260929T204833Z-5e0600df3416,2026-09-18T11:23:10+00:00,2026-09-29T20:48:33+00:00
0000006738,孔念恩,富邦悍將,打者,player_value_score,30.5,31.2,0.7,0.7,changed,20260918T112310Z-8f8e01d8ec46,20260929T204833Z-5e0600df3416,2026-09-18T11:23:10+00:00,2026-09-29T20:48:33+00:00
0000006738,孔念恩,富邦悍將,打者,slg,0.373,0.379,0.006,0.006,changed,20260918T112310Z-8f8e01d8ec46,20260929T204833Z-5e0600df3416,2026-09-18T11:23:10+00:00,2026-09-29T20:48:33+00:00
0000000361,張洺瑀,富邦悍將,打者,batting_average,0.222,0.222,0.0,0.0,unchanged,20260918T112310Z-8f8e01d8ec46,20260929T204833Z-5e0600df3416,2026-09-18T11:23:10+00:00,2026-09-29T20:48:33+00:00
0000000361,張洺瑀,富邦悍將,打者,home_runs,0.0,0.0,0.0,0.0,unchanged,20260918T112310Z-8f8e01d8ec46,20260929T204833Z-5e0600df3416,2026-09-18T11:23:10+00:00,2026-09-29T20:48:33+00:00
0000000361,張洺瑀,富邦悍將,打者,obp,0.338,0.338,0.0,0.0,unchanged,20260918T112310Z-8f8e01d8ec46,20260929T204833Z-5e0600df3416,2026-09-18T11:23:10+00:00,2026-09-29T20:48:33+00:00
0000000361,張洺瑀,富邦悍將,打者,ops,0.608,0.608,0.0,0.0,unchanged,20260918T112310Z-8f8e01d8ec46,20260929T204833Z-5e0600df3416,2026-09-18T11:23:10+00:00,2026-09-29T20:48:33+00:00
0000000361,張洺瑀,富邦悍將,打者,pa,74.0,74.0,0.0,0.0,unchanged,20260918T112310Z-8f8e01d8ec46,20260929T204833Z-5e0600df3416,2026-09-18T11:23:10+00:00,2026-09-29T20:48:33+00:00
0000000361,張洺瑀,富邦悍將,打者,player_value_score,29.2,29.3,0.1,0.1,changed,20260918T112310Z-8f8e01d8ec46,20260929T204833Z-5e0600df3416,2026-09-18T11:23:10+00:00,2026-09-29T20:48:33+00:00
0000000361,張洺瑀,富邦悍將,打者,slg,0.27,0.27,0.0,0.0,unchanged,20260918T112310Z-8f8e01d8ec46,20260929T204833Z-5e0600df3416,2026-09-18T11:23:10+00:00,2026-09-29T20:48:33+00:00
0000006888,張育成,富邦悍將,打者,batting_average,0.282,0.289,0.007,0.007,changed,20260918T112310Z-8f8e01d8ec46,20260929T204833Z-5e0600df3416,2026-09-18T11:23:10+00:00,2026-09-29T20:48:33+00:00
0000006888,張育成,富邦悍將,打者,home_runs,15.0,16.0,1.0,1.0,changed,20260918T112310Z-8f8e01d8ec46,20260929T204833Z-5e0600df3416,2026-09-18T11:23:10+00:00,2026-09-29T20:48:33+00:00
0000006888,張育成,富邦悍將,打者,obp,0.377,0.39,0.013,0.013,changed,20260918T112310Z-8f8e01d8ec46,20260929T204833Z-5e0600df3416,2026-09-18T11:23:10+00:00,2026-09-29T20:48:33+00:00
0000006888,張育成,富邦悍將,打者,ops,0.852,0.869,0.017,0.017,changed,20260918T112310Z-8f8e01d8ec46,20260929T204833Z-5e0600df3416,2026-09-18T11:23:10+00:00,2026-09-29T20:48:33+00:00
0000006888,張育成,富邦悍將,打者,pa,382.0,418.0,36.0,36.0,changed,20260918T112310Z-8f8e01d8ec46,20260929T204833Z-5e0600df3416,2026-09-18T11:23:10+00:00,2026-09-29T20:48:33+00:00
0000006888,張育成,富邦悍將,打者,player_value_score,46.6,47.5,0.9,0.9,changed,20260918T112310Z-8f8e01d8ec46,20260929T204833Z-5e0600df3416,2026-09-18T11:23:10+00:00,2026-09-29T20:48:33+00:00
0000006888,張育成,富邦悍將,打者,slg,0.475,0.479,0.004,0.004,changed,20260918T112310Z-8f8e01d8ec46,20260929T204833Z-5e0600df3416,2026-09-18T11:23:10+00:00,2026-09-29T20:48:33+00:00
0000007591,張育豪,富邦悍將,打者,batting_average,0.137,0.137,0.0,0.0,unchanged,20260918T112310Z-8f8e01d8ec46,20260929T204833Z-5e0600df3416,2026-09-18T11:23:10+00:00,2026-09-29T20:48:33+00:00
0000007591,張育豪,富邦悍將,打者,home_runs,0.0,0.0,0.0,0.0,unchanged,20260918T112310Z-8f8e01d8ec46,20260929T204833Z-5e0600df3416,2026-09-18T11:23:10+00:00,2026-09-29T20:48:33+00:00
0000007591,張育豪,富邦悍將,打者,obp,0.241,0.241,0.0,0.0,unchanged,20260918T112310Z-8f8e01d8ec46,20260929T204833Z-5e0600df3416,2026-09-18T11:23:10+00:00,2026-09-29T20:48:33+00:00
0000007591,張育豪,富邦悍將,打者,ops,0.398,0.398,0.0,0.0,unchanged,20260918T112310Z-8f8e01d8ec46,20260929T204833Z-5e0600df3416,2026-09-18T11:23:10+00:00,2026-09-29T20:48:33+00:00
0000007591,張育豪,富邦悍將,打者,pa,63.0,63.0,0.0,0.0,unchanged,20260918T112310Z-8f8e01d8ec46,20260929T204833Z-5e0600df3416,2026-09-18T11:23:10+00:00,2026-09-29T20:48:33+00:00
0000007591,張育豪,富邦悍將,打者,player_value_score,19.9,20.0,0.1,0.1,changed,20260918T112310Z-8f8e01d8ec46,20260929T204833Z-5e0600df3416,2026-09-18T11:23:10+00:00,2026-09-29T20:48:33+00:00
0000007591,張育豪,富邦悍將,打者,slg,0.157,0.157,0.0,0.0,unchanged,20260918T112310Z-8f8e01d8ec46,20260929T204833Z-5e0600df3416,2026-09-18T11:23:10+00:00,2026-09-29T20:48:33+00:00
0000000910,張進德,富邦悍將,打者,batting_average,0.071,0.071,0.0,0.0,unchanged,20260918T112310Z-8f8e01d8ec46,20260929T204833Z-5e0600df3416,2026-09-18T11:23:10+00:00,2026-09-29T20:48:33+00:00
0000000910,張進德,富邦悍將,打者,home_runs,0.0,0.0,0.0,0.0,unchanged,20260918T112310Z-8f8e01d8ec46,20260929T204833Z-5e0600df3416,2026-09-18T11:23:10+00:00,2026-09-29T20:48:33+00:00
0000000910,張進德,富邦悍將,打者,obp,0.133,0.133,0.0,0.0,unchanged,20260918T112310Z-8f8e01d8ec46,20260929T204833Z-5e0600df3416,2026-09-18T11:23:10+00:00,2026-09-29T20:48:33+00:00
0000000910,張進德,富邦悍將,打者,ops,0.204,0.204,0.0,0.0,unchanged,20260918T112310Z-8f8e01d8ec46,20260929T204833Z-5e0600df3416,2026-09-18T11:23:10+00:00,2026-09-29T20:48:33+00:00
0000000910,張進德,富邦悍將,打者,pa,15.0,15.0,0.0,0.0,unchanged,20260918T112310Z-8f8e01d8ec46,20260929T204833Z-5e0600df3416,2026-09-18T11:23:10+00:00,2026-09-29T20:48:33+00:00
0000000910,張進德,富邦悍將,打者,player_value_score,12.4,12.5,0.1,0.1,changed,20260918T112310Z-8f8e01d8ec46,20260929T204833Z-5e0600df3416,2026-09-18T11:23:10+00:00,2026-09-29T20:48:33+00:00
0000000910,張進德,富邦悍將,打者,slg,0.071,0.071,0.0,0.0,unchanged,20260918T112310Z-8f8e01d8ec46,20260929T204833Z-5e0600df3416,2026-09-18T11:23:10+00:00,2026-09-29T20:48:33+00:00
0000004645,戴培峰,富邦悍將,打者,batting_average,0.214,0.22,0.006,0.006,changed,20260918T112310Z-8f8e01d8ec46,20260929T204833Z-5e0600df3416,2026-09-18T11:23:10+00:00,2026-09-29T20:48:33+00:00
0000004645,戴培峰,富邦悍將,打者,home_runs,1.0,1.0,0.0,0.0,unchanged,20260918T112310Z-8f8e01d8ec46,20260929T204833Z-5e0600df3416,2026-09-18T11:23:10+00:00,2026-09-29T20:48:33+00:00
0000004645,戴培峰,富邦悍將,打者,obp,0.305,0.315,0.01,0.01,changed,20260918T112310Z-8f8e01d8ec46,20260929T204833Z-5e0600df3416,2026-09-18T11:23:10+00:00,2026-09-29T20:48:33+00:00
0000004645,戴培峰,富邦悍將,打者,ops,0.578,0.591,0.013,0.013,changed,20260918T112310Z-8f8e01d8ec46,20260929T204833Z-5e0600df3416,2026-09-18T11:23:10+00:00,2026-09-29T20:48:33+00:00
0000004645,戴培峰,富邦悍將,打者,pa,263.0,281.0,18.0,18.0,changed,20260918T112310Z-8f8e01d8ec46,20260929T204833Z-5e0600df3416,2026-09-18T11:23:10+00:00,2026-09-29T20:48:33+00:00
0000004645,戴培峰,富邦悍將,打者,player_value_score,29.3,30.0,0.7,0.7,changed,20260918T112310Z-8f8e01d8ec46,20260929T204833Z-5e0600df3416,2026-09-18T11:23:10+00:00,2026-09-29T20:48:33+00:00
0000004645,戴培峰,富邦悍將,打者,slg,0.273,0.276,0.003,0.003,changed,20260918T112310Z-8f8e01d8ec46,20260929T204833Z-5e0600df3416,2026-09-18T11:23:10+00:00,2026-09-29T20:48:33+00:00
0000001473,李宗賢,富邦悍將,打者,batting_average,0.224,0.224,0.0,0.0,unchanged,20260918T112310Z-8f8e01d8ec46,20260929T204833Z-5e0600df3416,2026-09-18T11:23:10+00:00,2026-09-29T20:48:33+00:00
0000001473,李宗賢,富邦悍將,打者,home_runs,0.0,0.0,0.0,0.0,unchanged,20260918T112310Z-8f8e01d8ec46,20260929T204833Z-5e0600df3416,2026-09-18T11:23:10+00:00,2026-09-29T20:48:33+00:00
0000001473,李宗賢,富邦悍將,打者,obp,0.297,0.297,0.0,0.0,unchanged,20260918T112310Z-8f8e01d8ec46,20260929T204833Z-5e0600df3416,2026-09-18T11:23:10+00:00,2026-09-29T20:48:33+00:00
0000001473,李宗賢,富邦悍將,打者,ops,0.556,0.556,0.0,0.0,unchanged,20260918T112310Z-8f8e01d8ec46,20260929T204833Z-5e0600df3416,2026-09-18T11:23:10+00:00,2026-09-29T20:48:33+00:00
0000001473,李宗賢,富邦悍將,打者,pa,64.0,64.0,0.0,0.0,unchanged,20260918T112310Z-8f8e01d8ec46,20260929T204833Z-5e0600df3416,2026-09-18T11:23:10+00:00,2026-09-29T20:48:33+00:00
0000001473,李宗賢,富邦悍將,打者,player_value_score,26.3,26.5,0.2,0.2,changed,20260918T112310Z-8f8e01d8ec46,20260929T204833Z-5e0600df3416,2026-09-18T11:23:10+00:00,2026-09-29T20:48:33+00:00
0000001473,李宗賢,富邦悍將,打者,slg,0.259,0.259,0.0,0.0,unchanged,20260918T112310Z-8f8e01d8ec46,20260929T204833Z-5e0600df3416,2026-09-18T11:23:10+00:00,2026-09-29T20:48:33+00:00
0000003339,林哲瑄,富邦悍將,打者,batting_average,1.0,1.0,0.0,0.0,unchanged,20260918T112310Z-8f8e01d8ec46,20260929T204833Z-5e0600df3416,2026-09-18T11:23:10+00:00,2026-09-29T20:48:33+00:00
0000003339,林哲瑄,富邦悍將,打者,home_runs,0.0,0.0,0.0,0.0,unchanged,20260918T112310Z-8f8e01d8ec46,20260929T204833Z-5e0600df3416,2026-09-18T11:23:10+00:00,2026-09-29T20:48:33+00:00
0000003339,林哲瑄,富邦悍將,打者,obp,1.0,1.0,0.0,0.0,unchanged,20260918T112310Z-8f8e01d8ec46,20260929T204833Z-5e0600df3416,2026-09-18T11:23:10+00:00,2026-09-29T20:48:33+00:00
0000003339,林哲瑄,富邦悍將,打者,ops,2.0,2.0,0.0,0.0,unchanged,20260918T112310Z-8f8e01d8ec46,20260929T204833Z-5e0600df3416,2026-09-18T11:23:10+00:00,2026-09-29T20:48:33+00:00
0000003339,林哲瑄,富邦悍將,打者,pa,1.0,1.0,0.0,0.0,unchanged,20260918T112310Z-8f8e01d8ec46,20260929T204833Z-5e0600df3416,2026-09-18T11:23:10+00:00,2026-09-29T20:48:33+00:00
0000003339,林哲瑄,富邦悍將,打者,player_value_score,70.2,70.2,0.0,0.0,unchanged,20260918T112310Z-8f8e01d8ec46,20260929T204833Z-5e0600df3416,2026-09-18T11:23:10+00:00,2026-09-29T20:48:33+00:00
0000003339,林哲瑄,富邦悍將,打者,slg,1.0,1.0,0.0,0.0,unchanged,20260918T112310Z-8f8e01d8ec46,20260929T204833Z-5e0600df3416,2026-09-18T11:23:10+00:00,2026-09-29T20:48:33+00:00
0000001606,林岱安,富邦悍將,打者,batting_average,0.083,0.059,-0.024,-0.024,changed,20260918T112310Z-8f8e01d8ec46,20260929T204833Z-5e0600df3416,2026-09-18T11:23:10+00:00,2026-09-29T20:48:33+00:00
0000001606,林岱安,富邦悍將,打者,home_runs,1.0,1.0,0.0,0.0,unchanged,20260918T112310Z-8f8e01d8ec46,20260929T204833Z-5e0600df3416,2026-09-18T11:23:10+00:00,2026-09-29T20:48:33+00:00
0000001606,林岱安,富邦悍將,打者,obp,0.105,0.107,0.002,0.002,changed,20260918T112310Z-8f8e01d8ec46,20260929T204833Z-5e0600df3416,2026-09-18T11:23:10+00:00,2026-09-29T20:48:33+00:00
0000001606,林岱安,富邦悍將,打者,ops,0.299,0.244,-0.055,-0.055,changed,20260918T112310Z-8f8e01d8ec46,20260929T204833Z-5e0600df3416,2026-09-18T11:23:10+00:00,2026-09-29T20:48:33+00:00
0000001606,林岱安,富邦悍將,打者,pa,39.0,58.0,19.0,19.0,changed,20260918T112310Z-8f8e01d8ec46,20260929T204833Z-5e0600df3416,2026-09-18T11:23:10+00:00,2026-09-29T20:48:33+00:00
0000001606,林岱安,富邦悍將,打者,player_value_score,21.2,17.9,-3.3,-3.3,changed,20260918T112310Z-8f8e01d8ec46,20260929T204833Z-5e0600df3416,2026-09-18T11:23:10+00:00,2026-09-29T20:48:33+00:00
0000001606,林岱安,富邦悍將,打者,slg,0.194,0.137,-0.057,-0.057,changed,20260918T112310Z-8f8e01d8ec46,20260929T204833Z-5e0600df3416,2026-09-18T11:23:10+00:00,2026-09-29T20:48:33+00:00
0000006872,林岳谷,富邦悍將,打者,batting_average,0.279,0.279,0.0,0.0,unchanged,20260918T112310Z-8f8e01d8ec46,20260929T204833Z-5e0600df3416,2026-09-18T11:23:10+00:00,2026-09-29T20:48:33+00:00
0000006872,林岳谷,富邦悍將,打者,home_runs,0.0,0.0,0.0,0.0,unchanged,20260918T112310Z-8f8e01d8ec46,20260929T204833Z-5e0600df3416,2026-09-18T11:23:10+00:00,2026-09-29T20:48:33+00:00
0000006872,林岳谷,富邦悍將,打者,obp,0.318,0.318,0.0,0.0,unchanged,20260918T112310Z-8f8e01d8ec46,20260929T204833Z-5e0600df3416,2026-09-18T11:23:10+00:00,2026-09-29T20:48:33+00:00
0000006872,林岳谷,富邦悍將,打者,ops,0.629,0.629,0.0,0.0,unchanged,20260918T112310Z-8f8e01d8ec46,20260929T204833Z-5e0600df3416,2026-09-18T11:23:10+00:00,2026-09-29T20:48:33+00:00
0000006872,林岳谷,富邦悍將,打者,pa,69.0,69.0,0.0,0.0,unchanged,20260918T112310Z-8f8e01d8ec46,20260929T204833Z-5e0600df3416,2026-09-18T11:23:10+00:00,2026-09-29T20:48:33+00:00
0000006872,林岳谷,富邦悍將,打者,player_value_score,27.8,27.9,0.1,0.1,changed,20260918T112310Z-8f8e01d8ec46,20260929T204833Z-5e0600df3416,2026-09-18T11:23:10+00:00,2026-09-29T20:48:33+00:00
0000006872,林岳谷,富邦悍將,打者,slg,0.311,0.311,0.0,0.0,unchanged,20260918T112310Z-8f8e01d8ec46,20260929T204833Z-5e0600df3416,2026-09-18T11:23:10+00:00,2026-09-29T20:48:33+00:00
0000001754,林書逸,富邦悍將,打者,batting_average,0.232,0.226,-0.006,-0.006,changed,20260918T112310Z-8f8e01d8ec46,20260929T204833Z-5e0600df3416,2026-09-18T11:23:10+00:00,2026-09-29T20:48:33+00:00
0000001754,林書逸,富邦悍將,打者,home_runs,0.0,0.0,0.0,0.0,unchanged,20260918T112310Z-8f8e01d8ec46,20260929T204833Z-5e0600df3416,2026-09-18T11:23:10+00:00,2026-09-29T20:48:33+00:00
0000001754,林書逸,富邦悍將,打者,obp,0.308,0.309,0.001,0.001,changed,20260918T112310Z-8f8e01d8ec46,20260929T204833Z-5e0600df3416,2026-09-18T11:23:10+00:00,2026-09-29T20:48:33+00:00
0000001754,林書逸,富邦悍將,打者,ops,0.601,0.595,-0.006,-0.006,changed,20260918T112310Z-8f8e01d8ec46,20260929T204833Z-5e0600df3416,2026-09-18T11:23:10+00:00,2026-09-29T20:48:33+00:00
0000001754,林書逸,富邦悍將,打者,pa,92.0,95.0,3.0,3.0,changed,20260918T112310Z-8f8e01d8ec46,20260929T204833Z-5e0600df3416,2026-09-18T11:23:10+00:00,2026-09-29T20:48:33+00:00
0000001754,林書逸,富邦悍將,打者,player_value_score,28.2,28.1,-0.1,-0.1,changed,20260918T112310Z-8f8e01d8ec46,20260929T204833Z-5e0600df3416,2026-09-18T11:23:10+00:00,2026-09-29T20:48:33+00:00
0000001754,林書逸,富邦悍將,打者,slg,0.293,0.286,-0.007,-0.007,changed,20260918T112310Z-8f8e01d8ec46,20260929T204833Z-5e0600df3416,2026-09-18T11:23:10+00:00,2026-09-29T20:48:33+00:00
0000005510,林澤彬,富邦悍將,打者,batting_average,0.321,0.325,0.004,0.004,changed,20260918T112310Z-8f8e01d8ec46,20260929T204833Z-5e0600df3416,2026-09-18T11:23:10+00:00,2026-09-29T20:48:33+00:00
0000005510,林澤彬,富邦悍將,打者,home_runs,0.0,0.0,0.0,0.0,unchanged,20260918T112310Z-8f8e01d8ec46,20260929T204833Z-5e0600df3416,2026-09-18T11:23:10+00:00,2026-09-29T20:48:33+00:00
0000005510,林澤彬,富邦悍將,打者,obp,0.378,0.381,0.003,0.003,changed,20260918T112310Z-8f8e01d8ec46,20260929T204833Z-5e0600df3416,2026-09-18T11:23:10+00:00,2026-09-29T20:48:33+00:00
0000005510,林澤彬,富邦悍將,打者,ops,0.761,0.767,0.006,0.006,changed,20260918T112310Z-8f8e01d8ec46,20260929T204833Z-5e0600df3416,2026-09-18T11:23:10+00:00,2026-09-29T20:48:33+00:00
0000005510,林澤彬,富邦悍將,打者,pa,317.0,360.0,43.0,43.0,changed,20260918T112310Z-8f8e01d8ec46,20260929T204833Z-5e0600df3416,2026-09-18T11:23:10+00:00,2026-09-29T20:48:33+00:00
0000005510,林澤彬,富邦悍將,打者,player_value_score,35.0,35.3,0.3,0.3,changed,20260918T112310Z-8f8e01d8ec46,20260929T204833Z-5e0600df3416,2026-09-18T11:23:10+00:00,2026-09-29T20:48:33+00:00
0000005510,林澤彬,富邦悍將,打者,slg,0.383,0.386,0.003,0.003,changed,20260918T112310Z-8f8e01d8ec46,20260929T204833Z-5e0600df3416,2026-09-18T11:23:10+00:00,2026-09-29T20:48:33+00:00
0000007297,楊泯貽,富邦悍將,打者,batting_average,0.0,0.0,0.0,0.0,unchanged,20260918T112310Z-8f8e01d8ec46,20260929T204833Z-5e0600df3416,2026-09-18T11:23:10+00:00,2026-09-29T20:48:33+00:00
0000007297,楊泯貽,富邦悍將,打者,home_runs,0.0,0.0,0.0,0.0,unchanged,20260918T112310Z-8f8e01d8ec46,20260929T204833Z-5e0600df3416,2026-09-18T11:23:10+00:00,2026-09-29T20:48:33+00:00
0000007297,楊泯貽,富邦悍將,打者,obp,0.0,0.0,0.0,0.0,unchanged,20260918T112310Z-8f8e01d8ec46,20260929T204833Z-5e0600df3416,2026-09-18T11:23:10+00:00,2026-09-29T20:48:33+00:00
0000007297,楊泯貽,富邦悍將,打者,ops,0.0,0.0,0.0,0.0,unchanged,20260918T112310Z-8f8e01d8ec46,20260929T204833Z-5e0600df3416,2026-09-18T11:23:10+00:00,2026-09-29T20:48:33+00:00
0000007297,楊泯貽,富邦悍將,打者,pa,5.0,5.0,0.0,0.0,unchanged,20260918T112310Z-8f8e01d8ec46,20260929T204833Z-5e0600df3416,2026-09-18T11:23:10+00:00,2026-09-29T20:48:33+00:00
0000007297,楊泯貽,富邦悍將,打者,player_value_score,5.2,5.2,0.0,0.0,unchanged,20260918T112310Z-8f8e01d8ec46,20260929T204833Z-5e0600df3416,2026-09-18T11:23:10+00:00,2026-09-29T20:48:33+00:00
0000007297,楊泯貽,富邦悍將,打者,slg,0.0,0.0,0.0,0.0,unchanged,20260918T112310Z-8f8e01d8ec46,20260929T204833Z-5e0600df3416,2026-09-18T11:23:10+00:00,2026-09-29T20:48:33+00:00
0000006806,池恩齊,富邦悍將,打者,batting_average,0.222,0.222,0.0,0.0,unchanged,20260918T112310Z-8f8e01d8ec46,20260929T204833Z-5e0600df3416,2026-09-18T11:23:10+00:00,2026-09-29T20:48:33+00:00
0000006806,池恩齊,富邦悍將,打者,home_runs,0.0,0.0,0.0,0.0,unchanged,20260918T112310Z-8f8e01d8ec46,20260929T204833Z-5e0600df3416,2026-09-18T11:23:10+00:00,2026-09-29T20:48:33+00:00
0000006806,池恩齊,富邦悍將,打者,obp,0.264,0.264,0.0,0.0,unchanged,20260918T112310Z-8f8e01d8ec46,20260929T204833Z-5e0600df3416,2026-09-18T11:23:10+00:00,2026-09-29T20:48:33+00:00
0000006806,池恩齊,富邦悍將,打者,ops,0.523,0.523,0.0,0.0,unchanged,20260918T112310Z-8f8e01d8ec46,20260929T204833Z-5e0600df3416,2026-09-18T11:23:10+00:00,2026-09-29T20:48:33+00:00
0000006806,池恩齊,富邦悍將,打者,pa,209.0,209.0,0.0,0.0,unchanged,20260918T112310Z-8f8e01d8ec46,20260929T204833Z-5e0600df3416,2026-09-18T11:23:10+00:00,2026-09-29T20:48:33+00:00
0000006806,池恩齊,富邦悍將,打者,player_value_score,23.5,23.5,0.0,0.0,unchanged,20260918T112310Z-8f8e01d8ec46,20260929T204833Z-5e0600df3416,2026-09-18T11:23:10+00:00,2026-09-29T20:48:33+00:00
0000006806,池恩齊,富邦悍將,打者,slg,0.259,0.259,0.0,0.0,unchanged,20260918T112310Z-8f8e01d8ec46,20260929T204833Z-5e0600df3416,2026-09-18T11:23:10+00:00,2026-09-29T20:48:33+00:00
0000003211,王勝偉,富邦悍將,打者,batting_average,0.207,0.207,0.0,0.0,unchanged,20260918T112310Z-8f8e01d8ec46,20260929T204833Z-5e0600df3416,2026-09-18T11:23:10+00:00,2026-09-29T20:48:33+00:00
0000003211,王勝偉,富邦悍將,打者,home_runs,1.0,1.0,0.0,0.0,unchanged,20260918T112310Z-8f8e01d8ec46,20260929T204833Z-5e0600df3416,2026-09-18T11:23:10+00:00,2026-09-29T20:48:33+00:00
0000003211,王勝偉,富邦悍將,打者,obp,0.324,0.324,0.0,0.0,unchanged,20260918T112310Z-8f8e01d8ec46,20260929T204833Z-5e0600df3416,2026-09-18T11:23:10+00:00,2026-09-29T20:48:33+00:00
0000003211,王勝偉,富邦悍將,打者,ops,0.634,0.634,0.0,0.0,unchanged,20260918T112310Z-8f8e01d8ec46,20260929T204833Z-5e0600df3416,2026-09-18T11:23:10+00:00,2026-09-29T20:48:33+00:00
0000003211,王勝偉,富邦悍將,打者,pa,36.0,36.0,0.0,0.0,unchanged,20260918T112310Z-8f8e01d8ec46,20260929T204833Z-5e0600df3416,2026-09-18T11:23:10+00:00,2026-09-29T20:48:33+00:00
0000003211,王勝偉,富邦悍將,打者,player_value_score,34.2,34.7,0.5,0.5,changed,20260918T112310Z-8f8e01d8ec46,20260929T204833Z-5e0600df3416,2026-09-18T11:23:10+00:00,2026-09-29T20:48:33+00:00
0000003211,王勝偉,富邦悍將,打者,slg,0.31,0.31,0.0,0.0,unchanged,20260918T112310Z-8f8e01d8ec46,20260929T204833Z-5e0600df3416,2026-09-18T11:23:10+00:00,2026-09-29T20:48:33+00:00
0000007089,王念好,富邦悍將,打者,batting_average,0.207,0.211,0.004,0.004,changed,20260918T112310Z-8f8e01d8ec46,20260929T204833Z-5e0600df3416,2026-09-18T11:23:10+00:00,2026-09-29T20:48:33+00:00
0000007089,王念好,富邦悍將,打者,home_runs,6.0,6.0,0.0,0.0,unchanged,20260918T112310Z-8f8e01d8ec46,20260929T204833Z-5e0600df3416,2026-09-18T11:23:10+00:00,2026-09-29T20:48:33+00:00
0000007089,王念好,富邦悍將,打者,obp,0.298,0.304,0.006,0.006,changed,20260918T112310Z-8f8e01d8ec46,20260929T204833Z-5e0600df3416,2026-09-18T11:23:10+00:00,2026-09-29T20:48:33+00:00
0000007089,王念好,富邦悍將,打者,ops,0.639,0.641,0.002,0.002,changed,20260918T112310Z-8f8e01d8ec46,20260929T204833Z-5e0600df3416,2026-09-18T11:23:10+00:00,2026-09-29T20:48:33+00:00
0000007089,王念好,富邦悍將,打者,pa,299.0,322.0,23.0,23.0,changed,20260918T112310Z-8f8e01d8ec46,20260929T204833Z-5e0600df3416,2026-09-18T11:23:10+00:00,2026-09-29T20:48:33+00:00
0000007089,王念好,富邦悍將,打者,player_value_score,34.8,34.7,-0.1,-0.1,changed,20260918T112310Z-8f8e01d8ec46,20260929T204833Z-5e0600df3416,2026-09-18T11:23:10+00:00,2026-09-29T20:48:33+00:00
0000007089,王念好,富邦悍將,打者,slg,0.341,0.337,-0.004,-0.004,changed,20260918T112310Z-8f8e01d8ec46,20260929T204833Z-5e0600df3416,2026-09-18T11:23:10+00:00,2026-09-29T20:48:33+00:00
0000002305,王正棠,富邦悍將,打者,batting_average,0.276,0.25,-0.026,-0.026,changed,20260918T112310Z-8f8e01d8ec46,20260929T204833Z-5e0600df3416,2026-09-18T11:23:10+00:00,2026-09-29T20:48:33+00:00
0000002305,王正棠,富邦悍將,打者,home_runs,0.0,0.0,0.0,0.0,unchanged,20260918T112310Z-8f8e01d8ec46,20260929T204833Z-5e0600df3416,2026-09-18T11:23:10+00:00,2026-09-29T20:48:33+00:00
0000002305,王正棠,富邦悍將,打者,obp,0.353,0.349,-0.004,-0.004,changed,20260918T112310Z-8f8e01d8ec46,20260929T204833Z-5e0600df3416,2026-09-18T11:23:10+00:00,2026-09-29T20:48:33+00:00
0000002305,王正棠,富邦悍將,打者,ops,0.663,0.627,-0.036,-0.036,changed,20260918T112310Z-8f8e01d8ec46,20260929T204833Z-5e0600df3416,2026-09-18T11:23:10+00:00,2026-09-29T20:48:33+00:00
0000002305,王正棠,富邦悍將,打者,pa,34.0,43.0,9.0,9.0,changed,20260918T112310Z-8f8e01d8ec46,20260929T204833Z-5e0600df3416,2026-09-18T11:23:10+00:00,2026-09-29T20:48:33+00:00
0000002305,王正棠,富邦悍將,打者,player_value_score,31.6,31.2,-0.4,-0.4,changed,20260918T112310Z-8f8e01d8ec46,20260929T204833Z-5e0600df3416,2026-09-18T11:23:10+00:00,2026-09-29T20:48:33+00:00
0000002305,王正棠,富邦悍將,打者,slg,0.31,0.278,-0.032,-0.032,changed,20260918T112310Z-8f8e01d8ec46,20260929T204833Z-5e0600df3416,2026-09-18T11:23:10+00:00,2026-09-29T20:48:33+00:00
0000006736,王苡丞,富邦悍將,打者,batting_average,0.248,0.241,-0.007,-0.007,changed,20260918T112310Z-8f8e01d8ec46,20260929T204833Z-5e0600df3416,2026-09-18T11:23:10+00:00,2026-09-29T20:48:33+00:00
0000006736,王苡丞,富邦悍將,打者,home_runs,6.0,6.0,0.0,0.0,unchanged,20260918T112310Z-8f8e01d8ec46,20260929T204833Z-5e0600df3416,2026-09-18T11:23:10+00:00,2026-09-29T20:48:33+00:00
0000006736,王苡丞,富邦悍將,打者,obp,0.296,0.295,-0.001,-0.001,changed,20260918T112310Z-8f8e01d8ec46,20260929T204833Z-5e0600df3416,2026-09-18T11:23:10+00:00,2026-09-29T20:48:33+00:00
0000006736,王苡丞,富邦悍將,打者,ops,0.647,0.635,-0.012,-0.012,changed,20260918T112310Z-8f8e01d8ec46,20260929T204833Z-5e0600df3416,2026-09-18T11:23:10+00:00,2026-09-29T20:48:33+00:00
0000006736,王苡丞,富邦悍將,打者,pa,305.0,320.0,15.0,15.0,changed,20260918T112310Z-8f8e01d8ec46,20260929T204833Z-5e0600df3416,2026-09-18T11:23:10+00:00,2026-09-29T20:48:33+00:00
0000006736,王苡丞,富邦悍將,打者,player_value_score,33.0,32.8,-0.2,-0.2,changed,20260918T112310Z-8f8e01d8ec46,20260929T204833Z-5e0600df3416,2026-09-18T11:23:10+00:00,2026-09-29T20:48:33+00:00
0000006736,王苡丞,富邦悍將,打者,slg,0.351,0.34,-0.011,-0.011,changed,20260918T112310Z-8f8e01d8ec46,20260929T204833Z-5e0600df3416,2026-09-18T11:23:10+00:00,2026-09-29T20:48:33+00:00
0000000362,申皓瑋,富邦悍將,打者,batting_average,0.254,0.258,0.004,0.004,changed,20260918T112310Z-8f8e01d8ec46,20260929T204833Z-5e0600df3416,2026-09-18T11:23:10+00:00,2026-09-29T20:48:33+00:00
0000000362,申皓瑋,富邦悍將,打者,home_runs,2.0,2.0,0.0,0.0,unchanged,20260918T112310Z-8f8e01d8ec46,20260929T204833Z-5e0600df3416,2026-09-18T11:23:10+00:00,2026-09-29T20:48:33+00:00
0000000362,申皓瑋,富邦悍將,打者,obp,0.309,0.313,0.004,0.004,changed,20260918T112310Z-8f8e01d8ec46,20260929T204833Z-5e0600df3416,2026-09-18T11:23:10+00:00,2026-09-29T20:48:33+00:00
0000000362,申皓瑋,富邦悍將,打者,ops,0.642,0.657,0.015,0.015,changed,20260918T112310Z-8f8e01d8ec46,20260929T204833Z-5e0600df3416,2026-09-18T11:23:10+00:00,2026-09-29T20:48:33+00:00
0000000362,申皓瑋,富邦悍將,打者,pa,207.0,243.0,36.0,36.0,changed,20260918T112310Z-8f8e01d8ec46,20260929T204833Z-5e0600df3416,2026-09-18T11:23:10+00:00,2026-09-29T20:48:33+00:00
0000000362,申皓瑋,富邦悍將,打者,player_value_score,30.5,31.4,0.9,0.9,changed,20260918T112310Z-8f8e01d8ec46,20260929T204833Z-5e0600df3416,2026-09-18T11:23:10+00:00,2026-09-29T20:48:33+00:00
0000000362,申皓瑋,富邦悍將,打者,slg,0.333,0.344,0.011,0.011,changed,20260918T112310Z-8f8e01d8ec46,20260929T204833Z-5e0600df3416,2026-09-18T11:23:10+00:00,2026-09-29T20:48:33+00:00
0000007298,盧柏華,富邦悍將,打者,batting_average,0.167,0.167,0.0,0.0,unchanged,20260918T112310Z-8f8e01d8ec46,20260929T204833Z-5e0600df3416,2026-09-18T11:23:10+00:00,2026-09-29T20:48:33+00:00
0000007298,盧柏華,富邦悍將,打者,home_runs,0.0,0.0,0.0,0.0,unchanged,20260918T112310Z-8f8e01d8ec46,20260929T204833Z-5e0600df3416,2026-09-18T11:23:10+00:00,2026-09-29T20:48:33+00:00
0000007298,盧柏華,富邦悍將,打者,obp,0.231,0.231,0.0,0.0,unchanged,20260918T112310Z-8f8e01d8ec46,20260929T204833Z-5e0600df3416,2026-09-18T11:23:10+00:00,2026-09-29T20:48:33+00:00
0000007298,盧柏華,富邦悍將,打者,ops,0.481,0.481,0.0,0.0,unchanged,20260918T112310Z-8f8e01d8ec46,20260929T204833Z-5e0600df3416,2026-09-18T11:23:10+00:00,2026-09-29T20:48:33+00:00
0000007298,盧柏華,富邦悍將,打者,pa,13.0,13.0,0.0,0.0,unchanged,20260918T112310Z-8f8e01d8ec46,20260929T204833Z-5e0600df3416,2026-09-18T11:23:10+00:00,2026-09-29T20:48:33+00:00
0000007298,盧柏華,富邦悍將,打者,player_value_score,22.7,22.6,-0.1,-0.1,changed,20260918T112310Z-8f8e01d8ec46,20260929T204833Z-5e0600df3416,2026-09-18T11:23:10+00:00,2026-09-29T20:48:33+00:00
0000007298,盧柏華,富邦悍將,打者,slg,0.25,0.25,0.0,0.0,unchanged,20260918T112310Z-8f8e01d8ec46,20260929T204833Z-5e0600df3416,2026-09-18T11:23:10+00:00,2026-09-29T20:48:33+00:00
0000005336,童堉誠,富邦悍將,打者,batting_average,0.252,0.26,0.008,0.008,changed,20260918T112310Z-8f8e01d8ec46,20260929T204833Z-5e0600df3416,2026-09-18T11:23:10+00:00,2026-09-29T20:48:33+00:00
0000005336,童堉誠,富邦悍將,打者,home_runs,0.0,0.0,0.0,0.0,unchanged,20260918T112310Z-8f8e01d8ec46,20260929T204833Z-5e0600df3416,2026-09-18T11:23:10+00:00,2026-09-29T20:48:33+00:00
0000005336,童堉誠,富邦悍將,打者,obp,0.355,0.361,0.006,0.006,changed,20260918T112310Z-8f8e01d8ec46,20260929T204833Z-5e0600df3416,2026-09-18T11:23:10+00:00,2026-09-29T20:48:33+00:00
0000005336,童堉誠,富邦悍將,打者,ops,0.656,0.67,0.014,0.014,changed,20260918T112310Z-8f8e01d8ec46,20260929T204833Z-5e0600df3416,2026-09-18T11:23:10+00:00,2026-09-29T20:48:33+00:00
0000005336,童堉誠,富邦悍將,打者,pa,121.0,144.0,23.0,23.0,changed,20260918T112310Z-8f8e01d8ec46,20260929T204833Z-5e0600df3416,2026-09-18T11:23:10+00:00,2026-09-29T20:48:33+00:00
0000005336,童堉誠,富邦悍將,打者,player_value_score,29.8,30.4,0.6,0.6,changed,20260918T112310Z-8f8e01d8ec46,20260929T204833Z-5e0600df3416,2026-09-18T11:23:10+00:00,2026-09-29T20:48:33+00:00
0000005336,童堉誠,富邦悍將,打者,slg,0.301,0.309,0.008,0.008,changed,20260918T112310Z-8f8e01d8ec46,20260929T204833Z-5e0600df3416,2026-09-18T11:23:10+00:00,2026-09-29T20:48:33+00:00
0000002352,范國宸,富邦悍將,打者,batting_average,0.272,0.288,0.016,0.016,changed,20260918T112310Z-8f8e01d8ec46,20260929T204833Z-5e0600df3416,2026-09-18T11:23:10+00:00,2026-09-29T20:48:33+00:00
0000002352,范國宸,富邦悍將,打者,home_runs,12.0,13.0,1.0,1.0,changed,20260918T112310Z-8f8e01d8ec46,20260929T204833Z-5e0600df3416,2026-09-18T11:23:10+00:00,2026-09-29T20:48:33+00:00
0000002352,范國宸,富邦悍將,打者,obp,0.337,0.35,0.013,0.013,changed,20260918T112310Z-8f8e01d8ec46,20260929T204833Z-5e0600df3416,2026-09-18T11:23:10+00:00,2026-09-29T20:48:33+00:00
0000002352,范國宸,富邦悍將,打者,ops,0.753,0.786,0.033,0.033,changed,20260918T112310Z-8f8e01d8ec46,20260929T204833Z-5e0600df3416,2026-09-18T11:23:10+00:00,2026-09-29T20:48:33+00:00
0000002352,范國宸,富邦悍將,打者,pa,386.0,428.0,42.0,42.0,changed,20260918T112310Z-8f8e01d8ec46,20260929T204833Z-5e0600df3416,2026-09-18T11:23:10+00:00,2026-09-29T20:48:33+00:00
0000002352,范國宸,富邦悍將,打者,player_value_score,39.9,41.5,1.6,1.6,changed,20260918T112310Z-8f8e01d8ec46,20260929T204833Z-5e0600df3416,2026-09-18T11:23:10+00:00,2026-09-29T20:48:33+00:00
0000002352,范國宸,富邦悍將,打者,slg,0.416,0.436,0.02,0.02,changed,20260918T112310Z-8f8e01d8ec46,20260929T204833Z-5e0600df3416,2026-09-18T11:23:10+00:00,2026-09-29T20:48:33+00:00
0000006229,葉子霆,富邦悍將,打者,batting_average,0.221,0.21,-0.011,-0.011,changed,20260918T112310Z-8f8e01d8ec46,20260929T204833Z-5e0600df3416,2026-09-18T11:23:10+00:00,2026-09-29T20:48:33+00:00
0000006229,葉子霆,富邦悍將,打者,home_runs,0.0,0.0,0.0,0.0,unchanged,20260918T112310Z-8f8e01d8ec46,20260929T204833Z-5e0600df3416,2026-09-18T11:23:10+00:00,2026-09-29T20:48:33+00:00
0000006229,葉子霆,富邦悍將,打者,obp,0.309,0.293,-0.016,-0.016,changed,20260918T112310Z-8f8e01d8ec46,20260929T204833Z-5e0600df3416,2026-09-18T11:23:10+00:00,2026-09-29T20:48:33+00:00
0000006229,葉子霆,富邦悍將,打者,ops,0.569,0.538,-0.031,-0.031,changed,20260918T112310Z-8f8e01d8ec46,20260929T204833Z-5e0600df3416,2026-09-18T11:23:10+00:00,2026-09-29T20:48:33+00:00
0000006229,葉子霆,富邦悍將,打者,pa,161.0,173.0,12.0,12.0,changed,20260918T112310Z-8f8e01d8ec46,20260929T204833Z-5e0600df3416,2026-09-18T11:23:10+00:00,2026-09-29T20:48:33+00:00
0000006229,葉子霆,富邦悍將,打者,player_value_score,27.5,26.2,-1.3,-1.3,changed,20260918T112310Z-8f8e01d8ec46,20260929T204833Z-5e0600df3416,2026-09-18T11:23:10+00:00,2026-09-29T20:48:33+00:00
0000006229,葉子霆,富邦悍將,打者,slg,0.26,0.245,-0.015,-0.015,changed,20260918T112310Z-8f8e01d8ec46,20260929T204833Z-5e0600df3416,2026-09-18T11:23:10+00:00,2026-09-29T20:48:33+00:00
0000006737,董子恩,富邦悍將,打者,batting_average,0.273,0.265,-0.008,-0.008,changed,20260918T112310Z-8f8e01d8ec46,20260929T204833Z-5e0600df3416,2026-09-18T11:23:10+00:00,2026-09-29T20:48:33+00:00
0000006737,董子恩,富邦悍將,打者,home_runs,1.0,1.0,0.0,0.0,unchanged,20260918T112310Z-8f8e01d8ec46,20260929T204833Z-5e0600df3416,2026-09-18T11:23:10+00:00,2026-09-29T20:48:33+00:00
0000006737,董子恩,富邦悍將,打者,obp,0.318,0.31,-0.008,-0.008,changed,20260918T112310Z-8f8e01d8ec46,20260929T204833Z-5e0600df3416,2026-09-18T11:23:10+00:00,2026-09-29T20:48:33+00:00
0000006737,董子恩,富邦悍將,打者,ops,0.661,0.637,-0.024,-0.024,changed,20260918T112310Z-8f8e01d8ec46,20260929T204833Z-5e0600df3416,2026-09-18T11:23:10+00:00,2026-09-29T20:48:33+00:00
0000006737,董子恩,富邦悍將,打者,pa,215.0,246.0,31.0,31.0,changed,20260918T112310Z-8f8e01d8ec46,20260929T204833Z-5e0600df3416,2026-09-18T11:23:10+00:00,2026-09-29T20:48:33+00:00
0000006737,董子恩,富邦悍將,打者,player_value_score,32.2,30.9,-1.3,-1.3,changed,20260918T112310Z-8f8e01d8ec46,20260929T204833Z-5e0600df3416,2026-09-18T11:23:10+00:00,2026-09-29T20:48:33+00:00
0000006737,董子恩,富邦悍將,打者,slg,0.343,0.327,-0.016,-0.016,changed,20260918T112310Z-8f8e01d8ec46,20260929T204833Z-5e0600df3416,2026-09-18T11:23:10+00:00,2026-09-29T20:48:33+00:00
0000006861,蔡佳諺,富邦悍將,打者,batting_average,0.189,0.189,0.0,0.0,unchanged,20260918T112310Z-8f8e01d8ec46,20260929T204833Z-5e0600df3416,2026-09-18T11:23:10+00:00,2026-09-29T20:48:33+00:00
0000006861,蔡佳諺,富邦悍將,打者,home_runs,0.0,0.0,0.0,0.0,unchanged,20260918T112310Z-8f8e01d8ec46,20260929T204833Z-5e0600df3416,2026-09-18T11:23:10+00:00,2026-09-29T20:48:33+00:00
0000006861,蔡佳諺,富邦悍將,打者,obp,0.2,0.2,0.0,0.0,unchanged,20260918T112310Z-8f8e01d8ec46,20260929T204833Z-5e0600df3416,2026-09-18T11:23:10+00:00,2026-09-29T20:48:33+00:00
0000006861,蔡佳諺,富邦悍將,打者,ops,0.389,0.389,0.0,0.0,unchanged,20260918T112310Z-8f8e01d8ec46,20260929T204833Z-5e0600df3416,2026-09-18T11:23:10+00:00,2026-09-29T20:48:33+00:00
0000006861,蔡佳諺,富邦悍將,打者,pa,55.0,55.0,0.0,0.0,unchanged,20260918T112310Z-8f8e01d8ec46,20260929T204833Z-5e0600df3416,2026-09-18T11:23:10+00:00,2026-09-29T20:48:33+00:00
0000006861,蔡佳諺,富邦悍將,打者,player_value_score,16.7,16.7,0.0,0.0,unchanged,20260918T112310Z-8f8e01d8ec46,20260929T204833Z-5e0600df3416,2026-09-18T11:23:10+00:00,2026-09-29T20:48:33+00:00
0000006861,蔡佳諺,富邦悍將,打者,slg,0.189,0.189,0.0,0.0,unchanged,20260918T112310Z-8f8e01d8ec46,20260929T204833Z-5e0600df3416,2026-09-18T11:23:10+00:00,2026-09-29T20:48:33+00:00
0000007578,蔡袁華辰,富邦悍將,打者,batting_average,,0.0,,,new,20260918T112310Z-8f8e01d8ec46,20260929T204833Z-5e0600df3416,2026-09-18T11:23:10+00:00,2026-09-29T20:48:33+00:00
0000007578,蔡袁華辰,富邦悍將,打者,home_runs,,0.0,,,new,20260918T112310Z-8f8e01d8ec46,20260929T204833Z-5e0600df3416,2026-09-18T11:23:10+00:00,2026-09-29T20:48:33+00:00
0000007578,蔡袁華辰,富邦悍將,打者,obp,,0.0,,,new,20260918T112310Z-8f8e01d8ec46,20260929T204833Z-5e0600df3416,2026-09-18T11:23:10+00:00,2026-09-29T20:48:33+00:00
0000007578,蔡袁華辰,富邦悍將,打者,ops,,0.0,,,new,20260918T112310Z-8f8e01d8ec46,20260929T204833Z-5e0600df3416,2026-09-18T11:23:10+00:00,2026-09-29T20:48:33+00:00
0000007578,蔡袁華辰,富邦悍將,打者,pa,,0.0,,,new,20260918T112310Z-8f8e01d8ec46,20260929T204833Z-5e0600df3416,2026-09-18T11:23:10+00:00,2026-09-29T20:48:33+00:00
0000007578,蔡袁華辰,富邦悍將,打者,player_value_score,,5.2,,,new,20260918T112310Z-8f8e01d8ec46,20260929T204833Z-5e0600df3416,2026-09-18T11:23:10+00:00,2026-09-29T20:48:33+00:00
0000007578,蔡袁華辰,富邦悍將,打者,slg,,0.0,,,new,20260918T112310Z-8f8e01d8ec46,20260929T204833Z-5e0600df3416,2026-09-18T11:23:10+00:00,2026-09-29T20:48:33+00:00
0000006909,豊暐,富邦悍將,打者,batting_average,0.0,0.0,0.0,0.0,unchanged,20260918T112310Z-8f8e01d8ec46,20260929T204833Z-5e0600df3416,2026-09-18T11:23:10+00:00,2026-09-29T20:48:33+00:00
0000006909,豊暐,富邦悍將,打者,home_runs,0.0,0.0,0.0,0.0,unchanged,20260918T112310Z-8f8e01d8ec46,20260929T204833Z-5e0600df3416,2026-09-18T11:23:10+00:00,2026-09-29T20:48:33+00:00
0000006909,豊暐,富邦悍將,打者,obp,0.0,0.0,0.0,0.0,unchanged,20260918T112310Z-8f8e01d8ec46,20260929T204833Z-5e0600df3416,2026-09-18T11:23:10+00:00,2026-09-29T20:48:33+00:00
0000006909,豊暐,富邦悍將,打者,ops,0.0,0.0,0.0,0.0,unchanged,20260918T112310Z-8f8e01d8ec46,20260929T204833Z-5e0600df3416,2026-09-18T11:23:10+00:00,2026-09-29T20:48:33+00:00
0000006909,豊暐,富邦悍將,打者,pa,7.0,7.0,0.0,0.0,unchanged,20260918T112310Z-8f8e01d8ec46,20260929T204833Z-5e0600df3416,2026-09-18T11:23:10+00:00,2026-09-29T20:48:33+00:00
0000006909,豊暐,富邦悍將,打者,player_value_score,3.0,3.0,0.0,0.0,unchanged,20260918T112310Z-8f8e01d8ec46,20260929T204833Z-5e0600df3416,2026-09-18T11:23:10+00:00,2026-09-29T20:48:33+00:00
0000006909,豊暐,富邦悍將,打者,slg,0.0,0.0,0.0,0.0,unchanged,20260918T112310Z-8f8e01d8ec46,20260929T204833Z-5e0600df3416,2026-09-18T11:23:10+00:00,2026-09-29T20:48:33+00:00
0000005496,辛元旭,富邦悍將,打者,batting_average,0.111,0.111,0.0,0.0,unchanged,20260918T112310Z-8f8e01d8ec46,20260929T204833Z-5e0600df3416,2026-09-18T11:23:10+00:00,2026-09-29T20:48:33+00:00
0000005496,辛元旭,富邦悍將,打者,home_runs,0.0,0.0,0.0,0.0,unchanged,20260918T112310Z-8f8e01d8ec46,20260929T204833Z-5e0600df3416,2026-09-18T11:23:10+00:00,2026-09-29T20:48:33+00:00
0000005496,辛元旭,富邦悍將,打者,obp,0.111,0.111,0.0,0.0,unchanged,20260918T112310Z-8f8e01d8ec46,20260929T204833Z-5e0600df3416,2026-09-18T11:23:10+00:00,2026-09-29T20:48:33+00:00
0000005496,辛元旭,富邦悍將,打者,ops,0.222,0.222,0.0,0.0,unchanged,20260918T112310Z-8f8e01d8ec46,20260929T204833Z-5e0600df3416,2026-09-18T11:23:10+00:00,2026-09-29T20:48:33+00:00
0000005496,辛元旭,富邦悍將,打者,pa,18.0,18.0,0.0,0.0,unchanged,20260918T112310Z-8f8e01d8ec46,20260929T204833Z-5e0600df3416,2026-09-18T11:23:10+00:00,2026-09-29T20:48:33+00:00
0000005496,辛元旭,富邦悍將,打者,player_value_score,11.0,11.0,0.0,0.0,unchanged,20260918T112310Z-8f8e01d8ec46,20260929T204833Z-5e0600df3416,2026-09-18T11:23:10+00:00,2026-09-29T20:48:33+00:00
0000005496,辛元旭,富邦悍將,打者,slg,0.111,0.111,0.0,0.0,unchanged,20260918T112310Z-8f8e01d8ec46,20260929T204833Z-5e0600df3416,2026-09-18T11:23:10+00:00,2026-09-29T20:48:33+00:00
BATC39384F,邦力多,富邦悍將,打者,batting_average,0.229,0.229,0.0,0.0,unchanged,20260918T112310Z-8f8e01d8ec46,20260929T204833Z-5e0600df3416,2026-09-18T11:23:10+00:00,2026-09-29T20:48:33+00:00
BATC39384F,邦力多,富邦悍將,打者,home_runs,0.0,0.0,0.0,0.0,unchanged,20260918T112310Z-8f8e01d8ec46,20260929T204833Z-5e0600df3416,2026-09-18T11:23:10+00:00,2026-09-29T20:48:33+00:00
BATC39384F,邦力多,富邦悍將,打者,obp,0.28,0.28,0.0,0.0,unchanged,20260918T112310Z-8f8e01d8ec46,20260929T204833Z-5e0600df3416,2026-09-18T11:23:10+00:00,2026-09-29T20:48:33+00:00
BATC39384F,邦力多,富邦悍將,打者,ops,0.551,0.551,0.0,0.0,unchanged,20260918T112310Z-8f8e01d8ec46,20260929T204833Z-5e0600df3416,2026-09-18T11:23:10+00:00,2026-09-29T20:48:33+00:00
BATC39384F,邦力多,富邦悍將,打者,pa,75.0,75.0,0.0,0.0,unchanged,20260918T112310Z-8f8e01d8ec46,20260929T204833Z-5e0600df3416,2026-09-18T11:23:10+00:00,2026-09-29T20:48:33+00:00
BATC39384F,邦力多,富邦悍將,打者,player_value_score,25.6,25.6,0.0,0.0,unchanged,20260918T112310Z-8f8e01d8ec46,20260929T204833Z-5e0600df3416,2026-09-18T11:23:10+00:00,2026-09-29T20:48:33+00:00
BATC39384F,邦力多,富邦悍將,打者,slg,0.271,0.271,0.0,0.0,unchanged,20260918T112310Z-8f8e01d8ec46,20260929T204833Z-5e0600df3416,2026-09-18T11:23:10+00:00,2026-09-29T20:48:33+00:00
0000005310,陳真,富邦悍將,打者,batting_average,0.2,0.2,0.0,0.0,unchanged,20260918T112310Z-8f8e01d8ec46,20260929T204833Z-5e0600df3416,2026-09-18T11:23:10+00:00,2026-09-29T20:48:33+00:00
0000005310,陳真,富邦悍將,打者,home_runs,0.0,0.0,0.0,0.0,unchanged,20260918T112310Z-8f8e01d8ec46,20260929T204833Z-5e0600df3416,2026-09-18T11:23:10+00:00,2026-09-29T20:48:33+00:00
0000005310,陳真,富邦悍將,打者,obp,0.2,0.2,0.0,0.0,unchanged,20260918T112310Z-8f8e01d8ec46,20260929T204833Z-5e0600df3416,2026-09-18T11:23:10+00:00,2026-09-29T20:48:33+00:00
0000005310,陳真,富邦悍將,打者,ops,0.4,0.4,0.0,0.0,unchanged,20260918T112310Z-8f8e01d8ec46,20260929T204833Z-5e0600df3416,2026-09-18T11:23:10+00:00,2026-09-29T20:48:33+00:00
0000005310,陳真,富邦悍將,打者,pa,15.0,15.0,0.0,0.0,unchanged,20260918T112310Z-8f8e01d8ec46,20260929T204833Z-5e0600df3416,2026-09-18T11:23:10+00:00,2026-09-29T20:48:33+00:00
0000005310,陳真,富邦悍將,打者,player_value_score,16.5,16.5,0.0,0.0,unchanged,20260918T112310Z-8f8e01d8ec46,20260929T204833Z-5e0600df3416,2026-09-18T11:23:10+00:00,2026-09-29T20:48:33+00:00
0000005310,陳真,富邦悍將,打者,slg,0.2,0.2,0.0,0.0,unchanged,20260918T112310Z-8f8e01d8ec46,20260929T204833Z-5e0600df3416,2026-09-18T11:23:10+00:00,2026-09-29T20:48:33+00:00
0000001118,高國麟,富邦悍將,打者,batting_average,0.333,0.333,0.0,0.0,unchanged,20260918T112310Z-8f8e01d8ec46,20260929T204833Z-5e0600df3416,2026-09-18T11:23:10+00:00,2026-09-29T20:48:33+00:00
0000001118,高國麟,富邦悍將,打者,home_runs,0.0,0.0,0.0,0.0,unchanged,20260918T112310Z-8f8e01d8ec46,20260929T204833Z-5e0600df3416,2026-09-18T11:23:10+00:00,2026-09-29T20:48:33+00:00
0000001118,高國麟,富邦悍將,打者,obp,0.333,0.333,0.0,0.0,unchanged,20260918T112310Z-8f8e01d8ec46,20260929T204833Z-5e0600df3416,2026-09-18T11:23:10+00:00,2026-09-29T20:48:33+00:00
0000001118,高國麟,富邦悍將,打者,ops,0.666,0.666,0.0,0.0,unchanged,20260918T112310Z-8f8e01d8ec46,20260929T204833Z-5e0600df3416,2026-09-18T11:23:10+00:00,2026-09-29T20:48:33+00:00
0000001118,高國麟,富邦悍將,打者,pa,6.0,6.0,0.0,0.0,unchanged,20260918T112310Z-8f8e01d8ec46,20260929T204833Z-5e0600df3416,2026-09-18T11:23:10+00:00,2026-09-29T20:48:33+00:00
0000001118,高國麟,富邦悍將,打者,player_value_score,26.9,26.9,0.0,0.0,unchanged,20260918T112310Z-8f8e01d8ec46,20260929T204833Z-5e0600df3416,2026-09-18T11:23:10+00:00,2026-09-29T20:48:33+00:00
0000001118,高國麟,富邦悍將,打者,slg,0.333,0.333,0.0,0.0,unchanged,20260918T112310Z-8f8e01d8ec46,20260929T204833Z-5e0600df3416,2026-09-18T11:23:10+00:00,2026-09-29T20:48:33+00:00
0000007091,高捷,富邦悍將,打者,batting_average,0.19,0.19,0.0,0.0,unchanged,20260918T112310Z-8f8e01d8ec46,20260929T204833Z-5e0600df3416,2026-09-18T11:23:10+00:00,2026-09-29T20:48:33+00:00
0000007091,高捷,富邦悍將,打者,home_runs,0.0,0.0,0.0,0.0,unchanged,20260918T112310Z-8f8e01d8ec46,20260929T204833Z-5e0600df3416,2026-09-18T11:23:10+00:00,2026-09-29T20:48:33+00:00
0000007091,高捷,富邦悍將,打者,obp,0.227,0.227,0.0,0.0,unchanged,20260918T112310Z-8f8e01d8ec46,20260929T204833Z-5e0600df3416,2026-09-18T11:23:10+00:00,2026-09-29T20:48:33+00:00
0000007091,高捷,富邦悍將,打者,ops,0.417,0.417,0.0,0.0,unchanged,20260918T112310Z-8f8e01d8ec46,20260929T204833Z-5e0600df3416,2026-09-18T11:23:10+00:00,2026-09-29T20:48:33+00:00
0000007091,高捷,富邦悍將,打者,pa,22.0,22.0,0.0,0.0,unchanged,20260918T112310Z-8f8e01d8ec46,20260929T204833Z-5e0600df3416,2026-09-18T11:23:10+00:00,2026-09-29T20:48:33+00:00
0000007091,高捷,富邦悍將,打者,player_value_score,18.4,18.5,0.1,0.1,changed,20260918T112310Z-8f8e01d8ec46,20260929T204833Z-5e0600df3416,2026-09-18T11:23:10+00:00,2026-09-29T20:48:33+00:00
0000007091,高捷,富邦悍將,打者,slg,0.19,0.19,0.0,0.0,unchanged,20260918T112310Z-8f8e01d8ec46,20260929T204833Z-5e0600df3416,2026-09-18T11:23:10+00:00,2026-09-29T20:48:33+00:00
0000007288,何品室融,樂天桃猿,打者,batting_average,0.17,0.165,-0.005,-0.005,changed,20260918T112310Z-8f8e01d8ec46,20260929T204833Z-5e0600df3416,2026-09-18T11:23:10+00:00,2026-09-29T20:48:33+00:00
0000007288,何品室融,樂天桃猿,打者,home_runs,1.0,1.0,0.0,0.0,unchanged,20260918T112310Z-8f8e01d8ec46,20260929T204833Z-5e0600df3416,2026-09-18T11:23:10+00:00,2026-09-29T20:48:33+00:00
0000007288,何品室融,樂天桃猿,打者,obp,0.266,0.269,0.003,0.003,changed,20260918T112310Z-8f8e01d8ec46,20260929T204833Z-5e0600df3416,2026-09-18T11:23:10+00:00,2026-09-29T20:48:33+00:00
0000007288,何品室融,樂天桃猿,打者,ops,0.496,0.492,-0.004,-0.004,changed,20260918T112310Z-8f8e01d8ec46,20260929T204833Z-5e0600df3416,2026-09-18T11:23:10+00:00,2026-09-29T20:48:33+00:00
0000007288,何品室融,樂天桃猿,打者,pa,154.0,160.0,6.0,6.0,changed,20260918T112310Z-8f8e01d8ec46,20260929T204833Z-5e0600df3416,2026-09-18T11:23:10+00:00,2026-09-29T20:48:33+00:00
0000007288,何品室融,樂天桃猿,打者,player_value_score,25.0,24.9,-0.1,-0.1,changed,20260918T112310Z-8f8e01d8ec46,20260929T204833Z-5e0600df3416,2026-09-18T11:23:10+00:00,2026-09-29T20:48:33+00:00
0000007288,何品室融,樂天桃猿,打者,slg,0.23,0.223,-0.007,-0.007,changed,20260918T112310Z-8f8e01d8ec46,20260929T204833Z-5e0600df3416,2026-09-18T11:23:10+00:00,2026-09-29T20:48:33+00:00
0000003563,余德龍,樂天桃猿,打者,batting_average,0.135,0.212,0.077,0.077,changed,20260918T112310Z-8f8e01d8ec46,20260929T204833Z-5e0600df3416,2026-09-18T11:23:10+00:00,2026-09-29T20:48:33+00:00
0000003563,余德龍,樂天桃猿,打者,home_runs,1.0,2.0,1.0,1.0,changed,20260918T112310Z-8f8e01d8ec46,20260929T204833Z-5e0600df3416,2026-09-18T11:23:10+00:00,2026-09-29T20:48:33+00:00
0000003563,余德龍,樂天桃猿,打者,obp,0.175,0.25,0.075,0.075,changed,20260918T112310Z-8f8e01d8ec46,20260929T204833Z-5e0600df3416,2026-09-18T11:23:10+00:00,2026-09-29T20:48:33+00:00
0000003563,余德龍,樂天桃猿,打者,ops,0.391,0.615,0.224,0.224,changed,20260918T112310Z-8f8e01d8ec46,20260929T204833Z-5e0600df3416,2026-09-18T11:23:10+00:00,2026-09-29T20:48:33+00:00
0000003563,余德龍,樂天桃猿,打者,pa,43.0,59.0,16.0,16.0,changed,20260918T112310Z-8f8e01d8ec46,20260929T204833Z-5e0600df3416,2026-09-18T11:23:10+00:00,2026-09-29T20:48:33+00:00
0000003563,余德龍,樂天桃猿,打者,player_value_score,23.3,35.2,11.9,11.9,changed,20260918T112310Z-8f8e01d8ec46,20260929T204833Z-5e0600df3416,2026-09-18T11:23:10+00:00,2026-09-29T20:48:33+00:00
0000003563,余德龍,樂天桃猿,打者,slg,0.216,0.365,0.149,0.149,changed,20260918T112310Z-8f8e01d8ec46,20260929T204833Z-5e0600df3416,2026-09-18T11:23:10+00:00,2026-09-29T20:48:33+00:00
0000007018,劉子杰,樂天桃猿,打者,batting_average,0.253,0.253,0.0,0.0,unchanged,20260918T112310Z-8f8e01d8ec46,20260929T204833Z-5e0600df3416,2026-09-18T11:23:10+00:00,2026-09-29T20:48:33+00:00
0000007018,劉子杰,樂天桃猿,打者,home_runs,1.0,1.0,0.0,0.0,unchanged,20260918T112310Z-8f8e01d8ec46,20260929T204833Z-5e0600df3416,2026-09-18T11:23:10+00:00,2026-09-29T20:48:33+00:00
0000007018,劉子杰,樂天桃猿,打者,obp,0.277,0.277,0.0,0.0,unchanged,20260918T112310Z-8f8e01d8ec46,20260929T204833Z-5e0600df3416,2026-09-18T11:23:10+00:00,2026-09-29T20:48:33+00:00
0000007018,劉子杰,樂天桃猿,打者,ops,0.584,0.584,0.0,0.0,unchanged,20260918T112310Z-8f8e01d8ec46,20260929T204833Z-5e0600df3416,2026-09-18T11:23:10+00:00,2026-09-29T20:48:33+00:00
0000007018,劉子杰,樂天桃猿,打者,pa,174.0,174.0,0.0,0.0,unchanged,20260918T112310Z-8f8e01d8ec46,20260929T204833Z-5e0600df3416,2026-09-18T11:23:10+00:00,2026-09-29T20:48:33+00:00
0000007018,劉子杰,樂天桃猿,打者,player_value_score,27.7,27.8,0.1,0.1,changed,20260918T112310Z-8f8e01d8ec46,20260929T204833Z-5e0600df3416,2026-09-18T11:23:10+00:00,2026-09-29T20:48:33+00:00
0000007018,劉子杰,樂天桃猿,打者,slg,0.307,0.307,0.0,0.0,unchanged,20260918T112310Z-8f8e01d8ec46,20260929T204833Z-5e0600df3416,2026-09-18T11:23:10+00:00,2026-09-29T20:48:33+00:00
0000004032,嚴宏鈞,樂天桃猿,打者,batting_average,0.132,0.162,0.03,0.03,changed,20260918T112310Z-8f8e01d8ec46,20260929T204833Z-5e0600df3416,2026-09-18T11:23:10+00:00,2026-09-29T20:48:33+00:00
0000004032,嚴宏鈞,樂天桃猿,打者,home_runs,0.0,0.0,0.0,0.0,unchanged,20260918T112310Z-8f8e01d8ec46,20260929T204833Z-5e0600df3416,2026-09-18T11:23:10+00:00,2026-09-29T20:48:33+00:00
0000004032,嚴宏鈞,樂天桃猿,打者,obp,0.22,0.24,0.02,0.02,changed,20260918T112310Z-8f8e01d8ec46,20260929T204833Z-5e0600df3416,2026-09-18T11:23:10+00:00,2026-09-29T20:48:33+00:00
0000004032,嚴宏鈞,樂天桃猿,打者,ops,0.39,0.431,0.041,0.041,changed,20260918T112310Z-8f8e01d8ec46,20260929T204833Z-5e0600df3416,2026-09-18T11:23:10+00:00,2026-09-29T20:48:33+00:00
0000004032,嚴宏鈞,樂天桃猿,打者,pa,65.0,81.0,16.0,16.0,changed,20260918T112310Z-8f8e01d8ec46,20260929T204833Z-5e0600df3416,2026-09-18T11:23:10+00:00,2026-09-29T20:48:33+00:00
0000004032,嚴宏鈞,樂天桃猿,打者,player_value_score,19.2,20.0,0.8,0.8,changed,20260918T112310Z-8f8e01d8ec46,20260929T204833Z-5e0600df3416,2026-09-18T11:23:10+00:00,2026-09-29T20:48:33+00:00
0000004032,嚴宏鈞,樂天桃猿,打者,slg,0.17,0.191,0.021,0.021,changed,20260918T112310Z-8f8e01d8ec46,20260929T204833Z-5e0600df3416,2026-09-18T11:23:10+00:00,2026-09-29T20:48:33+00:00
0000007822,威克,樂天桃猿,打者,batting_average,0.218,0.231,0.013,0.013,changed,20260918T112310Z-8f8e01d8ec46,20260929T204833Z-5e0600df3416,2026-09-18T11:23:10+00:00,2026-09-29T20:48:33+00:00
0000007822,威克,樂天桃猿,打者,home_runs,8.0,8.0,0.0,0.0,unchanged,20260918T112310Z-8f8e01d8ec46,20260929T204833Z-5e0600df3416,2026-09-18T11:23:10+00:00,2026-09-29T20:48:33+00:00
0000007822,威克,樂天桃猿,打者,obp,0.268,0.288,0.02,0.02,changed,20260918T112310Z-8f8e01d8ec46,20260929T204833Z-5e0600df3416,2026-09-18T11:23:10+00:00,2026-09-29T20:48:33+00:00
0000007822,威克,樂天桃猿,打者,ops,0.719,0.733,0.014,0.014,changed,20260918T112310Z-8f8e01d8ec46,20260929T204833Z-5e0600df3416,2026-09-18T11:23:10+00:00,2026-09-29T20:48:33+00:00
0000007822,威克,樂天桃猿,打者,pa,153.0,191.0,38.0,38.0,changed,20260918T112310Z-8f8e01d8ec46,20260929T204833Z-5e0600df3416,2026-09-18T11:23:10+00:00,2026-09-29T20:48:33+00:00
0000007822,威克,樂天桃猿,打者,player_value_score,43.5,42.8,-0.7,-0.7,changed,20260918T112310Z-8f8e01d8ec46,20260929T204833Z-5e0600df3416,2026-09-18T11:23:10+00:00,2026-09-29T20:48:33+00:00
0000007822,威克,樂天桃猿,打者,slg,0.451,0.445,-0.006,-0.006,changed,20260918T112310Z-8f8e01d8ec46,20260929T204833Z-5e0600df3416,2026-09-18T11:23:10+00:00,2026-09-29T20:48:33+00:00
0000006854,宋嘉翔,樂天桃猿,打者,batting_average,0.186,0.183,-0.003,-0.003,changed,20260918T112310Z-8f8e01d8ec46,20260929T204833Z-5e0600df3416,2026-09-18T11:23:10+00:00,2026-09-29T20:48:33+00:00
0000006854,宋嘉翔,樂天桃猿,打者,home_runs,2.0,2.0,0.0,0.0,unchanged,20260918T112310Z-8f8e01d8ec46,20260929T204833Z-5e0600df3416,2026-09-18T11:23:10+00:00,2026-09-29T20:48:33+00:00
0000006854,宋嘉翔,樂天桃猿,打者,obp,0.228,0.224,-0.004,-0.004,changed,20260918T112310Z-8f8e01d8ec46,20260929T204833Z-5e0600df3416,2026-09-18T11:23:10+00:00,2026-09-29T20:48:33+00:00
0000006854,宋嘉翔,樂天桃猿,打者,ops,0.449,0.449,0.0,0.0,unchanged,20260918T112310Z-8f8e01d8ec46,20260929T204833Z-5e0600df3416,2026-09-18T11:23:10+00:00,2026-09-29T20:48:33+00:00
0000006854,宋嘉翔,樂天桃猿,打者,pa,252.0,268.0,16.0,16.0,changed,20260918T112310Z-8f8e01d8ec46,20260929T204833Z-5e0600df3416,2026-09-18T11:23:10+00:00,2026-09-29T20:48:33+00:00
0000006854,宋嘉翔,樂天桃猿,打者,player_value_score,22.1,22.4,0.3,0.3,changed,20260918T112310Z-8f8e01d8ec46,20260929T204833Z-5e0600df3416,2026-09-18T11:23:10+00:00,2026-09-29T20:48:33+00:00
0000006854,宋嘉翔,樂天桃猿,打者,slg,0.221,0.225,0.004,0.004,changed,20260918T112310Z-8f8e01d8ec46,20260929T204833Z-5e0600df3416,2026-09-18T11:23:10+00:00,2026-09-29T20:48:33+00:00
0000000158,廖健富,樂天桃猿,打者,batting_average,,0.5,,,new,20260918T112310Z-8f8e01d8ec46,20260929T204833Z-5e0600df3416,2026-09-18T11:23:10+00:00,2026-09-29T20:48:33+00:00
0000000158,廖健富,樂天桃猿,打者,home_runs,,0.0,,,new,20260918T112310Z-8f8e01d8ec46,20260929T204833Z-5e0600df3416,2026-09-18T11:23:10+00:00,2026-09-29T20:48:33+00:00
0000000158,廖健富,樂天桃猿,打者,obp,,0.556,,,new,20260918T112310Z-8f8e01d8ec46,20260929T204833Z-5e0600df3416,2026-09-18T11:23:10+00:00,2026-09-29T20:48:33+00:00
0000000158,廖健富,樂天桃猿,打者,ops,,1.181,,,new,20260918T112310Z-8f8e01d8ec46,20260929T204833Z-5e0600df3416,2026-09-18T11:23:10+00:00,2026-09-29T20:48:33+00:00
0000000158,廖健富,樂天桃猿,打者,pa,,9.0,,,new,20260918T112310Z-8f8e01d8ec46,20260929T204833Z-5e0600df3416,2026-09-18T11:23:10+00:00,2026-09-29T20:48:33+00:00
0000000158,廖健富,樂天桃猿,打者,player_value_score,,50.7,,,new,20260918T112310Z-8f8e01d8ec46,20260929T204833Z-5e0600df3416,2026-09-18T11:23:10+00:00,2026-09-29T20:48:33+00:00
0000000158,廖健富,樂天桃猿,打者,slg,,0.625,,,new,20260918T112310Z-8f8e01d8ec46,20260929T204833Z-5e0600df3416,2026-09-18T11:23:10+00:00,2026-09-29T20:48:33+00:00
0000007312,張趙紘,樂天桃猿,打者,batting_average,0.15,0.15,0.0,0.0,unchanged,20260918T112310Z-8f8e01d8ec46,20260929T204833Z-5e0600df3416,2026-09-18T11:23:10+00:00,2026-09-29T20:48:33+00:00
0000007312,張趙紘,樂天桃猿,打者,home_runs,0.0,0.0,0.0,0.0,unchanged,20260918T112310Z-8f8e01d8ec46,20260929T204833Z-5e0600df3416,2026-09-18T11:23:10+00:00,2026-09-29T20:48:33+00:00
0000007312,張趙紘,樂天桃猿,打者,obp,0.261,0.261,0.0,0.0,unchanged,20260918T112310Z-8f8e01d8ec46,20260929T204833Z-5e0600df3416,2026-09-18T11:23:10+00:00,2026-09-29T20:48:33+00:00
0000007312,張趙紘,樂天桃猿,打者,ops,0.461,0.461,0.0,0.0,unchanged,20260918T112310Z-8f8e01d8ec46,20260929T204833Z-5e0600df3416,2026-09-18T11:23:10+00:00,2026-09-29T20:48:33+00:00
0000007312,張趙紘,樂天桃猿,打者,pa,46.0,46.0,0.0,0.0,unchanged,20260918T112310Z-8f8e01d8ec46,20260929T204833Z-5e0600df3416,2026-09-18T11:23:10+00:00,2026-09-29T20:48:33+00:00
0000007312,張趙紘,樂天桃猿,打者,player_value_score,24.0,24.1,0.1,0.1,changed,20260918T112310Z-8f8e01d8ec46,20260929T204833Z-5e0600df3416,2026-09-18T11:23:10+00:00,2026-09-29T20:48:33+00:00
0000007312,張趙紘,樂天桃猿,打者,slg,0.2,0.2,0.0,0.0,unchanged,20260918T112310Z-8f8e01d8ec46,20260929T204833Z-5e0600df3416,2026-09-18T11:23:10+00:00,2026-09-29T20:48:33+00:00
0000002282,張閔勛,樂天桃猿,打者,batting_average,0.189,0.189,0.0,0.0,unchanged,20260918T112310Z-8f8e01d8ec46,20260929T204833Z-5e0600df3416,2026-09-18T11:23:10+00:00,2026-09-29T20:48:33+00:00
0000002282,張閔勛,樂天桃猿,打者,home_runs,0.0,0.0,0.0,0.0,unchanged,20260918T112310Z-8f8e01d8ec46,20260929T204833Z-5e0600df3416,2026-09-18T11:23:10+00:00,2026-09-29T20:48:33+00:00
0000002282,張閔勛,樂天桃猿,打者,obp,0.295,0.295,0.0,0.0,unchanged,20260918T112310Z-8f8e01d8ec46,20260929T204833Z-5e0600df3416,2026-09-18T11:23:10+00:00,2026-09-29T20:48:33+00:00
0000002282,張閔勛,樂天桃猿,打者,ops,0.511,0.511,0.0,0.0,unchanged,20260918T112310Z-8f8e01d8ec46,20260929T204833Z-5e0600df3416,2026-09-18T11:23:10+00:00,2026-09-29T20:48:33+00:00
0000002282,張閔勛,樂天桃猿,打者,pa,44.0,44.0,0.0,0.0,unchanged,20260918T112310Z-8f8e01d8ec46,20260929T204833Z-5e0600df3416,2026-09-18T11:23:10+00:00,2026-09-29T20:48:33+00:00
0000002282,張閔勛,樂天桃猿,打者,player_value_score,25.5,26.0,0.5,0.5,changed,20260918T112310Z-8f8e01d8ec46,20260929T204833Z-5e0600df3416,2026-09-18T11:23:10+00:00,2026-09-29T20:48:33+00:00
0000002282,張閔勛,樂天桃猿,打者,slg,0.216,0.216,0.0,0.0,unchanged,20260918T112310Z-8f8e01d8ec46,20260929T204833Z-5e0600df3416,2026-09-18T11:23:10+00:00,2026-09-29T20:48:33+00:00
0000000159,成晉,樂天桃猿,打者,batting_average,0.216,0.231,0.015,0.015,changed,20260918T112310Z-8f8e01d8ec46,20260929T204833Z-5e0600df3416,2026-09-18T11:23:10+00:00,2026-09-29T20:48:33+00:00
0000000159,成晉,樂天桃猿,打者,home_runs,0.0,0.0,0.0,0.0,unchanged,20260918T112310Z-8f8e01d8ec46,20260929T204833Z-5e0600df3416,2026-09-18T11:23:10+00:00,2026-09-29T20:48:33+00:00
0000000159,成晉,樂天桃猿,打者,obp,0.295,0.297,0.002,0.002,changed,20260918T112310Z-8f8e01d8ec46,20260929T204833Z-5e0600df3416,2026-09-18T11:23:10+00:00,2026-09-29T20:48:33+00:00
0000000159,成晉,樂天桃猿,打者,ops,0.536,0.549,0.013,0.013,changed,20260918T112310Z-8f8e01d8ec46,20260929T204833Z-5e0600df3416,2026-09-18T11:23:10+00:00,2026-09-29T20:48:33+00:00
0000000159,成晉,樂天桃猿,打者,pa,132.0,162.0,30.0,30.0,changed,20260918T112310Z-8f8e01d8ec46,20260929T204833Z-5e0600df3416,2026-09-18T11:23:10+00:00,2026-09-29T20:48:33+00:00
0000000159,成晉,樂天桃猿,打者,player_value_score,24.4,24.6,0.2,0.2,changed,20260918T112310Z-8f8e01d8ec46,20260929T204833Z-5e0600df3416,2026-09-18T11:23:10+00:00,2026-09-29T20:48:33+00:00
0000000159,成晉,樂天桃猿,打者,slg,0.241,0.252,0.011,0.011,changed,20260918T112310Z-8f8e01d8ec46,20260929T204833Z-5e0600df3416,2026-09-18T11:23:10+00:00,2026-09-29T20:48:33+00:00
0000007313,曾冠傑,樂天桃猿,打者,batting_average,0.25,0.25,0.0,0.0,unchanged,20260918T112310Z-8f8e01d8ec46,20260929T204833Z-5e0600df3416,2026-09-18T11:23:10+00:00,2026-09-29T20:48:33+00:00
0000007313,曾冠傑,樂天桃猿,打者,home_runs,0.0,0.0,0.0,0.0,unchanged,20260918T112310Z-8f8e01d8ec46,20260929T204833Z-5e0600df3416,2026-09-18T11:23:10+00:00,2026-09-29T20:48:33+00:00
0000007313,曾冠傑,樂天桃猿,打者,obp,0.333,0.333,0.0,0.0,unchanged,20260918T112310Z-8f8e01d8ec46,20260929T204833Z-5e0600df3416,2026-09-18T11:23:10+00:00,2026-09-29T20:48:33+00:00
0000007313,曾冠傑,樂天桃猿,打者,ops,0.583,0.583,0.0,0.0,unchanged,20260918T112310Z-8f8e01d8ec46,20260929T204833Z-5e0600df3416,2026-09-18T11:23:10+00:00,2026-09-29T20:48:33+00:00
0000007313,曾冠傑,樂天桃猿,打者,pa,9.0,9.0,0.0,0.0,unchanged,20260918T112310Z-8f8e01d8ec46,20260929T204833Z-5e0600df3416,2026-09-18T11:23:10+00:00,2026-09-29T20:48:33+00:00
0000007313,曾冠傑,樂天桃猿,打者,player_value_score,25.0,25.1,0.1,0.1,changed,20260918T112310Z-8f8e01d8ec46,20260929T204833Z-5e0600df3416,2026-09-18T11:23:10+00:00,2026-09-29T20:48:33+00:00
0000007313,曾冠傑,樂天桃猿,打者,slg,0.25,0.25,0.0,0.0,unchanged,20260918T112310Z-8f8e01d8ec46,20260929T204833Z-5e0600df3416,2026-09-18T11:23:10+00:00,2026-09-29T20:48:33+00:00
0000007076,李勛傑,樂天桃猿,打者,batting_average,0.233,0.233,0.0,0.0,unchanged,20260918T112310Z-8f8e01d8ec46,20260929T204833Z-5e0600df3416,2026-09-18T11:23:10+00:00,2026-09-29T20:48:33+00:00
0000007076,李勛傑,樂天桃猿,打者,home_runs,6.0,6.0,0.0,0.0,unchanged,20260918T112310Z-8f8e01d8ec46,20260929T204833Z-5e0600df3416,2026-09-18T11:23:10+00:00,2026-09-29T20:48:33+00:00
0000007076,李勛傑,樂天桃猿,打者,obp,0.321,0.321,0.0,0.0,unchanged,20260918T112310Z-8f8e01d8ec46,20260929T204833Z-5e0600df3416,2026-09-18T11:23:10+00:00,2026-09-29T20:48:33+00:00
0000007076,李勛傑,樂天桃猿,打者,ops,0.684,0.684,0.0,0.0,unchanged,20260918T112310Z-8f8e01d8ec46,20260929T204833Z-5e0600df3416,2026-09-18T11:23:10+00:00,2026-09-29T20:48:33+00:00
0000007076,李勛傑,樂天桃猿,打者,pa,280.0,280.0,0.0,0.0,unchanged,20260918T112310Z-8f8e01d8ec46,20260929T204833Z-5e0600df3416,2026-09-18T11:23:10+00:00,2026-09-29T20:48:33+00:00
0000007076,李勛傑,樂天桃猿,打者,player_value_score,35.9,36.1,0.2,0.2,changed,20260918T112310Z-8f8e01d8ec46,20260929T204833Z-5e0600df3416,2026-09-18T11:23:10+00:00,2026-09-29T20:48:33+00:00
0000007076,李勛傑,樂天桃猿,打者,slg,0.363,0.363,0.0,0.0,unchanged,20260918T112310Z-8f8e01d8ec46,20260929T204833Z-5e0600df3416,2026-09-18T11:23:10+00:00,2026-09-29T20:48:33+00:00
0000001618,林子偉,樂天桃猿,打者,batting_average,0.254,0.252,-0.002,-0.002,changed,20260918T112310Z-8f8e01d8ec46,20260929T204833Z-5e0600df3416,2026-09-18T11:23:10+00:00,2026-09-29T20:48:33+00:00
0000001618,林子偉,樂天桃猿,打者,home_runs,3.0,3.0,0.0,0.0,unchanged,20260918T112310Z-8f8e01d8ec46,20260929T204833Z-5e0600df3416,2026-09-18T11:23:10+00:00,2026-09-29T20:48:33+00:00
0000001618,林子偉,樂天桃猿,打者,obp,0.293,0.29,-0.003,-0.003,changed,20260918T112310Z-8f8e01d8ec46,20260929T204833Z-5e0600df3416,2026-09-18T11:23:10+00:00,2026-09-29T20:48:33+00:00
0000001618,林子偉,樂天桃猿,打者,ops,0.626,0.622,-0.004,-0.004,changed,20260918T112310Z-8f8e01d8ec46,20260929T204833Z-5e0600df3416,2026-09-18T11:23:10+00:00,2026-09-29T20:48:33+00:00
0000001618,林子偉,樂天桃猿,打者,pa,341.0,352.0,11.0,11.0,changed,20260918T112310Z-8f8e01d8ec46,20260929T204833Z-5e0600df3416,2026-09-18T11:23:10+00:00,2026-09-29T20:48:33+00:00
0000001618,林子偉,樂天桃猿,打者,player_value_score,30.3,30.2,-0.1,-0.1,changed,20260918T112310Z-8f8e01d8ec46,20260929T204833Z-5e0600df3416,2026-09-18T11:23:10+00:00,2026-09-29T20:48:33+00:00
0000001618,林子偉,樂天桃猿,打者,slg,0.333,0.332,-0.001,-0.001,changed,20260918T112310Z-8f8e01d8ec46,20260929T204833Z-5e0600df3416,2026-09-18T11:23:10+00:00,2026-09-29T20:48:33+00:00
0000000153,林承飛,樂天桃猿,打者,batting_average,0.181,0.181,0.0,0.0,unchanged,20260918T112310Z-8f8e01d8ec46,20260929T204833Z-5e0600df3416,2026-09-18T11:23:10+00:00,2026-09-29T20:48:33+00:00
0000000153,林承飛,樂天桃猿,打者,home_runs,0.0,1.0,1.0,1.0,changed,20260918T112310Z-8f8e01d8ec46,20260929T204833Z-5e0600df3416,2026-09-18T11:23:10+00:00,2026-09-29T20:48:33+00:00
0000000153,林承飛,樂天桃猿,打者,obp,0.222,0.234,0.012,0.012,changed,20260918T112310Z-8f8e01d8ec46,20260929T204833Z-5e0600df3416,2026-09-18T11:23:10+00:00,2026-09-29T20:48:33+00:00
0000000153,林承飛,樂天桃猿,打者,ops,0.435,0.467,0.032,0.032,changed,20260918T112310Z-8f8e01d8ec46,20260929T204833Z-5e0600df3416,2026-09-18T11:23:10+00:00,2026-09-29T20:48:33+00:00
0000000153,林承飛,樂天桃猿,打者,pa,100.0,125.0,25.0,25.0,changed,20260918T112310Z-8f8e01d8ec46,20260929T204833Z-5e0600df3416,2026-09-18T11:23:10+00:00,2026-09-29T20:48:33+00:00
0000000153,林承飛,樂天桃猿,打者,player_value_score,20.5,23.9,3.4,3.4,changed,20260918T112310Z-8f8e01d8ec46,20260929T204833Z-5e0600df3416,2026-09-18T11:23:10+00:00,2026-09-29T20:48:33+00:00
0000000153,林承飛,樂天桃猿,打者,slg,0.213,0.233,0.02,0.02,changed,20260918T112310Z-8f8e01d8ec46,20260929T204833Z-5e0600df3416,2026-09-18T11:23:10+00:00,2026-09-29T20:48:33+00:00
0000006235,林政華,樂天桃猿,打者,batting_average,0.248,0.251,0.003,0.003,changed,20260918T112310Z-8f8e01d8ec46,20260929T204833Z-5e0600df3416,2026-09-18T11:23:10+00:00,2026-09-29T20:48:33+00:00
0000006235,林政華,樂天桃猿,打者,home_runs,2.0,2.0,0.0,0.0,unchanged,20260918T112310Z-8f8e01d8ec46,20260929T204833Z-5e0600df3416,2026-09-18T11:23:10+00:00,2026-09-29T20:48:33+00:00
0000006235,林政華,樂天桃猿,打者,obp,0.328,0.33,0.002,0.002,changed,20260918T112310Z-8f8e01d8ec46,20260929T204833Z-5e0600df3416,2026-09-18T11:23:10+00:00,2026-09-29T20:48:33+00:00
0000006235,林政華,樂天桃猿,打者,ops,0.636,0.649,0.013,0.013,changed,20260918T112310Z-8f8e01d8ec46,20260929T204833Z-5e0600df3416,2026-09-18T11:23:10+00:00,2026-09-29T20:48:33+00:00
0000006235,林政華,樂天桃猿,打者,pa,252.0,294.0,42.0,42.0,changed,20260918T112310Z-8f8e01d8ec46,20260929T204833Z-5e0600df3416,2026-09-18T11:23:10+00:00,2026-09-29T20:48:33+00:00
0000006235,林政華,樂天桃猿,打者,player_value_score,30.5,31.4,0.9,0.9,changed,20260918T112310Z-8f8e01d8ec46,20260929T204833Z-5e0600df3416,2026-09-18T11:23:10+00:00,2026-09-29T20:48:33+00:00
0000006235,林政華,樂天桃猿,打者,slg,0.308,0.319,0.011,0.011,changed,20260918T112310Z-8f8e01d8ec46,20260929T204833Z-5e0600df3416,2026-09-18T11:23:10+00:00,2026-09-29T20:48:33+00:00
0000003345,林智平,樂天桃猿,打者,batting_average,0.27,0.263,-0.007,-0.007,changed,20260918T112310Z-8f8e01d8ec46,20260929T204833Z-5e0600df3416,2026-09-18T11:23:10+00:00,2026-09-29T20:48:33+00:00
0000003345,林智平,樂天桃猿,打者,home_runs,1.0,1.0,0.0,0.0,unchanged,20260918T112310Z-8f8e01d8ec46,20260929T204833Z-5e0600df3416,2026-09-18T11:23:10+00:00,2026-09-29T20:48:33+00:00
0000003345,林智平,樂天桃猿,打者,obp,0.318,0.316,-0.002,-0.002,changed,20260918T112310Z-8f8e01d8ec46,20260929T204833Z-5e0600df3416,2026-09-18T11:23:10+00:00,2026-09-29T20:48:33+00:00
0000003345,林智平,樂天桃猿,打者,ops,0.633,0.625,-0.008,-0.008,changed,20260918T112310Z-8f8e01d8ec46,20260929T204833Z-5e0600df3416,2026-09-18T11:23:10+00:00,2026-09-29T20:48:33+00:00
0000003345,林智平,樂天桃猿,打者,pa,240.0,257.0,17.0,17.0,changed,20260918T112310Z-8f8e01d8ec46,20260929T204833Z-5e0600df3416,2026-09-18T11:23:10+00:00,2026-09-29T20:48:33+00:00
0000003345,林智平,樂天桃猿,打者,player_value_score,28.9,29.1,0.2,0.2,changed,20260918T112310Z-8f8e01d8ec46,20260929T204833Z-5e0600df3416,2026-09-18T11:23:10+00:00,2026-09-29T20:48:33+00:00
0000003345,林智平,樂天桃猿,打者,slg,0.315,0.309,-0.006,-0.006,changed,20260918T112310Z-8f8e01d8ec46,20260929T204833Z-5e0600df3416,2026-09-18T11:23:10+00:00,2026-09-29T20:48:33+00:00
0000003467,林泓育,樂天桃猿,打者,batting_average,0.269,0.259,-0.01,-0.01,changed,20260918T112310Z-8f8e01d8ec46,20260929T204833Z-5e0600df3416,2026-09-18T11:23:10+00:00,2026-09-29T20:48:33+00:00
0000003467,林泓育,樂天桃猿,打者,home_runs,2.0,3.0,1.0,1.0,changed,20260918T112310Z-8f8e01d8ec46,20260929T204833Z-5e0600df3416,2026-09-18T11:23:10+00:00,2026-09-29T20:48:33+00:00
0000003467,林泓育,樂天桃猿,打者,obp,0.315,0.304,-0.011,-0.011,changed,20260918T112310Z-8f8e01d8ec46,20260929T204833Z-5e0600df3416,2026-09-18T11:23:10+00:00,2026-09-29T20:48:33+00:00
0000003467,林泓育,樂天桃猿,打者,ops,0.681,0.66,-0.021,-0.021,changed,20260918T112310Z-8f8e01d8ec46,20260929T204833Z-5e0600df3416,2026-09-18T11:23:10+00:00,2026-09-29T20:48:33+00:00
0000003467,林泓育,樂天桃猿,打者,pa,302.0,336.0,34.0,34.0,changed,20260918T112310Z-8f8e01d8ec46,20260929T204833Z-5e0600df3416,2026-09-18T11:23:10+00:00,2026-09-29T20:48:33+00:00
0000003467,林泓育,樂天桃猿,打者,player_value_score,32.8,32.3,-0.5,-0.5,changed,20260918T112310Z-8f8e01d8ec46,20260929T204833Z-5e0600df3416,2026-09-18T11:23:10+00:00,2026-09-29T20:48:33+00:00
0000003467,林泓育,樂天桃猿,打者,slg,0.366,0.356,-0.01,-0.01,changed,20260918T112310Z-8f8e01d8ec46,20260929T204833Z-5e0600df3416,2026-09-18T11:23:10+00:00,2026-09-29T20:48:33+00:00
0000002286,林立,樂天桃猿,打者,batting_average,0.291,0.289,-0.002,-0.002,changed,20260918T112310Z-8f8e01d8ec46,20260929T204833Z-5e0600df3416,2026-09-18T11:23:10+00:00,2026-09-29T20:48:33+00:00
0000002286,林立,樂天桃猿,打者,home_runs,1.0,1.0,0.0,0.0,unchanged,20260918T112310Z-8f8e01d8ec46,20260929T204833Z-5e0600df3416,2026-09-18T11:23:10+00:00,2026-09-29T20:48:33+00:00
0000002286,林立,樂天桃猿,打者,obp,0.321,0.318,-0.003,-0.003,changed,20260918T112310Z-8f8e01d8ec46,20260929T204833Z-5e0600df3416,2026-09-18T11:23:10+00:00,2026-09-29T20:48:33+00:00
0000002286,林立,樂天桃猿,打者,ops,0.679,0.674,-0.005,-0.005,changed,20260918T112310Z-8f8e01d8ec46,20260929T204833Z-5e0600df3416,2026-09-18T11:23:10+00:00,2026-09-29T20:48:33+00:00
0000002286,林立,樂天桃猿,打者,pa,158.0,159.0,1.0,1.0,changed,20260918T112310Z-8f8e01d8ec46,20260929T204833Z-5e0600df3416,2026-09-18T11:23:10+00:00,2026-09-29T20:48:33+00:00
0000002286,林立,樂天桃猿,打者,player_value_score,30.5,30.4,-0.1,-0.1,changed,20260918T112310Z-8f8e01d8ec46,20260929T204833Z-5e0600df3416,2026-09-18T11:23:10+00:00,2026-09-29T20:48:33+00:00
0000002286,林立,樂天桃猿,打者,slg,0.358,0.356,-0.002,-0.002,changed,20260918T112310Z-8f8e01d8ec46,20260929T204833Z-5e0600df3416,2026-09-18T11:23:10+00:00,2026-09-29T20:48:33+00:00
0000000132,梁家榮,樂天桃猿,打者,batting_average,0.258,0.268,0.01,0.01,changed,20260918T112310Z-8f8e01d8ec46,20260929T204833Z-5e0600df3416,2026-09-18T11:23:10+00:00,2026-09-29T20:48:33+00:00
0000000132,梁家榮,樂天桃猿,打者,home_runs,1.0,1.0,0.0,0.0,unchanged,20260918T112310Z-8f8e01d8ec46,20260929T204833Z-5e0600df3416,2026-09-18T11:23:10+00:00,2026-09-29T20:48:33+00:00
0000000132,梁家榮,樂天桃猿,打者,obp,0.337,0.335,-0.002,-0.002,changed,20260918T112310Z-8f8e01d8ec46,20260929T204833Z-5e0600df3416,2026-09-18T11:23:10+00:00,2026-09-29T20:48:33+00:00
0000000132,梁家榮,樂天桃猿,打者,ops,0.689,0.685,-0.004,-0.004,changed,20260918T112310Z-8f8e01d8ec46,20260929T204833Z-5e0600df3416,2026-09-18T11:23:10+00:00,2026-09-29T20:48:33+00:00
0000000132,梁家榮,樂天桃猿,打者,pa,206.0,246.0,40.0,40.0,changed,20260918T112310Z-8f8e01d8ec46,20260929T204833Z-5e0600df3416,2026-09-18T11:23:10+00:00,2026-09-29T20:48:33+00:00
0000000132,梁家榮,樂天桃猿,打者,player_value_score,34.2,33.0,-1.2,-1.2,changed,20260918T112310Z-8f8e01d8ec46,20260929T204833Z-5e0600df3416,2026-09-18T11:23:10+00:00,2026-09-29T20:48:33+00:00
0000000132,梁家榮,樂天桃猿,打者,slg,0.352,0.35,-0.002,-0.002,changed,20260918T112310Z-8f8e01d8ec46,20260929T204833Z-5e0600df3416,2026-09-18T11:23:10+00:00,2026-09-29T20:48:33+00:00
0000005536,歐晉,樂天桃猿,打者,batting_average,0.0,0.0,0.0,0.0,unchanged,20260918T112310Z-8f8e01d8ec46,20260929T204833Z-5e0600df3416,2026-09-18T11:23:10+00:00,2026-09-29T20:48:33+00:00
0000005536,歐晉,樂天桃猿,打者,home_runs,0.0,0.0,0.0,0.0,unchanged,20260918T112310Z-8f8e01d8ec46,20260929T204833Z-5e0600df3416,2026-09-18T11:23:10+00:00,2026-09-29T20:48:33+00:00
0000005536,歐晉,樂天桃猿,打者,obp,0.25,0.25,0.0,0.0,unchanged,20260918T112310Z-8f8e01d8ec46,20260929T204833Z-5e0600df3416,2026-09-18T11:23:10+00:00,2026-09-29T20:48:33+00:00
0000005536,歐晉,樂天桃猿,打者,ops,0.25,0.25,0.0,0.0,unchanged,20260918T112310Z-8f8e01d8ec46,20260929T204833Z-5e0600df3416,2026-09-18T11:23:10+00:00,2026-09-29T20:48:33+00:00
0000005536,歐晉,樂天桃猿,打者,pa,8.0,8.0,0.0,0.0,unchanged,20260918T112310Z-8f8e01d8ec46,20260929T204833Z-5e0600df3416,2026-09-18T11:23:10+00:00,2026-09-29T20:48:33+00:00
0000005536,歐晉,樂天桃猿,打者,player_value_score,19.2,20.0,0.8,0.8,changed,20260918T112310Z-8f8e01d8ec46,20260929T204833Z-5e0600df3416,2026-09-18T11:23:10+00:00,2026-09-29T20:48:33+00:00
0000005536,歐晉,樂天桃猿,打者,slg,0.0,0.0,0.0,0.0,unchanged,20260918T112310Z-8f8e01d8ec46,20260929T204833Z-5e0600df3416,2026-09-18T11:23:10+00:00,2026-09-29T20:48:33+00:00
0000007315,游承勳,樂天桃猿,打者,batting_average,0.0,0.0,0.0,0.0,unchanged,20260918T112310Z-8f8e01d8ec46,20260929T204833Z-5e0600df3416,2026-09-18T11:23:10+00:00,2026-09-29T20:48:33+00:00
0000007315,游承勳,樂天桃猿,打者,home_runs,0.0,0.0,0.0,0.0,unchanged,20260918T112310Z-8f8e01d8ec46,20260929T204833Z-5e0600df3416,2026-09-18T11:23:10+00:00,2026-09-29T20:48:33+00:00
0000007315,游承勳,樂天桃猿,打者,obp,0.0,0.0,0.0,0.0,unchanged,20260918T112310Z-8f8e01d8ec46,20260929T204833Z-5e0600df3416,2026-09-18T11:23:10+00:00,2026-09-29T20:48:33+00:00
0000007315,游承勳,樂天桃猿,打者,ops,0.0,0.0,0.0,0.0,unchanged,20260918T112310Z-8f8e01d8ec46,20260929T204833Z-5e0600df3416,2026-09-18T11:23:10+00:00,2026-09-29T20:48:33+00:00
0000007315,游承勳,樂天桃猿,打者,pa,4.0,4.0,0.0,0.0,unchanged,20260918T112310Z-8f8e01d8ec46,20260929T204833Z-5e0600df3416,2026-09-18T11:23:10+00:00,2026-09-29T20:48:33+00:00
0000007315,游承勳,樂天桃猿,打者,player_value_score,3.9,3.9,0.0,0.0,unchanged,20260918T112310Z-8f8e01d8ec46,20260929T204833Z-5e0600df3416,2026-09-18T11:23:10+00:00,2026-09-29T20:48:33+00:00
0000007315,游承勳,樂天桃猿,打者,slg,0.0,0.0,0.0,0.0,unchanged,20260918T112310Z-8f8e01d8ec46,20260929T204833Z-5e0600df3416,2026-09-18T11:23:10+00:00,2026-09-29T20:48:33+00:00
0000006856,董順傑,樂天桃猿,打者,batting_average,0.0,0.0,0.0,0.0,unchanged,20260918T112310Z-8f8e01d8ec46,20260929T204833Z-5e0600df3416,2026-09-18T11:23:10+00:00,2026-09-29T20:48:33+00:00
0000006856,董順傑,樂天桃猿,打者,home_runs,0.0,0.0,0.0,0.0,unchanged,20260918T112310Z-8f8e01d8ec46,20260929T204833Z-5e0600df3416,2026-09-18T11:23:10+00:00,2026-09-29T20:48:33+00:00
0000006856,董順傑,樂天桃猿,打者,obp,0.0,0.0,0.0,0.0,unchanged,20260918T112310Z-8f8e01d8ec46,20260929T204833Z-5e0600df3416,2026-09-18T11:23:10+00:00,2026-09-29T20:48:33+00:00
0000006856,董順傑,樂天桃猿,打者,ops,0.0,0.0,0.0,0.0,unchanged,20260918T112310Z-8f8e01d8ec46,20260929T204833Z-5e0600df3416,2026-09-18T11:23:10+00:00,2026-09-29T20:48:33+00:00
0000006856,董順傑,樂天桃猿,打者,pa,5.0,5.0,0.0,0.0,unchanged,20260918T112310Z-8f8e01d8ec46,20260929T204833Z-5e0600df3416,2026-09-18T11:23:10+00:00,2026-09-29T20:48:33+00:00
0000006856,董順傑,樂天桃猿,打者,player_value_score,2.1,2.1,0.0,0.0,unchanged,20260918T112310Z-8f8e01d8ec46,20260929T204833Z-5e0600df3416,2026-09-18T11:23:10+00:00,2026-09-29T20:48:33+00:00
0000006856,董順傑,樂天桃猿,打者,slg,0.0,0.0,0.0,0.0,unchanged,20260918T112310Z-8f8e01d8ec46,20260929T204833Z-5e0600df3416,2026-09-18T11:23:10+00:00,2026-09-29T20:48:33+00:00
0000007589,許賀捷,樂天桃猿,打者,batting_average,0.129,0.176,0.047,0.047,changed,20260918T112310Z-8f8e01d8ec46,20260929T204833Z-5e0600df3416,2026-09-18T11:23:10+00:00,2026-09-29T20:48:33+00:00
0000007589,許賀捷,樂天桃猿,打者,home_runs,0.0,0.0,0.0,0.0,unchanged,20260918T112310Z-8f8e01d8ec46,20260929T204833Z-5e0600df3416,2026-09-18T11:23:10+00:00,2026-09-29T20:48:33+00:00
0000007589,許賀捷,樂天桃猿,打者,obp,0.206,0.243,0.037,0.037,changed,20260918T112310Z-8f8e01d8ec46,20260929T204833Z-5e0600df3416,2026-09-18T11:23:10+00:00,2026-09-29T20:48:33+00:00
0000007589,許賀捷,樂天桃猿,打者,ops,0.335,0.419,0.084,0.084,changed,20260918T112310Z-8f8e01d8ec46,20260929T204833Z-5e0600df3416,2026-09-18T11:23:10+00:00,2026-09-29T20:48:33+00:00
0000007589,許賀捷,樂天桃猿,打者,pa,35.0,38.0,3.0,3.0,changed,20260918T112310Z-8f8e01d8ec46,20260929T204833Z-5e0600df3416,2026-09-18T11:23:10+00:00,2026-09-29T20:48:33+00:00
0000007589,許賀捷,樂天桃猿,打者,player_value_score,16.3,19.0,2.7,2.7,changed,20260918T112310Z-8f8e01d8ec46,20260929T204833Z-5e0600df3416,2026-09-18T11:23:10+00:00,2026-09-29T20:48:33+00:00
0000007589,許賀捷,樂天桃猿,打者,slg,0.129,0.176,0.047,0.047,changed,20260918T112310Z-8f8e01d8ec46,20260929T204833Z-5e0600df3416,2026-09-18T11:23:10+00:00,2026-09-29T20:48:33+00:00
0000007806,道威聖,樂天桃猿,打者,batting_average,0.22,0.22,0.0,0.0,unchanged,20260918T112310Z-8f8e01d8ec46,20260929T204833Z-5e0600df3416,2026-09-18T11:23:10+00:00,2026-09-29T20:48:33+00:00
0000007806,道威聖,樂天桃猿,打者,home_runs,0.0,0.0,0.0,0.0,unchanged,20260918T112310Z-8f8e01d8ec46,20260929T204833Z-5e0600df3416,2026-09-18T11:23:10+00:00,2026-09-29T20:48:33+00:00
0000007806,道威聖,樂天桃猿,打者,obp,0.291,0.291,0.0,0.0,unchanged,20260918T112310Z-8f8e01d8ec46,20260929T204833Z-5e0600df3416,2026-09-18T11:23:10+00:00,2026-09-29T20:48:33+00:00
0000007806,道威聖,樂天桃猿,打者,ops,0.571,0.571,0.0,0.0,unchanged,20260918T112310Z-8f8e01d8ec46,20260929T204833Z-5e0600df3416,2026-09-18T11:23:10+00:00,2026-09-29T20:48:33+00:00
0000007806,道威聖,樂天桃猿,打者,pa,55.0,55.0,0.0,0.0,unchanged,20260918T112310Z-8f8e01d8ec46,20260929T204833Z-5e0600df3416,2026-09-18T11:23:10+00:00,2026-09-29T20:48:33+00:00
0000007806,道威聖,樂天桃猿,打者,player_value_score,26.6,26.5,-0.1,-0.1,changed,20260918T112310Z-8f8e01d8ec46,20260929T204833Z-5e0600df3416,2026-09-18T11:23:10+00:00,2026-09-29T20:48:33+00:00
0000007806,道威聖,樂天桃猿,打者,slg,0.28,0.28,0.0,0.0,unchanged,20260918T112310Z-8f8e01d8ec46,20260929T204833Z-5e0600df3416,2026-09-18T11:23:10+00:00,2026-09-29T20:48:33+00:00
0000006770,邱邦,樂天桃猿,打者,batting_average,0.5,0.5,0.0,0.0,unchanged,20260918T112310Z-8f8e01d8ec46,20260929T204833Z-5e0600df3416,2026-09-18T11:23:10+00:00,2026-09-29T20:48:33+00:00
0000006770,邱邦,樂天桃猿,打者,home_runs,0.0,0.0,0.0,0.0,unchanged,20260918T112310Z-8f8e01d8ec46,20260929T204833Z-5e0600df3416,2026-09-18T11:23:10+00:00,2026-09-29T20:48:33+00:00
0000006770,邱邦,樂天桃猿,打者,obp,0.5,0.5,0.0,0.0,unchanged,20260918T112310Z-8f8e01d8ec46,20260929T204833Z-5e0600df3416,2026-09-18T11:23:10+00:00,2026-09-29T20:48:33+00:00
0000006770,邱邦,樂天桃猿,打者,ops,1.0,1.0,0.0,0.0,unchanged,20260918T112310Z-8f8e01d8ec46,20260929T204833Z-5e0600df3416,2026-09-18T11:23:10+00:00,2026-09-29T20:48:33+00:00
0000006770,邱邦,樂天桃猿,打者,pa,2.0,2.0,0.0,0.0,unchanged,20260918T112310Z-8f8e01d8ec46,20260929T204833Z-5e0600df3416,2026-09-18T11:23:10+00:00,2026-09-29T20:48:33+00:00
0000006770,邱邦,樂天桃猿,打者,player_value_score,37.8,37.8,0.0,0.0,unchanged,20260918T112310Z-8f8e01d8ec46,20260929T204833Z-5e0600df3416,2026-09-18T11:23:10+00:00,2026-09-29T20:48:33+00:00
0000006770,邱邦,樂天桃猿,打者,slg,0.5,0.5,0.0,0.0,unchanged,20260918T112310Z-8f8e01d8ec46,20260929T204833Z-5e0600df3416,2026-09-18T11:23:10+00:00,2026-09-29T20:48:33+00:00
0000006714,鍾玉成,樂天桃猿,打者,batting_average,0.0,0.0,0.0,0.0,unchanged,20260918T112310Z-8f8e01d8ec46,20260929T204833Z-5e0600df3416,2026-09-18T11:23:10+00:00,2026-09-29T20:48:33+00:00
0000006714,鍾玉成,樂天桃猿,打者,home_runs,0.0,0.0,0.0,0.0,unchanged,20260918T112310Z-8f8e01d8ec46,20260929T204833Z-5e0600df3416,2026-09-18T11:23:10+00:00,2026-09-29T20:48:33+00:00
0000006714,鍾玉成,樂天桃猿,打者,obp,0.0,0.0,0.0,0.0,unchanged,20260918T112310Z-8f8e01d8ec46,20260929T204833Z-5e0600df3416,2026-09-18T11:23:10+00:00,2026-09-29T20:48:33+00:00
0000006714,鍾玉成,樂天桃猿,打者,ops,0.0,0.0,0.0,0.0,unchanged,20260918T112310Z-8f8e01d8ec46,20260929T204833Z-5e0600df3416,2026-09-18T11:23:10+00:00,2026-09-29T20:48:33+00:00
0000006714,鍾玉成,樂天桃猿,打者,pa,0.0,0.0,0.0,0.0,unchanged,20260918T112310Z-8f8e01d8ec46,20260929T204833Z-5e0600df3416,2026-09-18T11:23:10+00:00,2026-09-29T20:48:33+00:00
0000006714,鍾玉成,樂天桃猿,打者,player_value_score,5.2,5.2,0.0,0.0,unchanged,20260918T112310Z-8f8e01d8ec46,20260929T204833Z-5e0600df3416,2026-09-18T11:23:10+00:00,2026-09-29T20:48:33+00:00
0000006714,鍾玉成,樂天桃猿,打者,slg,0.0,0.0,0.0,0.0,unchanged,20260918T112310Z-8f8e01d8ec46,20260929T204833Z-5e0600df3416,2026-09-18T11:23:10+00:00,2026-09-29T20:48:33+00:00
0000006858,陳佳樂,樂天桃猿,打者,batting_average,0.173,0.173,0.0,0.0,unchanged,20260918T112310Z-8f8e01d8ec46,20260929T204833Z-5e0600df3416,2026-09-18T11:23:10+00:00,2026-09-29T20:48:33+00:00
0000006858,陳佳樂,樂天桃猿,打者,home_runs,1.0,1.0,0.0,0.0,unchanged,20260918T112310Z-8f8e01d8ec46,20260929T204833Z-5e0600df3416,2026-09-18T11:23:10+00:00,2026-09-29T20:48:33+00:00
0000006858,陳佳樂,樂天桃猿,打者,obp,0.214,0.214,0.0,0.0,unchanged,20260918T112310Z-8f8e01d8ec46,20260929T204833Z-5e0600df3416,2026-09-18T11:23:10+00:00,2026-09-29T20:48:33+00:00
0000006858,陳佳樂,樂天桃猿,打者,ops,0.445,0.445,0.0,0.0,unchanged,20260918T112310Z-8f8e01d8ec46,20260929T204833Z-5e0600df3416,2026-09-18T11:23:10+00:00,2026-09-29T20:48:33+00:00
0000006858,陳佳樂,樂天桃猿,打者,pa,56.0,56.0,0.0,0.0,unchanged,20260918T112310Z-8f8e01d8ec46,20260929T204833Z-5e0600df3416,2026-09-18T11:23:10+00:00,2026-09-29T20:48:33+00:00
0000006858,陳佳樂,樂天桃猿,打者,player_value_score,23.1,23.4,0.3,0.3,changed,20260918T112310Z-8f8e01d8ec46,20260929T204833Z-5e0600df3416,2026-09-18T11:23:10+00:00,2026-09-29T20:48:33+00:00
0000006858,陳佳樂,樂天桃猿,打者,slg,0.231,0.231,0.0,0.0,unchanged,20260918T112310Z-8f8e01d8ec46,20260929T204833Z-5e0600df3416,2026-09-18T11:23:10+00:00,2026-09-29T20:48:33+00:00
0000004633,陳晨威,樂天桃猿,打者,batting_average,0.29,0.29,0.0,0.0,unchanged,20260918T112310Z-8f8e01d8ec46,20260929T204833Z-5e0600df3416,2026-09-18T11:23:10+00:00,2026-09-29T20:48:33+00:00
0000004633,陳晨威,樂天桃猿,打者,home_runs,6.0,6.0,0.0,0.0,unchanged,20260918T112310Z-8f8e01d8ec46,20260929T204833Z-5e0600df3416,2026-09-18T11:23:10+00:00,2026-09-29T20:48:33+00:00
0000004633,陳晨威,樂天桃猿,打者,obp,0.35,0.35,0.0,0.0,unchanged,20260918T112310Z-8f8e01d8ec46,20260929T204833Z-5e0600df3416,2026-09-18T11:23:10+00:00,2026-09-29T20:48:33+00:00
0000004633,陳晨威,樂天桃猿,打者,ops,0.738,0.738,0.0,0.0,unchanged,20260918T112310Z-8f8e01d8ec46,20260929T204833Z-5e0600df3416,2026-09-18T11:23:10+00:00,2026-09-29T20:48:33+00:00
0000004633,陳晨威,樂天桃猿,打者,pa,387.0,387.0,0.0,0.0,unchanged,20260918T112310Z-8f8e01d8ec46,20260929T204833Z-5e0600df3416,2026-09-18T11:23:10+00:00,2026-09-29T20:48:33+00:00
0000004633,陳晨威,樂天桃猿,打者,player_value_score,37.0,37.4,0.4,0.4,changed,20260918T112310Z-8f8e01d8ec46,20260929T204833Z-5e0600df3416,2026-09-18T11:23:10+00:00,2026-09-29T20:48:33+00:00
0000004633,陳晨威,樂天桃猿,打者,slg,0.388,0.388,0.0,0.0,unchanged,20260918T112310Z-8f8e01d8ec46,20260929T204833Z-5e0600df3416,2026-09-18T11:23:10+00:00,2026-09-29T20:48:33+00:00
0000006240,馬傑森,樂天桃猿,打者,batting_average,0.259,0.274,0.015,0.015,changed,20260918T112310Z-8f8e01d8ec46,20260929T204833Z-5e0600df3416,2026-09-18T11:23:10+00:00,2026-09-29T20:48:33+00:00
0000006240,馬傑森,樂天桃猿,打者,home_runs,2.0,3.0,1.0,1.0,changed,20260918T112310Z-8f8e01d8ec46,20260929T204833Z-5e0600df3416,2026-09-18T11:23:10+00:00,2026-09-29T20:48:33+00:00
0000006240,馬傑森,樂天桃猿,打者,obp,0.311,0.325,0.014,0.014,changed,20260918T112310Z-8f8e01d8ec46,20260929T204833Z-5e0600df3416,2026-09-18T11:23:10+00:00,2026-09-29T20:48:33+00:00
0000006240,馬傑森,樂天桃猿,打者,ops,0.64,0.674,0.034,0.034,changed,20260918T112310Z-8f8e01d8ec46,20260929T204833Z-5e0600df3416,2026-09-18T11:23:10+00:00,2026-09-29T20:48:33+00:00
0000006240,馬傑森,樂天桃猿,打者,pa,353.0,391.0,38.0,38.0,changed,20260918T112310Z-8f8e01d8ec46,20260929T204833Z-5e0600df3416,2026-09-18T11:23:10+00:00,2026-09-29T20:48:33+00:00
0000006240,馬傑森,樂天桃猿,打者,player_value_score,30.2,32.1,1.9,1.9,changed,20260918T112310Z-8f8e01d8ec46,20260929T204833Z-5e0600df3416,2026-09-18T11:23:10+00:00,2026-09-29T20:48:33+00:00
0000006240,馬傑森,樂天桃猿,打者,slg,0.329,0.349,0.02,0.02,changed,20260918T112310Z-8f8e01d8ec46,20260929T204833Z-5e0600df3416,2026-09-18T11:23:10+00:00,2026-09-29T20:48:33+00:00
0000006213,何恆佑,統一7-ELEVEn獅,打者,batting_average,0.1,0.1,0.0,0.0,unchanged,20260918T112310Z-8f8e01d8ec46,20260929T204833Z-5e0600df3416,2026-09-18T11:23:10+00:00,2026-09-29T20:48:33+00:00
0000006213,何恆佑,統一7-ELEVEn獅,打者,home_runs,0.0,0.0,0.0,0.0,unchanged,20260918T112310Z-8f8e01d8ec46,20260929T204833Z-5e0600df3416,2026-09-18T11:23:10+00:00,2026-09-29T20:48:33+00:00
0000006213,何恆佑,統一7-ELEVEn獅,打者,obp,0.1,0.1,0.0,0.0,unchanged,20260918T112310Z-8f8e01d8ec46,20260929T204833Z-5e0600df3416,2026-09-18T11:23:10+00:00,2026-09-29T20:48:33+00:00
0000006213,何恆佑,統一7-ELEVEn獅,打者,ops,0.2,0.2,0.0,0.0,unchanged,20260918T112310Z-8f8e01d8ec46,20260929T204833Z-5e0600df3416,2026-09-18T11:23:10+00:00,2026-09-29T20:48:33+00:00
0000006213,何恆佑,統一7-ELEVEn獅,打者,pa,21.0,21.0,0.0,0.0,unchanged,20260918T112310Z-8f8e01d8ec46,20260929T204833Z-5e0600df3416,2026-09-18T11:23:10+00:00,2026-09-29T20:48:33+00:00
0000006213,何恆佑,統一7-ELEVEn獅,打者,player_value_score,9.8,9.8,0.0,0.0,unchanged,20260918T112310Z-8f8e01d8ec46,20260929T204833Z-5e0600df3416,2026-09-18T11:23:10+00:00,2026-09-29T20:48:33+00:00
0000006213,何恆佑,統一7-ELEVEn獅,打者,slg,0.1,0.1,0.0,0.0,unchanged,20260918T112310Z-8f8e01d8ec46,20260929T204833Z-5e0600df3416,2026-09-18T11:23:10+00:00,2026-09-29T20:48:33+00:00
0000006955,余羿賢,統一7-ELEVEn獅,打者,batting_average,0.5,0.5,0.0,0.0,unchanged,20260918T112310Z-8f8e01d8ec46,20260929T204833Z-5e0600df3416,2026-09-18T11:23:10+00:00,2026-09-29T20:48:33+00:00
0000006955,余羿賢,統一7-ELEVEn獅,打者,home_runs,0.0,0.0,0.0,0.0,unchanged,20260918T112310Z-8f8e01d8ec46,20260929T204833Z-5e0600df3416,2026-09-18T11:23:10+00:00,2026-09-29T20:48:33+00:00
0000006955,余羿賢,統一7-ELEVEn獅,打者,obp,0.5,0.5,0.0,0.0,unchanged,20260918T112310Z-8f8e01d8ec46,20260929T204833Z-5e0600df3416,2026-09-18T11:23:10+00:00,2026-09-29T20:48:33+00:00
0000006955,余羿賢,統一7-ELEVEn獅,打者,ops,1.0,1.0,0.0,0.0,unchanged,20260918T112310Z-8f8e01d8ec46,20260929T204833Z-5e0600df3416,2026-09-18T11:23:10+00:00,2026-09-29T20:48:33+00:00
0000006955,余羿賢,統一7-ELEVEn獅,打者,pa,2.0,2.0,0.0,0.0,unchanged,20260918T112310Z-8f8e01d8ec46,20260929T204833Z-5e0600df3416,2026-09-18T11:23:10+00:00,2026-09-29T20:48:33+00:00
0000006955,余羿賢,統一7-ELEVEn獅,打者,player_value_score,35.1,35.1,0.0,0.0,unchanged,20260918T112310Z-8f8e01d8ec46,20260929T204833Z-5e0600df3416,2026-09-18T11:23:10+00:00,2026-09-29T20:48:33+00:00
0000006955,余羿賢,統一7-ELEVEn獅,打者,slg,0.5,0.5,0.0,0.0,unchanged,20260918T112310Z-8f8e01d8ec46,20260929T204833Z-5e0600df3416,2026-09-18T11:23:10+00:00,2026-09-29T20:48:33+00:00
0000007291,全紹凱,統一7-ELEVEn獅,打者,batting_average,0.24,0.24,0.0,0.0,unchanged,20260918T112310Z-8f8e01d8ec46,20260929T204833Z-5e0600df3416,2026-09-18T11:23:10+00:00,2026-09-29T20:48:33+00:00
0000007291,全紹凱,統一7-ELEVEn獅,打者,home_runs,0.0,0.0,0.0,0.0,unchanged,20260918T112310Z-8f8e01d8ec46,20260929T204833Z-5e0600df3416,2026-09-18T11:23:10+00:00,2026-09-29T20:48:33+00:00
0000007291,全紹凱,統一7-ELEVEn獅,打者,obp,0.259,0.259,0.0,0.0,unchanged,20260918T112310Z-8f8e01d8ec46,20260929T204833Z-5e0600df3416,2026-09-18T11:23:10+00:00,2026-09-29T20:48:33+00:00
0000007291,全紹凱,統一7-ELEVEn獅,打者,ops,0.579,0.579,0.0,0.0,unchanged,20260918T112310Z-8f8e01d8ec46,20260929T204833Z-5e0600df3416,2026-09-18T11:23:10+00:00,2026-09-29T20:48:33+00:00
0000007291,全紹凱,統一7-ELEVEn獅,打者,pa,27.0,27.0,0.0,0.0,unchanged,20260918T112310Z-8f8e01d8ec46,20260929T204833Z-5e0600df3416,2026-09-18T11:23:10+00:00,2026-09-29T20:48:33+00:00
0000007291,全紹凱,統一7-ELEVEn獅,打者,player_value_score,27.4,27.1,-0.3,-0.3,changed,20260918T112310Z-8f8e01d8ec46,20260929T204833Z-5e0600df3416,2026-09-18T11:23:10+00:00,2026-09-29T20:48:33+00:00
0000007291,全紹凱,統一7-ELEVEn獅,打者,slg,0.32,0.32,0.0,0.0,unchanged,20260918T112310Z-8f8e01d8ec46,20260929T204833Z-5e0600df3416,2026-09-18T11:23:10+00:00,2026-09-29T20:48:33+00:00
0000007602,吳柏賢,統一7-ELEVEn獅,打者,batting_average,0.0,0.0,0.0,0.0,unchanged,20260918T112310Z-8f8e01d8ec46,20260929T204833Z-5e0600df3416,2026-09-18T11:23:10+00:00,2026-09-29T20:48:33+00:00
0000007602,吳柏賢,統一7-ELEVEn獅,打者,home_runs,0.0,0.0,0.0,0.0,unchanged,20260918T112310Z-8f8e01d8ec46,20260929T204833Z-5e0600df3416,2026-09-18T11:23:10+00:00,2026-09-29T20:48:33+00:00
0000007602,吳柏賢,統一7-ELEVEn獅,打者,obp,0.0,0.0,0.0,0.0,unchanged,20260918T112310Z-8f8e01d8ec46,20260929T204833Z-5e0600df3416,2026-09-18T11:23:10+00:00,2026-09-29T20:48:33+00:00
0000007602,吳柏賢,統一7-ELEVEn獅,打者,ops,0.0,0.0,0.0,0.0,unchanged,20260918T112310Z-8f8e01d8ec46,20260929T204833Z-5e0600df3416,2026-09-18T11:23:10+00:00,2026-09-29T20:48:33+00:00
0000007602,吳柏賢,統一7-ELEVEn獅,打者,pa,1.0,1.0,0.0,0.0,unchanged,20260918T112310Z-8f8e01d8ec46,20260929T204833Z-5e0600df3416,2026-09-18T11:23:10+00:00,2026-09-29T20:48:33+00:00
0000007602,吳柏賢,統一7-ELEVEn獅,打者,player_value_score,5.2,5.2,0.0,0.0,unchanged,20260918T112310Z-8f8e01d8ec46,20260929T204833Z-5e0600df3416,2026-09-18T11:23:10+00:00,2026-09-29T20:48:33+00:00
0000007602,吳柏賢,統一7-ELEVEn獅,打者,slg,0.0,0.0,0.0,0.0,unchanged,20260918T112310Z-8f8e01d8ec46,20260929T204833Z-5e0600df3416,2026-09-18T11:23:10+00:00,2026-09-29T20:48:33+00:00
0000007037,張皓崴,統一7-ELEVEn獅,打者,batting_average,0.325,0.295,-0.03,-0.03,changed,20260918T112310Z-8f8e01d8ec46,20260929T204833Z-5e0600df3416,2026-09-18T11:23:10+00:00,2026-09-29T20:48:33+00:00
0000007037,張皓崴,統一7-ELEVEn獅,打者,home_runs,0.0,0.0,0.0,0.0,unchanged,20260918T112310Z-8f8e01d8ec46,20260929T204833Z-5e0600df3416,2026-09-18T11:23:10+00:00,2026-09-29T20:48:33+00:00
0000007037,張皓崴,統一7-ELEVEn獅,打者,obp,0.368,0.349,-0.019,-0.019,changed,20260918T112310Z-8f8e01d8ec46,20260929T204833Z-5e0600df3416,2026-09-18T11:23:10+00:00,2026-09-29T20:48:33+00:00
0000007037,張皓崴,統一7-ELEVEn獅,打者,ops,0.772,0.713,-0.059,-0.059,changed,20260918T112310Z-8f8e01d8ec46,20260929T204833Z-5e0600df3416,2026-09-18T11:23:10+00:00,2026-09-29T20:48:33+00:00
0000007037,張皓崴,統一7-ELEVEn獅,打者,pa,166.0,196.0,30.0,30.0,changed,20260918T112310Z-8f8e01d8ec46,20260929T204833Z-5e0600df3416,2026-09-18T11:23:10+00:00,2026-09-29T20:48:33+00:00
0000007037,張皓崴,統一7-ELEVEn獅,打者,player_value_score,34.5,32.6,-1.9,-1.9,changed,20260918T112310Z-8f8e01d8ec46,20260929T204833Z-5e0600df3416,2026-09-18T11:23:10+00:00,2026-09-29T20:48:33+00:00
0000007037,張皓崴,統一7-ELEVEn獅,打者,slg,0.404,0.364,-0.04,-0.04,changed,20260918T112310Z-8f8e01d8ec46,20260929T204833Z-5e0600df3416,2026-09-18T11:23:10+00:00,2026-09-29T20:48:33+00:00
0000006716,張翔,統一7-ELEVEn獅,打者,batting_average,0.235,0.235,0.0,0.0,unchanged,20260918T112310Z-8f8e01d8ec46,20260929T204833Z-5e0600df3416,2026-09-18T11:23:10+00:00,2026-09-29T20:48:33+00:00
0000006716,張翔,統一7-ELEVEn獅,打者,home_runs,1.0,1.0,0.0,0.0,unchanged,20260918T112310Z-8f8e01d8ec46,20260929T204833Z-5e0600df3416,2026-09-18T11:23:10+00:00,2026-09-29T20:48:33+00:00
0000006716,張翔,統一7-ELEVEn獅,打者,obp,0.265,0.265,0.0,0.0,unchanged,20260918T112310Z-8f8e01d8ec46,20260929T204833Z-5e0600df3416,2026-09-18T11:23:10+00:00,2026-09-29T20:48:33+00:00
0000006716,張翔,統一7-ELEVEn獅,打者,ops,0.581,0.581,0.0,0.0,unchanged,20260918T112310Z-8f8e01d8ec46,20260929T204833Z-5e0600df3416,2026-09-18T11:23:10+00:00,2026-09-29T20:48:33+00:00
0000006716,張翔,統一7-ELEVEn獅,打者,pa,104.0,104.0,0.0,0.0,unchanged,20260918T112310Z-8f8e01d8ec46,20260929T204833Z-5e0600df3416,2026-09-18T11:23:10+00:00,2026-09-29T20:48:33+00:00
0000006716,張翔,統一7-ELEVEn獅,打者,player_value_score,28.1,28.1,0.0,0.0,unchanged,20260918T112310Z-8f8e01d8ec46,20260929T204833Z-5e0600df3416,2026-09-18T11:23:10+00:00,2026-09-29T20:48:33+00:00
0000006716,張翔,統一7-ELEVEn獅,打者,slg,0.316,0.316,0.0,0.0,unchanged,20260918T112310Z-8f8e01d8ec46,20260929T204833Z-5e0600df3416,2026-09-18T11:23:10+00:00,2026-09-29T20:48:33+00:00
0000007036,戴伯丞,統一7-ELEVEn獅,打者,batting_average,0.118,0.118,0.0,0.0,unchanged,20260918T112310Z-8f8e01d8ec46,20260929T204833Z-5e0600df3416,2026-09-18T11:23:10+00:00,2026-09-29T20:48:33+00:00
0000007036,戴伯丞,統一7-ELEVEn獅,打者,home_runs,0.0,0.0,0.0,0.0,unchanged,20260918T112310Z-8f8e01d8ec46,20260929T204833Z-5e0600df3416,2026-09-18T11:23:10+00:00,2026-09-29T20:48:33+00:00
0000007036,戴伯丞,統一7-ELEVEn獅,打者,obp,0.118,0.118,0.0,0.0,unchanged,20260918T112310Z-8f8e01d8ec46,20260929T204833Z-5e0600df3416,2026-09-18T11:23:10+00:00,2026-09-29T20:48:33+00:00
0000007036,戴伯丞,統一7-ELEVEn獅,打者,ops,0.236,0.236,0.0,0.0,unchanged,20260918T112310Z-8f8e01d8ec46,20260929T204833Z-5e0600df3416,2026-09-18T11:23:10+00:00,2026-09-29T20:48:33+00:00
0000007036,戴伯丞,統一7-ELEVEn獅,打者,pa,18.0,18.0,0.0,0.0,unchanged,20260918T112310Z-8f8e01d8ec46,20260929T204833Z-5e0600df3416,2026-09-18T11:23:10+00:00,2026-09-29T20:48:33+00:00
0000007036,戴伯丞,統一7-ELEVEn獅,打者,player_value_score,10.9,10.9,0.0,0.0,unchanged,20260918T112310Z-8f8e01d8ec46,20260929T204833Z-5e0600df3416,2026-09-18T11:23:10+00:00,2026-09-29T20:48:33+00:00
0000007036,戴伯丞,統一7-ELEVEn獅,打者,slg,0.118,0.118,0.0,0.0,unchanged,20260918T112310Z-8f8e01d8ec46,20260929T204833Z-5e0600df3416,2026-09-18T11:23:10+00:00,2026-09-29T20:48:33+00:00
0000005522,朱迦恩,統一7-ELEVEn獅,打者,batting_average,0.284,0.284,0.0,0.0,unchanged,20260918T112310Z-8f8e01d8ec46,20260929T204833Z-5e0600df3416,2026-09-18T11:23:10+00:00,2026-09-29T20:48:33+00:00
0000005522,朱迦恩,統一7-ELEVEn獅,打者,home_runs,5.0,5.0,0.0,0.0,unchanged,20260918T112310Z-8f8e01d8ec46,20260929T204833Z-5e0600df3416,2026-09-18T11:23:10+00:00,2026-09-29T20:48:33+00:00
0000005522,朱迦恩,統一7-ELEVEn獅,打者,obp,0.336,0.336,0.0,0.0,unchanged,20260918T112310Z-8f8e01d8ec46,20260929T204833Z-5e0600df3416,2026-09-18T11:23:10+00:00,2026-09-29T20:48:33+00:00
0000005522,朱迦恩,統一7-ELEVEn獅,打者,ops,0.75,0.75,0.0,0.0,unchanged,20260918T112310Z-8f8e01d8ec46,20260929T204833Z-5e0600df3416,2026-09-18T11:23:10+00:00,2026-09-29T20:48:33+00:00
0000005522,朱迦恩,統一7-ELEVEn獅,打者,pa,255.0,255.0,0.0,0.0,unchanged,20260918T112310Z-8f8e01d8ec46,20260929T204833Z-5e0600df3416,2026-09-18T11:23:10+00:00,2026-09-29T20:48:33+00:00
0000005522,朱迦恩,統一7-ELEVEn獅,打者,player_value_score,37.0,37.1,0.1,0.1,changed,20260918T112310Z-8f8e01d8ec46,20260929T204833Z-5e0600df3416,2026-09-18T11:23:10+00:00,2026-09-29T20:48:33+00:00
0000005522,朱迦恩,統一7-ELEVEn獅,打者,slg,0.414,0.414,0.0,0.0,unchanged,20260918T112310Z-8f8e01d8ec46,20260929T204833Z-5e0600df3416,2026-09-18T11:23:10+00:00,2026-09-29T20:48:33+00:00
0000004641,李丞齡,統一7-ELEVEn獅,打者,batting_average,0.242,0.234,-0.008,-0.008,changed,20260918T112310Z-8f8e01d8ec46,20260929T204833Z-5e0600df3416,2026-09-18T11:23:10+00:00,2026-09-29T20:48:33+00:00
0000004641,李丞齡,統一7-ELEVEn獅,打者,home_runs,5.0,5.0,0.0,0.0,unchanged,20260918T112310Z-8f8e01d8ec46,20260929T204833Z-5e0600df3416,2026-09-18T11:23:10+00:00,2026-09-29T20:48:33+00:00
0000004641,李丞齡,統一7-ELEVEn獅,打者,obp,0.265,0.254,-0.011,-0.011,changed,20260918T112310Z-8f8e01d8ec46,20260929T204833Z-5e0600df3416,2026-09-18T11:23:10+00:00,2026-09-29T20:48:33+00:00
0000004641,李丞齡,統一7-ELEVEn獅,打者,ops,0.641,0.607,-0.034,-0.034,changed,20260918T112310Z-8f8e01d8ec46,20260929T204833Z-5e0600df3416,2026-09-18T11:23:10+00:00,2026-09-29T20:48:33+00:00
0000004641,李丞齡,統一7-ELEVEn獅,打者,pa,155.0,173.0,18.0,18.0,changed,20260918T112310Z-8f8e01d8ec46,20260929T204833Z-5e0600df3416,2026-09-18T11:23:10+00:00,2026-09-29T20:48:33+00:00
0000004641,李丞齡,統一7-ELEVEn獅,打者,player_value_score,34.7,32.8,-1.9,-1.9,changed,20260918T112310Z-8f8e01d8ec46,20260929T204833Z-5e0600df3416,2026-09-18T11:23:10+00:00,2026-09-29T20:48:33+00:00
0000004641,李丞齡,統一7-ELEVEn獅,打者,slg,0.376,0.353,-0.023,-0.023,changed,20260918T112310Z-8f8e01d8ec46,20260929T204833Z-5e0600df3416,2026-09-18T11:23:10+00:00,2026-09-29T20:48:33+00:00
0000007070,林佳緯,統一7-ELEVEn獅,打者,batting_average,0.169,0.16,-0.009,-0.009,changed,20260918T112310Z-8f8e01d8ec46,20260929T204833Z-5e0600df3416,2026-09-18T11:23:10+00:00,2026-09-29T20:48:33+00:00
0000007070,林佳緯,統一7-ELEVEn獅,打者,home_runs,0.0,0.0,0.0,0.0,unchanged,20260918T112310Z-8f8e01d8ec46,20260929T204833Z-5e0600df3416,2026-09-18T11:23:10+00:00,2026-09-29T20:48:33+00:00
0000007070,林佳緯,統一7-ELEVEn獅,打者,obp,0.196,0.192,-0.004,-0.004,changed,20260918T112310Z-8f8e01d8ec46,20260929T204833Z-5e0600df3416,2026-09-18T11:23:10+00:00,2026-09-29T20:48:33+00:00
0000007070,林佳緯,統一7-ELEVEn獅,打者,ops,0.376,0.362,-0.014,-0.014,changed,20260918T112310Z-8f8e01d8ec46,20260929T204833Z-5e0600df3416,2026-09-18T11:23:10+00:00,2026-09-29T20:48:33+00:00
0000007070,林佳緯,統一7-ELEVEn獅,打者,pa,92.0,104.0,12.0,12.0,changed,20260918T112310Z-8f8e01d8ec46,20260929T204833Z-5e0600df3416,2026-09-18T11:23:10+00:00,2026-09-29T20:48:33+00:00
0000007070,林佳緯,統一7-ELEVEn獅,打者,player_value_score,16.8,16.4,-0.4,-0.4,changed,20260918T112310Z-8f8e01d8ec46,20260929T204833Z-5e0600df3416,2026-09-18T11:23:10+00:00,2026-09-29T20:48:33+00:00
0000007070,林佳緯,統一7-ELEVEn獅,打者,slg,0.18,0.17,-0.01,-0.01,changed,20260918T112310Z-8f8e01d8ec46,20260929T204833Z-5e0600df3416,2026-09-18T11:23:10+00:00,2026-09-29T20:48:33+00:00
0000006851,林培緯,統一7-ELEVEn獅,打者,batting_average,0.268,0.281,0.013,0.013,changed,20260918T112310Z-8f8e01d8ec46,20260929T204833Z-5e0600df3416,2026-09-18T11:23:10+00:00,2026-09-29T20:48:33+00:00
0000006851,林培緯,統一7-ELEVEn獅,打者,home_runs,1.0,1.0,0.0,0.0,unchanged,20260918T112310Z-8f8e01d8ec46,20260929T204833Z-5e0600df3416,2026-09-18T11:23:10+00:00,2026-09-29T20:48:33+00:00
0000006851,林培緯,統一7-ELEVEn獅,打者,obp,0.316,0.333,0.017,0.017,changed,20260918T112310Z-8f8e01d8ec46,20260929T204833Z-5e0600df3416,2026-09-18T11:23:10+00:00,2026-09-29T20:48:33+00:00
0000006851,林培緯,統一7-ELEVEn獅,打者,ops,0.657,0.675,0.018,0.018,changed,20260918T112310Z-8f8e01d8ec46,20260929T204833Z-5e0600df3416,2026-09-18T11:23:10+00:00,2026-09-29T20:48:33+00:00
0000006851,林培緯,統一7-ELEVEn獅,打者,pa,133.0,159.0,26.0,26.0,changed,20260918T112310Z-8f8e01d8ec46,20260929T204833Z-5e0600df3416,2026-09-18T11:23:10+00:00,2026-09-29T20:48:33+00:00
0000006851,林培緯,統一7-ELEVEn獅,打者,player_value_score,31.0,31.0,0.0,0.0,unchanged,20260918T112310Z-8f8e01d8ec46,20260929T204833Z-5e0600df3416,2026-09-18T11:23:10+00:00,2026-09-29T20:48:33+00:00
0000006851,林培緯,統一7-ELEVEn獅,打者,slg,0.341,0.342,0.001,0.001,changed,20260918T112310Z-8f8e01d8ec46,20260929T204833Z-5e0600df3416,2026-09-18T11:23:10+00:00,2026-09-29T20:48:33+00:00
0000006223,林子豪,統一7-ELEVEn獅,打者,batting_average,0.27,0.264,-0.006,-0.006,changed,20260918T112310Z-8f8e01d8ec46,20260929T204833Z-5e0600df3416,2026-09-18T11:23:10+00:00,2026-09-29T20:48:33+00:00
0000006223,林子豪,統一7-ELEVEn獅,打者,home_runs,4.0,4.0,0.0,0.0,unchanged,20260918T112310Z-8f8e01d8ec46,20260929T204833Z-5e0600df3416,2026-09-18T11:23:10+00:00,2026-09-29T20:48:33+00:00
0000006223,林子豪,統一7-ELEVEn獅,打者,obp,0.329,0.327,-0.002,-0.002,changed,20260918T112310Z-8f8e01d8ec46,20260929T204833Z-5e0600df3416,2026-09-18T11:23:10+00:00,2026-09-29T20:48:33+00:00
0000006223,林子豪,統一7-ELEVEn獅,打者,ops,0.698,0.684,-0.014,-0.014,changed,20260918T112310Z-8f8e01d8ec46,20260929T204833Z-5e0600df3416,2026-09-18T11:23:10+00:00,2026-09-29T20:48:33+00:00
0000006223,林子豪,統一7-ELEVEn獅,打者,pa,323.0,347.0,24.0,24.0,changed,20260918T112310Z-8f8e01d8ec46,20260929T204833Z-5e0600df3416,2026-09-18T11:23:10+00:00,2026-09-29T20:48:33+00:00
0000006223,林子豪,統一7-ELEVEn獅,打者,player_value_score,34.4,33.8,-0.6,-0.6,changed,20260918T112310Z-8f8e01d8ec46,20260929T204833Z-5e0600df3416,2026-09-18T11:23:10+00:00,2026-09-29T20:48:33+00:00
0000006223,林子豪,統一7-ELEVEn獅,打者,slg,0.369,0.357,-0.012,-0.012,changed,20260918T112310Z-8f8e01d8ec46,20260929T204833Z-5e0600df3416,2026-09-18T11:23:10+00:00,2026-09-29T20:48:33+00:00
0000007071,林泓弦,統一7-ELEVEn獅,打者,batting_average,0.231,0.227,-0.004,-0.004,changed,20260918T112310Z-8f8e01d8ec46,20260929T204833Z-5e0600df3416,2026-09-18T11:23:10+00:00,2026-09-29T20:48:33+00:00
0000007071,林泓弦,統一7-ELEVEn獅,打者,home_runs,0.0,0.0,0.0,0.0,unchanged,20260918T112310Z-8f8e01d8ec46,20260929T204833Z-5e0600df3416,2026-09-18T11:23:10+00:00,2026-09-29T20:48:33+00:00
0000007071,林泓弦,統一7-ELEVEn獅,打者,obp,0.285,0.278,-0.007,-0.007,changed,20260918T112310Z-8f8e01d8ec46,20260929T204833Z-5e0600df3416,2026-09-18T11:23:10+00:00,2026-09-29T20:48:33+00:00
0000007071,林泓弦,統一7-ELEVEn獅,打者,ops,0.573,0.554,-0.019,-0.019,changed,20260918T112310Z-8f8e01d8ec46,20260929T204833Z-5e0600df3416,2026-09-18T11:23:10+00:00,2026-09-29T20:48:33+00:00
0000007071,林泓弦,統一7-ELEVEn獅,打者,pa,177.0,199.0,22.0,22.0,changed,20260918T112310Z-8f8e01d8ec46,20260929T204833Z-5e0600df3416,2026-09-18T11:23:10+00:00,2026-09-29T20:48:33+00:00
0000007071,林泓弦,統一7-ELEVEn獅,打者,player_value_score,27.0,26.3,-0.7,-0.7,changed,20260918T112310Z-8f8e01d8ec46,20260929T204833Z-5e0600df3416,2026-09-18T11:23:10+00:00,2026-09-29T20:48:33+00:00
0000007071,林泓弦,統一7-ELEVEn獅,打者,slg,0.288,0.276,-0.012,-0.012,changed,20260918T112310Z-8f8e01d8ec46,20260929T204833Z-5e0600df3416,2026-09-18T11:23:10+00:00,2026-09-29T20:48:33+00:00
0000001339,林祖傑,統一7-ELEVEn獅,打者,batting_average,0.246,0.224,-0.022,-0.022,changed,20260918T112310Z-8f8e01d8ec46,20260929T204833Z-5e0600df3416,2026-09-18T11:23:10+00:00,2026-09-29T20:48:33+00:00
0000001339,林祖傑,統一7-ELEVEn獅,打者,home_runs,0.0,0.0,0.0,0.0,unchanged,20260918T112310Z-8f8e01d8ec46,20260929T204833Z-5e0600df3416,2026-09-18T11:23:10+00:00,2026-09-29T20:48:33+00:00
0000001339,林祖傑,統一7-ELEVEn獅,打者,obp,0.319,0.346,0.027,0.027,changed,20260918T112310Z-8f8e01d8ec46,20260929T204833Z-5e0600df3416,2026-09-18T11:23:10+00:00,2026-09-29T20:48:33+00:00
0000001339,林祖傑,統一7-ELEVEn獅,打者,ops,0.647,0.645,-0.002,-0.002,changed,20260918T112310Z-8f8e01d8ec46,20260929T204833Z-5e0600df3416,2026-09-18T11:23:10+00:00,2026-09-29T20:48:33+00:00
0000001339,林祖傑,統一7-ELEVEn獅,打者,pa,73.0,85.0,12.0,12.0,changed,20260918T112310Z-8f8e01d8ec46,20260929T204833Z-5e0600df3416,2026-09-18T11:23:10+00:00,2026-09-29T20:48:33+00:00
0000001339,林祖傑,統一7-ELEVEn獅,打者,player_value_score,31.2,32.6,1.4,1.4,changed,20260918T112310Z-8f8e01d8ec46,20260929T204833Z-5e0600df3416,2026-09-18T11:23:10+00:00,2026-09-29T20:48:33+00:00
0000001339,林祖傑,統一7-ELEVEn獅,打者,slg,0.328,0.299,-0.029,-0.029,changed,20260918T112310Z-8f8e01d8ec46,20260929T204833Z-5e0600df3416,2026-09-18T11:23:10+00:00,2026-09-29T20:48:33+00:00
0000004642,林靖凱,統一7-ELEVEn獅,打者,batting_average,0.164,0.164,0.0,0.0,unchanged,20260918T112310Z-8f8e01d8ec46,20260929T204833Z-5e0600df3416,2026-09-18T11:23:10+00:00,2026-09-29T20:48:33+00:00
0000004642,林靖凱,統一7-ELEVEn獅,打者,home_runs,1.0,1.0,0.0,0.0,unchanged,20260918T112310Z-8f8e01d8ec46,20260929T204833Z-5e0600df3416,2026-09-18T11:23:10+00:00,2026-09-29T20:48:33+00:00
0000004642,林靖凱,統一7-ELEVEn獅,打者,obp,0.208,0.208,0.0,0.0,unchanged,20260918T112310Z-8f8e01d8ec46,20260929T204833Z-5e0600df3416,2026-09-18T11:23:10+00:00,2026-09-29T20:48:33+00:00
0000004642,林靖凱,統一7-ELEVEn獅,打者,ops,0.432,0.432,0.0,0.0,unchanged,20260918T112310Z-8f8e01d8ec46,20260929T204833Z-5e0600df3416,2026-09-18T11:23:10+00:00,2026-09-29T20:48:33+00:00
0000004642,林靖凱,統一7-ELEVEn獅,打者,pa,73.0,73.0,0.0,0.0,unchanged,20260918T112310Z-8f8e01d8ec46,20260929T204833Z-5e0600df3416,2026-09-18T11:23:10+00:00,2026-09-29T20:48:33+00:00
0000004642,林靖凱,統一7-ELEVEn獅,打者,player_value_score,23.3,23.5,0.2,0.2,changed,20260918T112310Z-8f8e01d8ec46,20260929T204833Z-5e0600df3416,2026-09-18T11:23:10+00:00,2026-09-29T20:48:33+00:00
0000004642,林靖凱,統一7-ELEVEn獅,打者,slg,0.224,0.224,0.0,0.0,unchanged,20260918T112310Z-8f8e01d8ec46,20260929T204833Z-5e0600df3416,2026-09-18T11:23:10+00:00,2026-09-29T20:48:33+00:00
0000003645,柯育民,統一7-ELEVEn獅,打者,batting_average,0.042,0.063,0.021,0.021,changed,20260918T112310Z-8f8e01d8ec46,20260929T204833Z-5e0600df3416,2026-09-18T11:23:10+00:00,2026-09-29T20:48:33+00:00
0000003645,柯育民,統一7-ELEVEn獅,打者,home_runs,0.0,0.0,0.0,0.0,unchanged,20260918T112310Z-8f8e01d8ec46,20260929T204833Z-5e0600df3416,2026-09-18T11:23:10+00:00,2026-09-29T20:48:33+00:00
0000003645,柯育民,統一7-ELEVEn獅,打者,obp,0.042,0.091,0.049,0.049,changed,20260918T112310Z-8f8e01d8ec46,20260929T204833Z-5e0600df3416,2026-09-18T11:23:10+00:00,2026-09-29T20:48:33+00:00
0000003645,柯育民,統一7-ELEVEn獅,打者,ops,0.084,0.154,0.07,0.07,changed,20260918T112310Z-8f8e01d8ec46,20260929T204833Z-5e0600df3416,2026-09-18T11:23:10+00:00,2026-09-29T20:48:33+00:00
0000003645,柯育民,統一7-ELEVEn獅,打者,pa,26.0,35.0,9.0,9.0,changed,20260918T112310Z-8f8e01d8ec46,20260929T204833Z-5e0600df3416,2026-09-18T11:23:10+00:00,2026-09-29T20:48:33+00:00
0000003645,柯育民,統一7-ELEVEn獅,打者,player_value_score,6.4,9.4,3.0,3.0,changed,20260918T112310Z-8f8e01d8ec46,20260929T204833Z-5e0600df3416,2026-09-18T11:23:10+00:00,2026-09-29T20:48:33+00:00
0000003645,柯育民,統一7-ELEVEn獅,打者,slg,0.042,0.063,0.021,0.021,changed,20260918T112310Z-8f8e01d8ec46,20260929T204833Z-5e0600df3416,2026-09-18T11:23:10+00:00,2026-09-29T20:48:33+00:00
0000002707,潘傑楷,統一7-ELEVEn獅,打者,batting_average,0.306,0.309,0.003,0.003,changed,20260918T112310Z-8f8e01d8ec46,20260929T204833Z-5e0600df3416,2026-09-18T11:23:10+00:00,2026-09-29T20:48:33+00:00
0000002707,潘傑楷,統一7-ELEVEn獅,打者,home_runs,3.0,3.0,0.0,0.0,unchanged,20260918T112310Z-8f8e01d8ec46,20260929T204833Z-5e0600df3416,2026-09-18T11:23:10+00:00,2026-09-29T20:48:33+00:00
0000002707,潘傑楷,統一7-ELEVEn獅,打者,obp,0.397,0.399,0.002,0.002,changed,20260918T112310Z-8f8e01d8ec46,20260929T204833Z-5e0600df3416,2026-09-18T11:23:10+00:00,2026-09-29T20:48:33+00:00
0000002707,潘傑楷,統一7-ELEVEn獅,打者,ops,0.792,0.802,0.01,0.01,changed,20260918T112310Z-8f8e01d8ec46,20260929T204833Z-5e0600df3416,2026-09-18T11:23:10+00:00,2026-09-29T20:48:33+00:00
0000002707,潘傑楷,統一7-ELEVEn獅,打者,pa,392.0,431.0,39.0,39.0,changed,20260918T112310Z-8f8e01d8ec46,20260929T204833Z-5e0600df3416,2026-09-18T11:23:10+00:00,2026-09-29T20:48:33+00:00
0000002707,潘傑楷,統一7-ELEVEn獅,打者,player_value_score,37.9,38.4,0.5,0.5,changed,20260918T112310Z-8f8e01d8ec46,20260929T204833Z-5e0600df3416,2026-09-18T11:23:10+00:00,2026-09-29T20:48:33+00:00
0000002707,潘傑楷,統一7-ELEVEn獅,打者,slg,0.395,0.403,0.008,0.008,changed,20260918T112310Z-8f8e01d8ec46,20260929T204833Z-5e0600df3416,2026-09-18T11:23:10+00:00,2026-09-29T20:48:33+00:00
0000006843,潘磊,統一7-ELEVEn獅,打者,batting_average,0.135,0.135,0.0,0.0,unchanged,20260918T112310Z-8f8e01d8ec46,20260929T204833Z-5e0600df3416,2026-09-18T11:23:10+00:00,2026-09-29T20:48:33+00:00
0000006843,潘磊,統一7-ELEVEn獅,打者,home_runs,1.0,1.0,0.0,0.0,unchanged,20260918T112310Z-8f8e01d8ec46,20260929T204833Z-5e0600df3416,2026-09-18T11:23:10+00:00,2026-09-29T20:48:33+00:00
0000006843,潘磊,統一7-ELEVEn獅,打者,obp,0.154,0.154,0.0,0.0,unchanged,20260918T112310Z-8f8e01d8ec46,20260929T204833Z-5e0600df3416,2026-09-18T11:23:10+00:00,2026-09-29T20:48:33+00:00
0000006843,潘磊,統一7-ELEVEn獅,打者,ops,0.37,0.37,0.0,0.0,unchanged,20260918T112310Z-8f8e01d8ec46,20260929T204833Z-5e0600df3416,2026-09-18T11:23:10+00:00,2026-09-29T20:48:33+00:00
0000006843,潘磊,統一7-ELEVEn獅,打者,pa,39.0,39.0,0.0,0.0,unchanged,20260918T112310Z-8f8e01d8ec46,20260929T204833Z-5e0600df3416,2026-09-18T11:23:10+00:00,2026-09-29T20:48:33+00:00
0000006843,潘磊,統一7-ELEVEn獅,打者,player_value_score,21.6,21.9,0.3,0.3,changed,20260918T112310Z-8f8e01d8ec46,20260929T204833Z-5e0600df3416,2026-09-18T11:23:10+00:00,2026-09-29T20:48:33+00:00
0000006843,潘磊,統一7-ELEVEn獅,打者,slg,0.216,0.216,0.0,0.0,unchanged,20260918T112310Z-8f8e01d8ec46,20260929T204833Z-5e0600df3416,2026-09-18T11:23:10+00:00,2026-09-29T20:48:33+00:00
0000007605,王翾祐,統一7-ELEVEn獅,打者,batting_average,0.37,0.37,0.0,0.0,unchanged,20260918T112310Z-8f8e01d8ec46,20260929T204833Z-5e0600df3416,2026-09-18T11:23:10+00:00,2026-09-29T20:48:33+00:00
0000007605,王翾祐,統一7-ELEVEn獅,打者,home_runs,0.0,0.0,0.0,0.0,unchanged,20260918T112310Z-8f8e01d8ec46,20260929T204833Z-5e0600df3416,2026-09-18T11:23:10+00:00,2026-09-29T20:48:33+00:00
0000007605,王翾祐,統一7-ELEVEn獅,打者,obp,0.433,0.433,0.0,0.0,unchanged,20260918T112310Z-8f8e01d8ec46,20260929T204833Z-5e0600df3416,2026-09-18T11:23:10+00:00,2026-09-29T20:48:33+00:00
0000007605,王翾祐,統一7-ELEVEn獅,打者,ops,0.914,0.914,0.0,0.0,unchanged,20260918T112310Z-8f8e01d8ec46,20260929T204833Z-5e0600df3416,2026-09-18T11:23:10+00:00,2026-09-29T20:48:33+00:00
0000007605,王翾祐,統一7-ELEVEn獅,打者,pa,31.0,31.0,0.0,0.0,unchanged,20260918T112310Z-8f8e01d8ec46,20260929T204833Z-5e0600df3416,2026-09-18T11:23:10+00:00,2026-09-29T20:48:33+00:00
0000007605,王翾祐,統一7-ELEVEn獅,打者,player_value_score,41.6,41.5,-0.1,-0.1,changed,20260918T112310Z-8f8e01d8ec46,20260929T204833Z-5e0600df3416,2026-09-18T11:23:10+00:00,2026-09-29T20:48:33+00:00
0000007605,王翾祐,統一7-ELEVEn獅,打者,slg,0.481,0.481,0.0,0.0,unchanged,20260918T112310Z-8f8e01d8ec46,20260929T204833Z-5e0600df3416,2026-09-18T11:23:10+00:00,2026-09-29T20:48:33+00:00
0000006847,田子杰,統一7-ELEVEn獅,打者,batting_average,0.183,0.183,0.0,0.0,unchanged,20260918T112310Z-8f8e01d8ec46,20260929T204833Z-5e0600df3416,2026-09-18T11:23:10+00:00,2026-09-29T20:48:33+00:00
0000006847,田子杰,統一7-ELEVEn獅,打者,home_runs,1.0,1.0,0.0,0.0,unchanged,20260918T112310Z-8f8e01d8ec46,20260929T204833Z-5e0600df3416,2026-09-18T11:23:10+00:00,2026-09-29T20:48:33+00:00
0000006847,田子杰,統一7-ELEVEn獅,打者,obp,0.234,0.234,0.0,0.0,unchanged,20260918T112310Z-8f8e01d8ec46,20260929T204833Z-5e0600df3416,2026-09-18T11:23:10+00:00,2026-09-29T20:48:33+00:00
0000006847,田子杰,統一7-ELEVEn獅,打者,ops,0.517,0.517,0.0,0.0,unchanged,20260918T112310Z-8f8e01d8ec46,20260929T204833Z-5e0600df3416,2026-09-18T11:23:10+00:00,2026-09-29T20:48:33+00:00
0000006847,田子杰,統一7-ELEVEn獅,打者,pa,65.0,65.0,0.0,0.0,unchanged,20260918T112310Z-8f8e01d8ec46,20260929T204833Z-5e0600df3416,2026-09-18T11:23:10+00:00,2026-09-29T20:48:33+00:00
0000006847,田子杰,統一7-ELEVEn獅,打者,player_value_score,27.4,27.5,0.1,0.1,changed,20260918T112310Z-8f8e01d8ec46,20260929T204833Z-5e0600df3416,2026-09-18T11:23:10+00:00,2026-09-29T20:48:33+00:00
0000006847,田子杰,統一7-ELEVEn獅,打者,slg,0.283,0.283,0.0,0.0,unchanged,20260918T112310Z-8f8e01d8ec46,20260929T204833Z-5e0600df3416,2026-09-18T11:23:10+00:00,2026-09-29T20:48:33+00:00
0000001474,蘇智傑,統一7-ELEVEn獅,打者,batting_average,0.255,0.255,0.0,0.0,unchanged,20260918T112310Z-8f8e01d8ec46,20260929T204833Z-5e0600df3416,2026-09-18T11:23:10+00:00,2026-09-29T20:48:33+00:00
0000001474,蘇智傑,統一7-ELEVEn獅,打者,home_runs,8.0,8.0,0.0,0.0,unchanged,20260918T112310Z-8f8e01d8ec46,20260929T204833Z-5e0600df3416,2026-09-18T11:23:10+00:00,2026-09-29T20:48:33+00:00
0000001474,蘇智傑,統一7-ELEVEn獅,打者,obp,0.301,0.301,0.0,0.0,unchanged,20260918T112310Z-8f8e01d8ec46,20260929T204833Z-5e0600df3416,2026-09-18T11:23:10+00:00,2026-09-29T20:48:33+00:00
0000001474,蘇智傑,統一7-ELEVEn獅,打者,ops,0.709,0.709,0.0,0.0,unchanged,20260918T112310Z-8f8e01d8ec46,20260929T204833Z-5e0600df3416,2026-09-18T11:23:10+00:00,2026-09-29T20:48:33+00:00
0000001474,蘇智傑,統一7-ELEVEn獅,打者,pa,289.0,289.0,0.0,0.0,unchanged,20260918T112310Z-8f8e01d8ec46,20260929T204833Z-5e0600df3416,2026-09-18T11:23:10+00:00,2026-09-29T20:48:33+00:00
0000001474,蘇智傑,統一7-ELEVEn獅,打者,player_value_score,38.4,38.7,0.3,0.3,changed,20260918T112310Z-8f8e01d8ec46,20260929T204833Z-5e0600df3416,2026-09-18T11:23:10+00:00,2026-09-29T20:48:33+00:00
0000001474,蘇智傑,統一7-ELEVEn獅,打者,slg,0.408,0.408,0.0,0.0,unchanged,20260918T112310Z-8f8e01d8ec46,20260929T204833Z-5e0600df3416,2026-09-18T11:23:10+00:00,2026-09-29T20:48:33+00:00
0000005306,許哲晏,統一7-ELEVEn獅,打者,batting_average,0.1,0.109,0.009,0.009,changed,20260918T112310Z-8f8e01d8ec46,20260929T204833Z-5e0600df3416,2026-09-18T11:23:10+00:00,2026-09-29T20:48:33+00:00
0000005306,許哲晏,統一7-ELEVEn獅,打者,home_runs,0.0,0.0,0.0,0.0,unchanged,20260918T112310Z-8f8e01d8ec46,20260929T204833Z-5e0600df3416,2026-09-18T11:23:10+00:00,2026-09-29T20:48:33+00:00
0000005306,許哲晏,統一7-ELEVEn獅,打者,obp,0.161,0.164,0.003,0.003,changed,20260918T112310Z-8f8e01d8ec46,20260929T204833Z-5e0600df3416,2026-09-18T11:23:10+00:00,2026-09-29T20:48:33+00:00
0000005306,許哲晏,統一7-ELEVEn獅,打者,ops,0.281,0.291,0.01,0.01,changed,20260918T112310Z-8f8e01d8ec46,20260929T204833Z-5e0600df3416,2026-09-18T11:23:10+00:00,2026-09-29T20:48:33+00:00
0000005306,許哲晏,統一7-ELEVEn獅,打者,pa,58.0,63.0,5.0,5.0,changed,20260918T112310Z-8f8e01d8ec46,20260929T204833Z-5e0600df3416,2026-09-18T11:23:10+00:00,2026-09-29T20:48:33+00:00
0000005306,許哲晏,統一7-ELEVEn獅,打者,player_value_score,16.4,16.8,0.4,0.4,changed,20260918T112310Z-8f8e01d8ec46,20260929T204833Z-5e0600df3416,2026-09-18T11:23:10+00:00,2026-09-29T20:48:33+00:00
0000005306,許哲晏,統一7-ELEVEn獅,打者,slg,0.12,0.127,0.007,0.007,changed,20260918T112310Z-8f8e01d8ec46,20260929T204833Z-5e0600df3416,2026-09-18T11:23:10+00:00,2026-09-29T20:48:33+00:00
0000005531,邱智呈,統一7-ELEVEn獅,打者,batting_average,0.253,0.253,0.0,0.0,unchanged,20260918T112310Z-8f8e01d8ec46,20260929T204833Z-5e0600df3416,2026-09-18T11:23:10+00:00,2026-09-29T20:48:33+00:00
0000005531,邱智呈,統一7-ELEVEn獅,打者,home_runs,3.0,3.0,0.0,0.0,unchanged,20260918T112310Z-8f8e01d8ec46,20260929T204833Z-5e0600df3416,2026-09-18T11:23:10+00:00,2026-09-29T20:48:33+00:00
0000005531,邱智呈,統一7-ELEVEn獅,打者,obp,0.364,0.363,-0.001,-0.001,changed,20260918T112310Z-8f8e01d8ec46,20260929T204833Z-5e0600df3416,2026-09-18T11:23:10+00:00,2026-09-29T20:48:33+00:00
0000005531,邱智呈,統一7-ELEVEn獅,打者,ops,0.694,0.696,0.002,0.002,changed,20260918T112310Z-8f8e01d8ec46,20260929T204833Z-5e0600df3416,2026-09-18T11:23:10+00:00,2026-09-29T20:48:33+00:00
0000005531,邱智呈,統一7-ELEVEn獅,打者,pa,353.0,384.0,31.0,31.0,changed,20260918T112310Z-8f8e01d8ec46,20260929T204833Z-5e0600df3416,2026-09-18T11:23:10+00:00,2026-09-29T20:48:33+00:00
0000005531,邱智呈,統一7-ELEVEn獅,打者,player_value_score,34.7,35.1,0.4,0.4,changed,20260918T112310Z-8f8e01d8ec46,20260929T204833Z-5e0600df3416,2026-09-18T11:23:10+00:00,2026-09-29T20:48:33+00:00
0000005531,邱智呈,統一7-ELEVEn獅,打者,slg,0.33,0.333,0.003,0.003,changed,20260918T112310Z-8f8e01d8ec46,20260929T204833Z-5e0600df3416,2026-09-18T11:23:10+00:00,2026-09-29T20:48:33+00:00
0000001804,陳傑憲,統一7-ELEVEn獅,打者,batting_average,0.305,0.319,0.014,0.014,changed,20260918T112310Z-8f8e01d8ec46,20260929T204833Z-5e0600df3416,2026-09-18T11:23:10+00:00,2026-09-29T20:48:33+00:00
0000001804,陳傑憲,統一7-ELEVEn獅,打者,home_runs,5.0,5.0,0.0,0.0,unchanged,20260918T112310Z-8f8e01d8ec46,20260929T204833Z-5e0600df3416,2026-09-18T11:23:10+00:00,2026-09-29T20:48:33+00:00
0000001804,陳傑憲,統一7-ELEVEn獅,打者,obp,0.393,0.401,0.008,0.008,changed,20260918T112310Z-8f8e01d8ec46,20260929T204833Z-5e0600df3416,2026-09-18T11:23:10+00:00,2026-09-29T20:48:33+00:00
0000001804,陳傑憲,統一7-ELEVEn獅,打者,ops,0.797,0.811,0.014,0.014,changed,20260918T112310Z-8f8e01d8ec46,20260929T204833Z-5e0600df3416,2026-09-18T11:23:10+00:00,2026-09-29T20:48:33+00:00
0000001804,陳傑憲,統一7-ELEVEn獅,打者,pa,334.0,372.0,38.0,38.0,changed,20260918T112310Z-8f8e01d8ec46,20260929T204833Z-5e0600df3416,2026-09-18T11:23:10+00:00,2026-09-29T20:48:33+00:00
0000001804,陳傑憲,統一7-ELEVEn獅,打者,player_value_score,40.1,40.3,0.2,0.2,changed,20260918T112310Z-8f8e01d8ec46,20260929T204833Z-5e0600df3416,2026-09-18T11:23:10+00:00,2026-09-29T20:48:33+00:00
0000001804,陳傑憲,統一7-ELEVEn獅,打者,slg,0.404,0.41,0.006,0.006,changed,20260918T112310Z-8f8e01d8ec46,20260929T204833Z-5e0600df3416,2026-09-18T11:23:10+00:00,2026-09-29T20:48:33+00:00
0000007268,陳聖平,統一7-ELEVEn獅,打者,batting_average,0.233,0.234,0.001,0.001,changed,20260918T112310Z-8f8e01d8ec46,20260929T204833Z-5e0600df3416,2026-09-18T11:23:10+00:00,2026-09-29T20:48:33+00:00
0000007268,陳聖平,統一7-ELEVEn獅,打者,home_runs,4.0,5.0,1.0,1.0,changed,20260918T112310Z-8f8e01d8ec46,20260929T204833Z-5e0600df3416,2026-09-18T11:23:10+00:00,2026-09-29T20:48:33+00:00
0000007268,陳聖平,統一7-ELEVEn獅,打者,obp,0.283,0.286,0.003,0.003,changed,20260918T112310Z-8f8e01d8ec46,20260929T204833Z-5e0600df3416,2026-09-18T11:23:10+00:00,2026-09-29T20:48:33+00:00
0000007268,陳聖平,統一7-ELEVEn獅,打者,ops,0.611,0.62,0.009,0.009,changed,20260918T112310Z-8f8e01d8ec46,20260929T204833Z-5e0600df3416,2026-09-18T11:23:10+00:00,2026-09-29T20:48:33+00:00
0000007268,陳聖平,統一7-ELEVEn獅,打者,pa,328.0,357.0,29.0,29.0,changed,20260918T112310Z-8f8e01d8ec46,20260929T204833Z-5e0600df3416,2026-09-18T11:23:10+00:00,2026-09-29T20:48:33+00:00
0000007268,陳聖平,統一7-ELEVEn獅,打者,player_value_score,31.3,32.3,1.0,1.0,changed,20260918T112310Z-8f8e01d8ec46,20260929T204833Z-5e0600df3416,2026-09-18T11:23:10+00:00,2026-09-29T20:48:33+00:00
0000007268,陳聖平,統一7-ELEVEn獅,打者,slg,0.328,0.334,0.006,0.006,changed,20260918T112310Z-8f8e01d8ec46,20260929T204833Z-5e0600df3416,2026-09-18T11:23:10+00:00,2026-09-29T20:48:33+00:00
0000002289,陳重廷,統一7-ELEVEn獅,打者,batting_average,0.186,0.17,-0.016,-0.016,changed,20260918T112310Z-8f8e01d8ec46,20260929T204833Z-5e0600df3416,2026-09-18T11:23:10+00:00,2026-09-29T20:48:33+00:00
0000002289,陳重廷,統一7-ELEVEn獅,打者,home_runs,0.0,0.0,0.0,0.0,unchanged,20260918T112310Z-8f8e01d8ec46,20260929T204833Z-5e0600df3416,2026-09-18T11:23:10+00:00,2026-09-29T20:48:33+00:00
0000002289,陳重廷,統一7-ELEVEn獅,打者,obp,0.186,0.17,-0.016,-0.016,changed,20260918T112310Z-8f8e01d8ec46,20260929T204833Z-5e0600df3416,2026-09-18T11:23:10+00:00,2026-09-29T20:48:33+00:00
0000002289,陳重廷,統一7-ELEVEn獅,打者,ops,0.419,0.383,-0.036,-0.036,changed,20260918T112310Z-8f8e01d8ec46,20260929T204833Z-5e0600df3416,2026-09-18T11:23:10+00:00,2026-09-29T20:48:33+00:00
0000002289,陳重廷,統一7-ELEVEn獅,打者,pa,43.0,48.0,5.0,5.0,changed,20260918T112310Z-8f8e01d8ec46,20260929T204833Z-5e0600df3416,2026-09-18T11:23:10+00:00,2026-09-29T20:48:33+00:00
0000002289,陳重廷,統一7-ELEVEn獅,打者,player_value_score,19.9,18.5,-1.4,-1.4,changed,20260918T112310Z-8f8e01d8ec46,20260929T204833Z-5e0600df3416,2026-09-18T11:23:10+00:00,2026-09-29T20:48:33+00:00
0000002289,陳重廷,統一7-ELEVEn獅,打者,slg,0.233,0.213,-0.02,-0.02,changed,20260918T112310Z-8f8e01d8ec46,20260929T204833Z-5e0600df3416,2026-09-18T11:23:10+00:00,2026-09-29T20:48:33+00:00
0000002298,陳重羽,統一7-ELEVEn獅,打者,batting_average,0.284,0.304,0.02,0.02,changed,20260918T112310Z-8f8e01d8ec46,20260929T204833Z-5e0600df3416,2026-09-18T11:23:10+00:00,2026-09-29T20:48:33+00:00
0000002298,陳重羽,統一7-ELEVEn獅,打者,home_runs,0.0,1.0,1.0,1.0,changed,20260918T112310Z-8f8e01d8ec46,20260929T204833Z-5e0600df3416,2026-09-18T11:23:10+00:00,2026-09-29T20:48:33+00:00
0000002298,陳重羽,統一7-ELEVEn獅,打者,obp,0.362,0.375,0.013,0.013,changed,20260918T112310Z-8f8e01d8ec46,20260929T204833Z-5e0600df3416,2026-09-18T11:23:10+00:00,2026-09-29T20:48:33+00:00
0000002298,陳重羽,統一7-ELEVEn獅,打者,ops,0.691,0.731,0.04,0.04,changed,20260918T112310Z-8f8e01d8ec46,20260929T204833Z-5e0600df3416,2026-09-18T11:23:10+00:00,2026-09-29T20:48:33+00:00
0000002298,陳重羽,統一7-ELEVEn獅,打者,pa,263.0,290.0,27.0,27.0,changed,20260918T112310Z-8f8e01d8ec46,20260929T204833Z-5e0600df3416,2026-09-18T11:23:10+00:00,2026-09-29T20:48:33+00:00
0000002298,陳重羽,統一7-ELEVEn獅,打者,player_value_score,31.2,33.2,2.0,2.0,changed,20260918T112310Z-8f8e01d8ec46,20260929T204833Z-5e0600df3416,2026-09-18T11:23:10+00:00,2026-09-29T20:48:33+00:00
0000002298,陳重羽,統一7-ELEVEn獅,打者,slg,0.329,0.356,0.027,0.027,changed,20260918T112310Z-8f8e01d8ec46,20260929T204833Z-5e0600df3416,2026-09-18T11:23:10+00:00,2026-09-29T20:48:33+00:00
0000002661,陳鏞基,統一7-ELEVEn獅,打者,batting_average,0.29,0.264,-0.026,-0.026,changed,20260918T112310Z-8f8e01d8ec46,20260929T204833Z-5e0600df3416,2026-09-18T11:23:10+00:00,2026-09-29T20:48:33+00:00
0000002661,陳鏞基,統一7-ELEVEn獅,打者,home_runs,0.0,1.0,1.0,1.0,changed,20260918T112310Z-8f8e01d8ec46,20260929T204833Z-5e0600df3416,2026-09-18T11:23:10+00:00,2026-09-29T20:48:33+00:00
0000002661,陳鏞基,統一7-ELEVEn獅,打者,obp,0.374,0.341,-0.033,-0.033,changed,20260918T112310Z-8f8e01d8ec46,20260929T204833Z-5e0600df3416,2026-09-18T11:23:10+00:00,2026-09-29T20:48:33+00:00
0000002661,陳鏞基,統一7-ELEVEn獅,打者,ops,0.675,0.641,-0.034,-0.034,changed,20260918T112310Z-8f8e01d8ec46,20260929T204833Z-5e0600df3416,2026-09-18T11:23:10+00:00,2026-09-29T20:48:33+00:00
0000002661,陳鏞基,統一7-ELEVEn獅,打者,pa,107.0,126.0,19.0,19.0,changed,20260918T112310Z-8f8e01d8ec46,20260929T204833Z-5e0600df3416,2026-09-18T11:23:10+00:00,2026-09-29T20:48:33+00:00
0000002661,陳鏞基,統一7-ELEVEn獅,打者,player_value_score,30.4,31.1,0.7,0.7,changed,20260918T112310Z-8f8e01d8ec46,20260929T204833Z-5e0600df3416,2026-09-18T11:23:10+00:00,2026-09-29T20:48:33+00:00
0000002661,陳鏞基,統一7-ELEVEn獅,打者,slg,0.301,0.3,-0.001,-0.001,changed,20260918T112310Z-8f8e01d8ec46,20260929T204833Z-5e0600df3416,2026-09-18T11:23:10+00:00,2026-09-29T20:48:33+00:00
0000007276,伍立辰,中信兄弟,投手,era,4.85,4.62,-0.23,0.23,changed,20260918T112310Z-8f8e01d8ec46,20260929T204833Z-5e0600df3416,2026-09-18T11:23:10+00:00,2026-09-29T20:48:33+00:00
0000007276,伍立辰,中信兄弟,投手,innings_pitched,59.333,62.333,3.0,3.0,changed,20260918T112310Z-8f8e01d8ec46,20260929T204833Z-5e0600df3416,2026-09-18T11:23:10+00:00,2026-09-29T20:48:33+00:00
0000007276,伍立辰,中信兄弟,投手,k_bb_ratio,1.68,1.56,-0.12,-0.12,changed,20260918T112310Z-8f8e01d8ec46,20260929T204833Z-5e0600df3416,2026-09-18T11:23:10+00:00,2026-09-29T20:48:33+00:00
0000007276,伍立辰,中信兄弟,投手,player_value_score,63.7,62.7,-1.0,-1.0,changed,20260918T112310Z-8f8e01d8ec46,20260929T204833Z-5e0600df3416,2026-09-18T11:23:10+00:00,2026-09-29T20:48:33+00:00
0000007276,伍立辰,中信兄弟,投手,strikeouts,37.0,39.0,2.0,2.0,changed,20260918T112310Z-8f8e01d8ec46,20260929T204833Z-5e0600df3416,2026-09-18T11:23:10+00:00,2026-09-29T20:48:33+00:00
0000007276,伍立辰,中信兄弟,投手,whip,1.4,1.43,0.03,-0.03,changed,20260918T112310Z-8f8e01d8ec46,20260929T204833Z-5e0600df3416,2026-09-18T11:23:10+00:00,2026-09-29T20:48:33+00:00
0000006176,余謙,中信兄弟,投手,era,5.01,5.53,0.52,-0.52,changed,20260918T112310Z-8f8e01d8ec46,20260929T204833Z-5e0600df3416,2026-09-18T11:23:10+00:00,2026-09-29T20:48:33+00:00
0000006176,余謙,中信兄弟,投手,innings_pitched,23.333,27.667,4.334,4.334,changed,20260918T112310Z-8f8e01d8ec46,20260929T204833Z-5e0600df3416,2026-09-18T11:23:10+00:00,2026-09-29T20:48:33+00:00
0000006176,余謙,中信兄弟,投手,k_bb_ratio,1.33,1.5,0.17,0.17,changed,20260918T112310Z-8f8e01d8ec46,20260929T204833Z-5e0600df3416,2026-09-18T11:23:10+00:00,2026-09-29T20:48:33+00:00
0000006176,余謙,中信兄弟,投手,player_value_score,60.8,60.1,-0.7,-0.7,changed,20260918T112310Z-8f8e01d8ec46,20260929T204833Z-5e0600df3416,2026-09-18T11:23:10+00:00,2026-09-29T20:48:33+00:00
0000006176,余謙,中信兄弟,投手,strikeouts,8.0,9.0,1.0,1.0,changed,20260918T112310Z-8f8e01d8ec46,20260929T204833Z-5e0600df3416,2026-09-18T11:23:10+00:00,2026-09-29T20:48:33+00:00
0000006176,余謙,中信兄弟,投手,whip,1.37,1.52,0.15,-0.15,changed,20260918T112310Z-8f8e01d8ec46,20260929T204833Z-5e0600df3416,2026-09-18T11:23:10+00:00,2026-09-29T20:48:33+00:00
0000005604,勝騎士,中信兄弟,投手,era,3.1,3.25,0.15,-0.15,changed,20260918T112310Z-8f8e01d8ec46,20260929T204833Z-5e0600df3416,2026-09-18T11:23:10+00:00,2026-09-29T20:48:33+00:00
0000005604,勝騎士,中信兄弟,投手,innings_pitched,133.667,146.667,13.0,13.0,changed,20260918T112310Z-8f8e01d8ec46,20260929T204833Z-5e0600df3416,2026-09-18T11:23:10+00:00,2026-09-29T20:48:33+00:00
0000005604,勝騎士,中信兄弟,投手,k_bb_ratio,7.4,7.0,-0.4,-0.4,changed,20260918T112310Z-8f8e01d8ec46,20260929T204833Z-5e0600df3416,2026-09-18T11:23:10+00:00,2026-09-29T20:48:33+00:00
0000005604,勝騎士,中信兄弟,投手,player_value_score,81.2,77.7,-3.5,-3.5,changed,20260918T112310Z-8f8e01d8ec46,20260929T204833Z-5e0600df3416,2026-09-18T11:23:10+00:00,2026-09-29T20:48:33+00:00
0000005604,勝騎士,中信兄弟,投手,strikeouts,111.0,119.0,8.0,8.0,changed,20260918T112310Z-8f8e01d8ec46,20260929T204833Z-5e0600df3416,2026-09-18T11:23:10+00:00,2026-09-29T20:48:33+00:00
0000005604,勝騎士,中信兄弟,投手,whip,1.1,1.08,-0.02,0.02,changed,20260918T112310Z-8f8e01d8ec46,20260929T204833Z-5e0600df3416,2026-09-18T11:23:10+00:00,2026-09-29T20:48:33+00:00
0000004625,吳俊偉,中信兄弟,投手,era,7.94,7.94,0.0,-0.0,unchanged,20260918T112310Z-8f8e01d8ec46,20260929T204833Z-5e0600df3416,2026-09-18T11:23:10+00:00,2026-09-29T20:48:33+00:00
0000004625,吳俊偉,中信兄弟,投手,innings_pitched,11.333,11.333,0.0,0.0,unchanged,20260918T112310Z-8f8e01d8ec46,20260929T204833Z-5e0600df3416,2026-09-18T11:23:10+00:00,2026-09-29T20:48:33+00:00
0000004625,吳俊偉,中信兄弟,投手,k_bb_ratio,1.8,1.8,0.0,0.0,unchanged,20260918T112310Z-8f8e01d8ec46,20260929T204833Z-5e0600df3416,2026-09-18T11:23:10+00:00,2026-09-29T20:48:33+00:00
0000004625,吳俊偉,中信兄弟,投手,player_value_score,62.1,61.4,-0.7,-0.7,changed,20260918T112310Z-8f8e01d8ec46,20260929T204833Z-5e0600df3416,2026-09-18T11:23:10+00:00,2026-09-29T20:48:33+00:00
0000004625,吳俊偉,中信兄弟,投手,strikeouts,9.0,9.0,0.0,0.0,unchanged,20260918T112310Z-8f8e01d8ec46,20260929T204833Z-5e0600df3416,2026-09-18T11:23:10+00:00,2026-09-29T20:48:33+00:00
0000004625,吳俊偉,中信兄弟,投手,whip,2.12,2.12,0.0,-0.0,unchanged,20260918T112310Z-8f8e01d8ec46,20260929T204833Z-5e0600df3416,2026-09-18T11:23:10+00:00,2026-09-29T20:48:33+00:00
0000003639,呂彥青,中信兄弟,投手,era,2.23,2.45,0.22,-0.22,changed,20260918T112310Z-8f8e01d8ec46,20260929T204833Z-5e0600df3416,2026-09-18T11:23:10+00:00,2026-09-29T20:48:33+00:00
0000003639,呂彥青,中信兄弟,投手,innings_pitched,44.333,47.667,3.334,3.334,changed,20260918T112310Z-8f8e01d8ec46,20260929T204833Z-5e0600df3416,2026-09-18T11:23:10+00:00,2026-09-29T20:48:33+00:00
0000003639,呂彥青,中信兄弟,投手,k_bb_ratio,3.89,4.11,0.22,0.22,changed,20260918T112310Z-8f8e01d8ec46,20260929T204833Z-5e0600df3416,2026-09-18T11:23:10+00:00,2026-09-29T20:48:33+00:00
0000003639,呂彥青,中信兄弟,投手,player_value_score,74.1,72.9,-1.2,-1.2,changed,20260918T112310Z-8f8e01d8ec46,20260929T204833Z-5e0600df3416,2026-09-18T11:23:10+00:00,2026-09-29T20:48:33+00:00
0000003639,呂彥青,中信兄弟,投手,strikeouts,35.0,37.0,2.0,2.0,changed,20260918T112310Z-8f8e01d8ec46,20260929T204833Z-5e0600df3416,2026-09-18T11:23:10+00:00,2026-09-29T20:48:33+00:00
0000003639,呂彥青,中信兄弟,投手,whip,0.9,0.9,0.0,-0.0,unchanged,20260918T112310Z-8f8e01d8ec46,20260929T204833Z-5e0600df3416,2026-09-18T11:23:10+00:00,2026-09-29T20:48:33+00:00
0000006815,大瀧幸治,中信兄弟,投手,era,,16.2,,,new,20260918T112310Z-8f8e01d8ec46,20260929T204833Z-5e0600df3416,2026-09-18T11:23:10+00:00,2026-09-29T20:48:33+00:00
0000006815,大瀧幸治,中信兄弟,投手,innings_pitched,,1.667,,,new,20260918T112310Z-8f8e01d8ec46,20260929T204833Z-5e0600df3416,2026-09-18T11:23:10+00:00,2026-09-29T20:48:33+00:00
0000006815,大瀧幸治,中信兄弟,投手,k_bb_ratio,,0.0,,,new,20260918T112310Z-8f8e01d8ec46,20260929T204833Z-5e0600df3416,2026-09-18T11:23:10+00:00,2026-09-29T20:48:33+00:00
0000006815,大瀧幸治,中信兄弟,投手,player_value_score,,43.6,,,new,20260918T112310Z-8f8e01d8ec46,20260929T204833Z-5e0600df3416,2026-09-18T11:23:10+00:00,2026-09-29T20:48:33+00:00
0000006815,大瀧幸治,中信兄弟,投手,strikeouts,,0.0,,,new,20260918T112310Z-8f8e01d8ec46,20260929T204833Z-5e0600df3416,2026-09-18T11:23:10+00:00,2026-09-29T20:48:33+00:00
0000006815,大瀧幸治,中信兄弟,投手,whip,,3.0,,,new,20260918T112310Z-8f8e01d8ec46,20260929T204833Z-5e0600df3416,2026-09-18T11:23:10+00:00,2026-09-29T20:48:33+00:00
0000006225,宋晟睿,中信兄弟,投手,era,0.0,0.0,0.0,-0.0,unchanged,20260918T112310Z-8f8e01d8ec46,20260929T204833Z-5e0600df3416,2026-09-18T11:23:10+00:00,2026-09-29T20:48:33+00:00
0000006225,宋晟睿,中信兄弟,投手,innings_pitched,1.0,1.0,0.0,0.0,unchanged,20260918T112310Z-8f8e01d8ec46,20260929T204833Z-5e0600df3416,2026-09-18T11:23:10+00:00,2026-09-29T20:48:33+00:00
0000006225,宋晟睿,中信兄弟,投手,k_bb_ratio,1.0,1.0,0.0,0.0,unchanged,20260918T112310Z-8f8e01d8ec46,20260929T204833Z-5e0600df3416,2026-09-18T11:23:10+00:00,2026-09-29T20:48:33+00:00
0000006225,宋晟睿,中信兄弟,投手,player_value_score,64.8,64.4,-0.4,-0.4,changed,20260918T112310Z-8f8e01d8ec46,20260929T204833Z-5e0600df3416,2026-09-18T11:23:10+00:00,2026-09-29T20:48:33+00:00
0000006225,宋晟睿,中信兄弟,投手,strikeouts,1.0,1.0,0.0,0.0,unchanged,20260918T112310Z-8f8e01d8ec46,20260929T204833Z-5e0600df3416,2026-09-18T11:23:10+00:00,2026-09-29T20:48:33+00:00
0000006225,宋晟睿,中信兄弟,投手,whip,1.0,1.0,0.0,-0.0,unchanged,20260918T112310Z-8f8e01d8ec46,20260929T204833Z-5e0600df3416,2026-09-18T11:23:10+00:00,2026-09-29T20:48:33+00:00
0000006006,德保拉,中信兄弟,投手,era,3.16,3.16,0.0,-0.0,unchanged,20260918T112310Z-8f8e01d8ec46,20260929T204833Z-5e0600df3416,2026-09-18T11:23:10+00:00,2026-09-29T20:48:33+00:00
0000006006,德保拉,中信兄弟,投手,innings_pitched,99.667,99.667,0.0,0.0,unchanged,20260918T112310Z-8f8e01d8ec46,20260929T204833Z-5e0600df3416,2026-09-18T11:23:10+00:00,2026-09-29T20:48:33+00:00
0000006006,德保拉,中信兄弟,投手,k_bb_ratio,5.5,5.5,0.0,0.0,unchanged,20260918T112310Z-8f8e01d8ec46,20260929T204833Z-5e0600df3416,2026-09-18T11:23:10+00:00,2026-09-29T20:48:33+00:00
0000006006,德保拉,中信兄弟,投手,player_value_score,74.1,72.1,-2.0,-2.0,changed,20260918T112310Z-8f8e01d8ec46,20260929T204833Z-5e0600df3416,2026-09-18T11:23:10+00:00,2026-09-29T20:48:33+00:00
0000006006,德保拉,中信兄弟,投手,strikeouts,55.0,55.0,0.0,0.0,unchanged,20260918T112310Z-8f8e01d8ec46,20260929T204833Z-5e0600df3416,2026-09-18T11:23:10+00:00,2026-09-29T20:48:33+00:00
0000006006,德保拉,中信兄弟,投手,whip,1.07,1.07,0.0,-0.0,unchanged,20260918T112310Z-8f8e01d8ec46,20260929T204833Z-5e0600df3416,2026-09-18T11:23:10+00:00,2026-09-29T20:48:33+00:00
0000006923,曾品洋,中信兄弟,投手,era,2.12,1.69,-0.43,0.43,changed,20260918T112310Z-8f8e01d8ec46,20260929T204833Z-5e0600df3416,2026-09-18T11:23:10+00:00,2026-09-29T20:48:33+00:00
0000006923,曾品洋,中信兄弟,投手,innings_pitched,17.0,21.333,4.333,4.333,changed,20260918T112310Z-8f8e01d8ec46,20260929T204833Z-5e0600df3416,2026-09-18T11:23:10+00:00,2026-09-29T20:48:33+00:00
0000006923,曾品洋,中信兄弟,投手,k_bb_ratio,1.09,1.14,0.05,0.05,changed,20260918T112310Z-8f8e01d8ec46,20260929T204833Z-5e0600df3416,2026-09-18T11:23:10+00:00,2026-09-29T20:48:33+00:00
0000006923,曾品洋,中信兄弟,投手,player_value_score,61.2,61.9,0.7,0.7,changed,20260918T112310Z-8f8e01d8ec46,20260929T204833Z-5e0600df3416,2026-09-18T11:23:10+00:00,2026-09-29T20:48:33+00:00
0000006923,曾品洋,中信兄弟,投手,strikeouts,12.0,16.0,4.0,4.0,changed,20260918T112310Z-8f8e01d8ec46,20260929T204833Z-5e0600df3416,2026-09-18T11:23:10+00:00,2026-09-29T20:48:33+00:00
0000006923,曾品洋,中信兄弟,投手,whip,1.82,1.64,-0.18,0.18,changed,20260918T112310Z-8f8e01d8ec46,20260929T204833Z-5e0600df3416,2026-09-18T11:23:10+00:00,2026-09-29T20:48:33+00:00
0000003331,李振昌,中信兄弟,投手,era,4.22,4.22,0.0,-0.0,unchanged,20260918T112310Z-8f8e01d8ec46,20260929T204833Z-5e0600df3416,2026-09-18T11:23:10+00:00,2026-09-29T20:48:33+00:00
0000003331,李振昌,中信兄弟,投手,innings_pitched,32.0,32.0,0.0,0.0,unchanged,20260918T112310Z-8f8e01d8ec46,20260929T204833Z-5e0600df3416,2026-09-18T11:23:10+00:00,2026-09-29T20:48:33+00:00
0000003331,李振昌,中信兄弟,投手,k_bb_ratio,2.2,2.2,0.0,0.0,unchanged,20260918T112310Z-8f8e01d8ec46,20260929T204833Z-5e0600df3416,2026-09-18T11:23:10+00:00,2026-09-29T20:48:33+00:00
0000003331,李振昌,中信兄弟,投手,player_value_score,66.6,65.8,-0.8,-0.8,changed,20260918T112310Z-8f8e01d8ec46,20260929T204833Z-5e0600df3416,2026-09-18T11:23:10+00:00,2026-09-29T20:48:33+00:00
0000003331,李振昌,中信兄弟,投手,strikeouts,22.0,22.0,0.0,0.0,unchanged,20260918T112310Z-8f8e01d8ec46,20260929T204833Z-5e0600df3416,2026-09-18T11:23:10+00:00,2026-09-29T20:48:33+00:00
0000003331,李振昌,中信兄弟,投手,whip,1.25,1.25,0.0,-0.0,unchanged,20260918T112310Z-8f8e01d8ec46,20260929T204833Z-5e0600df3416,2026-09-18T11:23:10+00:00,2026-09-29T20:48:33+00:00
0000007049,林暉盛,中信兄弟,投手,era,6.0,6.0,0.0,-0.0,unchanged,20260918T112310Z-8f8e01d8ec46,20260929T204833Z-5e0600df3416,2026-09-18T11:23:10+00:00,2026-09-29T20:48:33+00:00
0000007049,林暉盛,中信兄弟,投手,innings_pitched,3.0,3.0,0.0,0.0,unchanged,20260918T112310Z-8f8e01d8ec46,20260929T204833Z-5e0600df3416,2026-09-18T11:23:10+00:00,2026-09-29T20:48:33+00:00
0000007049,林暉盛,中信兄弟,投手,k_bb_ratio,0.5,0.5,0.0,0.0,unchanged,20260918T112310Z-8f8e01d8ec46,20260929T204833Z-5e0600df3416,2026-09-18T11:23:10+00:00,2026-09-29T20:48:33+00:00
0000007049,林暉盛,中信兄弟,投手,player_value_score,53.9,53.7,-0.2,-0.2,changed,20260918T112310Z-8f8e01d8ec46,20260929T204833Z-5e0600df3416,2026-09-18T11:23:10+00:00,2026-09-29T20:48:33+00:00
0000007049,林暉盛,中信兄弟,投手,strikeouts,2.0,2.0,0.0,0.0,unchanged,20260918T112310Z-8f8e01d8ec46,20260929T204833Z-5e0600df3416,2026-09-18T11:23:10+00:00,2026-09-29T20:48:33+00:00
0000007049,林暉盛,中信兄弟,投手,whip,2.0,2.0,0.0,-0.0,unchanged,20260918T112310Z-8f8e01d8ec46,20260929T204833Z-5e0600df3416,2026-09-18T11:23:10+00:00,2026-09-29T20:48:33+00:00
0000001232,江忠城,中信兄弟,投手,era,2.21,2.4,0.19,-0.19,changed,20260918T112310Z-8f8e01d8ec46,20260929T204833Z-5e0600df3416,2026-09-18T11:23:10+00:00,2026-09-29T20:48:33+00:00
0000001232,江忠城,中信兄弟,投手,innings_pitched,36.667,41.333,4.666,4.666,changed,20260918T112310Z-8f8e01d8ec46,20260929T204833Z-5e0600df3416,2026-09-18T11:23:10+00:00,2026-09-29T20:48:33+00:00
0000001232,江忠城,中信兄弟,投手,k_bb_ratio,1.33,1.44,0.11,0.11,changed,20260918T112310Z-8f8e01d8ec46,20260929T204833Z-5e0600df3416,2026-09-18T11:23:10+00:00,2026-09-29T20:48:33+00:00
0000001232,江忠城,中信兄弟,投手,player_value_score,63.0,63.5,0.5,0.5,changed,20260918T112310Z-8f8e01d8ec46,20260929T204833Z-5e0600df3416,2026-09-18T11:23:10+00:00,2026-09-29T20:48:33+00:00
0000001232,江忠城,中信兄弟,投手,strikeouts,20.0,26.0,6.0,6.0,changed,20260918T112310Z-8f8e01d8ec46,20260929T204833Z-5e0600df3416,2026-09-18T11:23:10+00:00,2026-09-29T20:48:33+00:00
0000001232,江忠城,中信兄弟,投手,whip,1.2,1.21,0.01,-0.01,changed,20260918T112310Z-8f8e01d8ec46,20260929T204833Z-5e0600df3416,2026-09-18T11:23:10+00:00,2026-09-29T20:48:33+00:00
0000007281,游竣宥,中信兄弟,投手,era,2.72,2.72,0.0,-0.0,unchanged,20260918T112310Z-8f8e01d8ec46,20260929T204833Z-5e0600df3416,2026-09-18T11:23:10+00:00,2026-09-29T20:48:33+00:00
0000007281,游竣宥,中信兄弟,投手,innings_pitched,36.333,36.333,0.0,0.0,unchanged,20260918T112310Z-8f8e01d8ec46,20260929T204833Z-5e0600df3416,2026-09-18T11:23:10+00:00,2026-09-29T20:48:33+00:00
0000007281,游竣宥,中信兄弟,投手,k_bb_ratio,0.82,0.82,0.0,0.0,unchanged,20260918T112310Z-8f8e01d8ec46,20260929T204833Z-5e0600df3416,2026-09-18T11:23:10+00:00,2026-09-29T20:48:33+00:00
0000007281,游竣宥,中信兄弟,投手,player_value_score,58.6,58.3,-0.3,-0.3,changed,20260918T112310Z-8f8e01d8ec46,20260929T204833Z-5e0600df3416,2026-09-18T11:23:10+00:00,2026-09-29T20:48:33+00:00
0000007281,游竣宥,中信兄弟,投手,strikeouts,14.0,14.0,0.0,0.0,unchanged,20260918T112310Z-8f8e01d8ec46,20260929T204833Z-5e0600df3416,2026-09-18T11:23:10+00:00,2026-09-29T20:48:33+00:00
0000007281,游竣宥,中信兄弟,投手,whip,1.62,1.62,0.0,-0.0,unchanged,20260918T112310Z-8f8e01d8ec46,20260929T204833Z-5e0600df3416,2026-09-18T11:23:10+00:00,2026-09-29T20:48:33+00:00
0000000776,王凱程,中信兄弟,投手,era,4.5,4.5,0.0,-0.0,unchanged,20260918T112310Z-8f8e01d8ec46,20260929T204833Z-5e0600df3416,2026-09-18T11:23:10+00:00,2026-09-29T20:48:33+00:00
0000000776,王凱程,中信兄弟,投手,innings_pitched,14.0,14.0,0.0,0.0,unchanged,20260918T112310Z-8f8e01d8ec46,20260929T204833Z-5e0600df3416,2026-09-18T11:23:10+00:00,2026-09-29T20:48:33+00:00
0000000776,王凱程,中信兄弟,投手,k_bb_ratio,4.0,4.0,0.0,0.0,unchanged,20260918T112310Z-8f8e01d8ec46,20260929T204833Z-5e0600df3416,2026-09-18T11:23:10+00:00,2026-09-29T20:48:33+00:00
0000000776,王凱程,中信兄弟,投手,player_value_score,66.4,65.0,-1.4,-1.4,changed,20260918T112310Z-8f8e01d8ec46,20260929T204833Z-5e0600df3416,2026-09-18T11:23:10+00:00,2026-09-29T20:48:33+00:00
0000000776,王凱程,中信兄弟,投手,strikeouts,4.0,4.0,0.0,0.0,unchanged,20260918T112310Z-8f8e01d8ec46,20260929T204833Z-5e0600df3416,2026-09-18T11:23:10+00:00,2026-09-29T20:48:33+00:00
0000000776,王凱程,中信兄弟,投手,whip,1.5,1.5,0.0,-0.0,unchanged,20260918T112310Z-8f8e01d8ec46,20260929T204833Z-5e0600df3416,2026-09-18T11:23:10+00:00,2026-09-29T20:48:33+00:00
0000006874,盧孟揚,中信兄弟,投手,era,8.44,8.44,0.0,-0.0,unchanged,20260918T112310Z-8f8e01d8ec46,20260929T204833Z-5e0600df3416,2026-09-18T11:23:10+00:00,2026-09-29T20:48:33+00:00
0000006874,盧孟揚,中信兄弟,投手,innings_pitched,5.333,5.333,0.0,0.0,unchanged,20260918T112310Z-8f8e01d8ec46,20260929T204833Z-5e0600df3416,2026-09-18T11:23:10+00:00,2026-09-29T20:48:33+00:00
0000006874,盧孟揚,中信兄弟,投手,k_bb_ratio,0.6,0.6,0.0,0.0,unchanged,20260918T112310Z-8f8e01d8ec46,20260929T204833Z-5e0600df3416,2026-09-18T11:23:10+00:00,2026-09-29T20:48:33+00:00
0000006874,盧孟揚,中信兄弟,投手,player_value_score,55.0,54.8,-0.2,-0.2,changed,20260918T112310Z-8f8e01d8ec46,20260929T204833Z-5e0600df3416,2026-09-18T11:23:10+00:00,2026-09-29T20:48:33+00:00
0000006874,盧孟揚,中信兄弟,投手,strikeouts,3.0,3.0,0.0,0.0,unchanged,20260918T112310Z-8f8e01d8ec46,20260929T204833Z-5e0600df3416,2026-09-18T11:23:10+00:00,2026-09-29T20:48:33+00:00
0000006874,盧孟揚,中信兄弟,投手,whip,1.88,1.88,0.0,-0.0,unchanged,20260918T112310Z-8f8e01d8ec46,20260929T204833Z-5e0600df3416,2026-09-18T11:23:10+00:00,2026-09-29T20:48:33+00:00
0000005151,羅戈,中信兄弟,投手,era,3.11,3.43,0.32,-0.32,changed,20260918T112310Z-8f8e01d8ec46,20260929T204833Z-5e0600df3416,2026-09-18T11:23:10+00:00,2026-09-29T20:48:33+00:00
0000005151,羅戈,中信兄弟,投手,innings_pitched,136.0,147.0,11.0,11.0,changed,20260918T112310Z-8f8e01d8ec46,20260929T204833Z-5e0600df3416,2026-09-18T11:23:10+00:00,2026-09-29T20:48:33+00:00
0000005151,羅戈,中信兄弟,投手,k_bb_ratio,2.88,2.68,-0.2,-0.2,changed,20260918T112310Z-8f8e01d8ec46,20260929T204833Z-5e0600df3416,2026-09-18T11:23:10+00:00,2026-09-29T20:48:33+00:00
0000005151,羅戈,中信兄弟,投手,player_value_score,69.4,67.3,-2.1,-2.1,changed,20260918T112310Z-8f8e01d8ec46,20260929T204833Z-5e0600df3416,2026-09-18T11:23:10+00:00,2026-09-29T20:48:33+00:00
0000005151,羅戈,中信兄弟,投手,strikeouts,95.0,99.0,4.0,4.0,changed,20260918T112310Z-8f8e01d8ec46,20260929T204833Z-5e0600df3416,2026-09-18T11:23:10+00:00,2026-09-29T20:48:33+00:00
0000005151,羅戈,中信兄弟,投手,whip,1.15,1.21,0.06,-0.06,changed,20260918T112310Z-8f8e01d8ec46,20260929T204833Z-5e0600df3416,2026-09-18T11:23:10+00:00,2026-09-29T20:48:33+00:00
0000007560,菲力士,中信兄弟,投手,era,4.14,3.9,-0.24,0.24,changed,20260918T112310Z-8f8e01d8ec46,20260929T204833Z-5e0600df3416,2026-09-18T11:23:10+00:00,2026-09-29T20:48:33+00:00
0000007560,菲力士,中信兄弟,投手,innings_pitched,50.0,62.333,12.333,12.333,changed,20260918T112310Z-8f8e01d8ec46,20260929T204833Z-5e0600df3416,2026-09-18T11:23:10+00:00,2026-09-29T20:48:33+00:00
0000007560,菲力士,中信兄弟,投手,k_bb_ratio,1.62,1.55,-0.07,-0.07,changed,20260918T112310Z-8f8e01d8ec46,20260929T204833Z-5e0600df3416,2026-09-18T11:23:10+00:00,2026-09-29T20:48:33+00:00
0000007560,菲力士,中信兄弟,投手,player_value_score,64.8,63.6,-1.2,-1.2,changed,20260918T112310Z-8f8e01d8ec46,20260929T204833Z-5e0600df3416,2026-09-18T11:23:10+00:00,2026-09-29T20:48:33+00:00
0000007560,菲力士,中信兄弟,投手,strikeouts,42.0,48.0,6.0,6.0,changed,20260918T112310Z-8f8e01d8ec46,20260929T204833Z-5e0600df3416,2026-09-18T11:23:10+00:00,2026-09-29T20:48:33+00:00
0000007560,菲力士,中信兄弟,投手,whip,1.54,1.51,-0.03,0.03,changed,20260918T112310Z-8f8e01d8ec46,20260929T204833Z-5e0600df3416,2026-09-18T11:23:10+00:00,2026-09-29T20:48:33+00:00
0000000778,蔡齊哲,中信兄弟,投手,era,2.97,2.91,-0.06,0.06,changed,20260918T112310Z-8f8e01d8ec46,20260929T204833Z-5e0600df3416,2026-09-18T11:23:10+00:00,2026-09-29T20:48:33+00:00
0000000778,蔡齊哲,中信兄弟,投手,innings_pitched,30.333,34.0,3.667,3.667,changed,20260918T112310Z-8f8e01d8ec46,20260929T204833Z-5e0600df3416,2026-09-18T11:23:10+00:00,2026-09-29T20:48:33+00:00
0000000778,蔡齊哲,中信兄弟,投手,k_bb_ratio,1.0,1.0,0.0,0.0,unchanged,20260918T112310Z-8f8e01d8ec46,20260929T204833Z-5e0600df3416,2026-09-18T11:23:10+00:00,2026-09-29T20:48:33+00:00
0000000778,蔡齊哲,中信兄弟,投手,player_value_score,61.0,60.4,-0.6,-0.6,changed,20260918T112310Z-8f8e01d8ec46,20260929T204833Z-5e0600df3416,2026-09-18T11:23:10+00:00,2026-09-29T20:48:33+00:00
0000000778,蔡齊哲,中信兄弟,投手,strikeouts,15.0,16.0,1.0,1.0,changed,20260918T112310Z-8f8e01d8ec46,20260929T204833Z-5e0600df3416,2026-09-18T11:23:10+00:00,2026-09-29T20:48:33+00:00
0000000778,蔡齊哲,中信兄弟,投手,whip,1.22,1.26,0.04,-0.04,changed,20260918T112310Z-8f8e01d8ec46,20260929T204833Z-5e0600df3416,2026-09-18T11:23:10+00:00,2026-09-29T20:48:33+00:00
0000003506,謝榮豪,中信兄弟,投手,era,7.45,7.45,0.0,-0.0,unchanged,20260918T112310Z-8f8e01d8ec46,20260929T204833Z-5e0600df3416,2026-09-18T11:23:10+00:00,2026-09-29T20:48:33+00:00
0000003506,謝榮豪,中信兄弟,投手,innings_pitched,9.667,9.667,0.0,0.0,unchanged,20260918T112310Z-8f8e01d8ec46,20260929T204833Z-5e0600df3416,2026-09-18T11:23:10+00:00,2026-09-29T20:48:33+00:00
0000003506,謝榮豪,中信兄弟,投手,k_bb_ratio,0.43,0.43,0.0,0.0,unchanged,20260918T112310Z-8f8e01d8ec46,20260929T204833Z-5e0600df3416,2026-09-18T11:23:10+00:00,2026-09-29T20:48:33+00:00
0000003506,謝榮豪,中信兄弟,投手,player_value_score,53.9,53.8,-0.1,-0.1,changed,20260918T112310Z-8f8e01d8ec46,20260929T204833Z-5e0600df3416,2026-09-18T11:23:10+00:00,2026-09-29T20:48:33+00:00
0000003506,謝榮豪,中信兄弟,投手,strikeouts,3.0,3.0,0.0,0.0,unchanged,20260918T112310Z-8f8e01d8ec46,20260929T204833Z-5e0600df3416,2026-09-18T11:23:10+00:00,2026-09-29T20:48:33+00:00
0000003506,謝榮豪,中信兄弟,投手,whip,1.76,1.76,0.0,-0.0,unchanged,20260918T112310Z-8f8e01d8ec46,20260929T204833Z-5e0600df3416,2026-09-18T11:23:10+00:00,2026-09-29T20:48:33+00:00
0000007279,鄧朝駿,中信兄弟,投手,era,13.5,13.5,0.0,-0.0,unchanged,20260918T112310Z-8f8e01d8ec46,20260929T204833Z-5e0600df3416,2026-09-18T11:23:10+00:00,2026-09-29T20:48:33+00:00
0000007279,鄧朝駿,中信兄弟,投手,innings_pitched,2.0,2.0,0.0,0.0,unchanged,20260918T112310Z-8f8e01d8ec46,20260929T204833Z-5e0600df3416,2026-09-18T11:23:10+00:00,2026-09-29T20:48:33+00:00
0000007279,鄧朝駿,中信兄弟,投手,k_bb_ratio,1.0,1.0,0.0,0.0,unchanged,20260918T112310Z-8f8e01d8ec46,20260929T204833Z-5e0600df3416,2026-09-18T11:23:10+00:00,2026-09-29T20:48:33+00:00
0000007279,鄧朝駿,中信兄弟,投手,player_value_score,55.1,54.8,-0.3,-0.3,changed,20260918T112310Z-8f8e01d8ec46,20260929T204833Z-5e0600df3416,2026-09-18T11:23:10+00:00,2026-09-29T20:48:33+00:00
0000007279,鄧朝駿,中信兄弟,投手,strikeouts,1.0,1.0,0.0,0.0,unchanged,20260918T112310Z-8f8e01d8ec46,20260929T204833Z-5e0600df3416,2026-09-18T11:23:10+00:00,2026-09-29T20:48:33+00:00
0000007279,鄧朝駿,中信兄弟,投手,whip,2.5,2.5,0.0,-0.0,unchanged,20260918T112310Z-8f8e01d8ec46,20260929T204833Z-5e0600df3416,2026-09-18T11:23:10+00:00,2026-09-29T20:48:33+00:00
0000003334,鄭凱文,中信兄弟,投手,era,0.0,1.5,1.5,-1.5,changed,20260918T112310Z-8f8e01d8ec46,20260929T204833Z-5e0600df3416,2026-09-18T11:23:10+00:00,2026-09-29T20:48:33+00:00
0000003334,鄭凱文,中信兄弟,投手,innings_pitched,3.0,6.0,3.0,3.0,changed,20260918T112310Z-8f8e01d8ec46,20260929T204833Z-5e0600df3416,2026-09-18T11:23:10+00:00,2026-09-29T20:48:33+00:00
0000003334,鄭凱文,中信兄弟,投手,k_bb_ratio,2.0,1.5,-0.5,-0.5,changed,20260918T112310Z-8f8e01d8ec46,20260929T204833Z-5e0600df3416,2026-09-18T11:23:10+00:00,2026-09-29T20:48:33+00:00
0000003334,鄭凱文,中信兄弟,投手,player_value_score,66.9,62.8,-4.1,-4.1,changed,20260918T112310Z-8f8e01d8ec46,20260929T204833Z-5e0600df3416,2026-09-18T11:23:10+00:00,2026-09-29T20:48:33+00:00
0000003334,鄭凱文,中信兄弟,投手,strikeouts,2.0,3.0,1.0,1.0,changed,20260918T112310Z-8f8e01d8ec46,20260929T204833Z-5e0600df3416,2026-09-18T11:23:10+00:00,2026-09-29T20:48:33+00:00
0000003334,鄭凱文,中信兄弟,投手,whip,1.33,1.33,0.0,-0.0,unchanged,20260918T112310Z-8f8e01d8ec46,20260929T204833Z-5e0600df3416,2026-09-18T11:23:10+00:00,2026-09-29T20:48:33+00:00
0000002345,鄭浩均,中信兄弟,投手,era,6.05,5.61,-0.44,0.44,changed,20260918T112310Z-8f8e01d8ec46,20260929T204833Z-5e0600df3416,2026-09-18T11:23:10+00:00,2026-09-29T20:48:33+00:00
0000002345,鄭浩均,中信兄弟,投手,innings_pitched,80.333,93.0,12.667,12.667,changed,20260918T112310Z-8f8e01d8ec46,20260929T204833Z-5e0600df3416,2026-09-18T11:23:10+00:00,2026-09-29T20:48:33+00:00
0000002345,鄭浩均,中信兄弟,投手,k_bb_ratio,2.03,2.03,0.0,0.0,unchanged,20260918T112310Z-8f8e01d8ec46,20260929T204833Z-5e0600df3416,2026-09-18T11:23:10+00:00,2026-09-29T20:48:33+00:00
0000002345,鄭浩均,中信兄弟,投手,player_value_score,66.0,65.5,-0.5,-0.5,changed,20260918T112310Z-8f8e01d8ec46,20260929T204833Z-5e0600df3416,2026-09-18T11:23:10+00:00,2026-09-29T20:48:33+00:00
0000002345,鄭浩均,中信兄弟,投手,strikeouts,63.0,73.0,10.0,10.0,changed,20260918T112310Z-8f8e01d8ec46,20260929T204833Z-5e0600df3416,2026-09-18T11:23:10+00:00,2026-09-29T20:48:33+00:00
0000002345,鄭浩均,中信兄弟,投手,whip,1.37,1.33,-0.04,0.04,changed,20260918T112310Z-8f8e01d8ec46,20260929T204833Z-5e0600df3416,2026-09-18T11:23:10+00:00,2026-09-29T20:48:33+00:00
0000007622,錢可倫,中信兄弟,投手,era,8.1,8.1,0.0,-0.0,unchanged,20260918T112310Z-8f8e01d8ec46,20260929T204833Z-5e0600df3416,2026-09-18T11:23:10+00:00,2026-09-29T20:48:33+00:00
0000007622,錢可倫,中信兄弟,投手,innings_pitched,10.0,10.0,0.0,0.0,unchanged,20260918T112310Z-8f8e01d8ec46,20260929T204833Z-5e0600df3416,2026-09-18T11:23:10+00:00,2026-09-29T20:48:33+00:00
0000007622,錢可倫,中信兄弟,投手,k_bb_ratio,1.75,1.75,0.0,0.0,unchanged,20260918T112310Z-8f8e01d8ec46,20260929T204833Z-5e0600df3416,2026-09-18T11:23:10+00:00,2026-09-29T20:48:33+00:00
0000007622,錢可倫,中信兄弟,投手,player_value_score,62.2,61.6,-0.6,-0.6,changed,20260918T112310Z-8f8e01d8ec46,20260929T204833Z-5e0600df3416,2026-09-18T11:23:10+00:00,2026-09-29T20:48:33+00:00
0000007622,錢可倫,中信兄弟,投手,strikeouts,7.0,7.0,0.0,0.0,unchanged,20260918T112310Z-8f8e01d8ec46,20260929T204833Z-5e0600df3416,2026-09-18T11:23:10+00:00,2026-09-29T20:48:33+00:00
0000007622,錢可倫,中信兄弟,投手,whip,1.8,1.8,0.0,-0.0,unchanged,20260918T112310Z-8f8e01d8ec46,20260929T204833Z-5e0600df3416,2026-09-18T11:23:10+00:00,2026-09-29T20:48:33+00:00
0000007283,陳冠穎,中信兄弟,投手,era,1.04,1.04,0.0,-0.0,unchanged,20260918T112310Z-8f8e01d8ec46,20260929T204833Z-5e0600df3416,2026-09-18T11:23:10+00:00,2026-09-29T20:48:33+00:00
0000007283,陳冠穎,中信兄弟,投手,innings_pitched,8.667,8.667,0.0,0.0,unchanged,20260918T112310Z-8f8e01d8ec46,20260929T204833Z-5e0600df3416,2026-09-18T11:23:10+00:00,2026-09-29T20:48:33+00:00
0000007283,陳冠穎,中信兄弟,投手,k_bb_ratio,1.75,1.75,0.0,0.0,unchanged,20260918T112310Z-8f8e01d8ec46,20260929T204833Z-5e0600df3416,2026-09-18T11:23:10+00:00,2026-09-29T20:48:33+00:00
0000007283,陳冠穎,中信兄弟,投手,player_value_score,67.8,67.1,-0.7,-0.7,changed,20260918T112310Z-8f8e01d8ec46,20260929T204833Z-5e0600df3416,2026-09-18T11:23:10+00:00,2026-09-29T20:48:33+00:00
0000007283,陳冠穎,中信兄弟,投手,strikeouts,7.0,7.0,0.0,0.0,unchanged,20260918T112310Z-8f8e01d8ec46,20260929T204833Z-5e0600df3416,2026-09-18T11:23:10+00:00,2026-09-29T20:48:33+00:00
0000007283,陳冠穎,中信兄弟,投手,whip,1.04,1.04,0.0,-0.0,unchanged,20260918T112310Z-8f8e01d8ec46,20260929T204833Z-5e0600df3416,2026-09-18T11:23:10+00:00,2026-09-29T20:48:33+00:00
0000006875,陳柏均,中信兄弟,投手,era,0.0,0.0,0.0,-0.0,unchanged,20260918T112310Z-8f8e01d8ec46,20260929T204833Z-5e0600df3416,2026-09-18T11:23:10+00:00,2026-09-29T20:48:33+00:00
0000006875,陳柏均,中信兄弟,投手,innings_pitched,1.0,1.0,0.0,0.0,unchanged,20260918T112310Z-8f8e01d8ec46,20260929T204833Z-5e0600df3416,2026-09-18T11:23:10+00:00,2026-09-29T20:48:33+00:00
0000006875,陳柏均,中信兄弟,投手,k_bb_ratio,2.0,2.0,0.0,0.0,unchanged,20260918T112310Z-8f8e01d8ec46,20260929T204833Z-5e0600df3416,2026-09-18T11:23:10+00:00,2026-09-29T20:48:33+00:00
0000006875,陳柏均,中信兄弟,投手,player_value_score,73.6,72.8,-0.8,-0.8,changed,20260918T112310Z-8f8e01d8ec46,20260929T204833Z-5e0600df3416,2026-09-18T11:23:10+00:00,2026-09-29T20:48:33+00:00
0000006875,陳柏均,中信兄弟,投手,strikeouts,2.0,2.0,0.0,0.0,unchanged,20260918T112310Z-8f8e01d8ec46,20260929T204833Z-5e0600df3416,2026-09-18T11:23:10+00:00,2026-09-29T20:48:33+00:00
0000006875,陳柏均,中信兄弟,投手,whip,2.0,2.0,0.0,-0.0,unchanged,20260918T112310Z-8f8e01d8ec46,20260929T204833Z-5e0600df3416,2026-09-18T11:23:10+00:00,2026-09-29T20:48:33+00:00
0000000771,陳琥,中信兄弟,投手,era,2.91,2.86,-0.05,0.05,changed,20260918T112310Z-8f8e01d8ec46,20260929T204833Z-5e0600df3416,2026-09-18T11:23:10+00:00,2026-09-29T20:48:33+00:00
0000000771,陳琥,中信兄弟,投手,innings_pitched,46.333,50.333,4.0,4.0,changed,20260918T112310Z-8f8e01d8ec46,20260929T204833Z-5e0600df3416,2026-09-18T11:23:10+00:00,2026-09-29T20:48:33+00:00
0000000771,陳琥,中信兄弟,投手,k_bb_ratio,1.48,1.5,0.02,0.02,changed,20260918T112310Z-8f8e01d8ec46,20260929T204833Z-5e0600df3416,2026-09-18T11:23:10+00:00,2026-09-29T20:48:33+00:00
0000000771,陳琥,中信兄弟,投手,player_value_score,64.1,63.4,-0.7,-0.7,changed,20260918T112310Z-8f8e01d8ec46,20260929T204833Z-5e0600df3416,2026-09-18T11:23:10+00:00,2026-09-29T20:48:33+00:00
0000000771,陳琥,中信兄弟,投手,strikeouts,34.0,36.0,2.0,2.0,changed,20260918T112310Z-8f8e01d8ec46,20260929T204833Z-5e0600df3416,2026-09-18T11:23:10+00:00,2026-09-29T20:48:33+00:00
0000000771,陳琥,中信兄弟,投手,whip,1.45,1.47,0.02,-0.02,changed,20260918T112310Z-8f8e01d8ec46,20260929T204833Z-5e0600df3416,2026-09-18T11:23:10+00:00,2026-09-29T20:48:33+00:00
0000005572,魏碩成,中信兄弟,投手,era,5.76,5.76,0.0,-0.0,unchanged,20260918T112310Z-8f8e01d8ec46,20260929T204833Z-5e0600df3416,2026-09-18T11:23:10+00:00,2026-09-29T20:48:33+00:00
0000005572,魏碩成,中信兄弟,投手,innings_pitched,25.0,25.0,0.0,0.0,unchanged,20260918T112310Z-8f8e01d8ec46,20260929T204833Z-5e0600df3416,2026-09-18T11:23:10+00:00,2026-09-29T20:48:33+00:00
0000005572,魏碩成,中信兄弟,投手,k_bb_ratio,0.56,0.56,0.0,0.0,unchanged,20260918T112310Z-8f8e01d8ec46,20260929T204833Z-5e0600df3416,2026-09-18T11:23:10+00:00,2026-09-29T20:48:33+00:00
0000005572,魏碩成,中信兄弟,投手,player_value_score,55.4,55.2,-0.2,-0.2,changed,20260918T112310Z-8f8e01d8ec46,20260929T204833Z-5e0600df3416,2026-09-18T11:23:10+00:00,2026-09-29T20:48:33+00:00
0000005572,魏碩成,中信兄弟,投手,strikeouts,10.0,10.0,0.0,0.0,unchanged,20260918T112310Z-8f8e01d8ec46,20260929T204833Z-5e0600df3416,2026-09-18T11:23:10+00:00,2026-09-29T20:48:33+00:00
0000005572,魏碩成,中信兄弟,投手,whip,1.8,1.8,0.0,-0.0,unchanged,20260918T112310Z-8f8e01d8ec46,20260929T204833Z-5e0600df3416,2026-09-18T11:23:10+00:00,2026-09-29T20:48:33+00:00
PIT6D45A79,黎克,中信兄弟,投手,era,4.91,4.91,0.0,-0.0,unchanged,20260918T112310Z-8f8e01d8ec46,20260929T204833Z-5e0600df3416,2026-09-18T11:23:10+00:00,2026-09-29T20:48:33+00:00
PIT6D45A79,黎克,中信兄弟,投手,innings_pitched,29.333,29.333,0.0,0.0,unchanged,20260918T112310Z-8f8e01d8ec46,20260929T204833Z-5e0600df3416,2026-09-18T11:23:10+00:00,2026-09-29T20:48:33+00:00
PIT6D45A79,黎克,中信兄弟,投手,k_bb_ratio,1.33,1.33,0.0,0.0,unchanged,20260918T112310Z-8f8e01d8ec46,20260929T204833Z-5e0600df3416,2026-09-18T11:23:10+00:00,2026-09-29T20:48:33+00:00
PIT6D45A79,黎克,中信兄弟,投手,player_value_score,61.8,61.3,-0.5,-0.5,changed,20260918T112310Z-8f8e01d8ec46,20260929T204833Z-5e0600df3416,2026-09-18T11:23:10+00:00,2026-09-29T20:48:33+00:00
PIT6D45A79,黎克,中信兄弟,投手,strikeouts,20.0,20.0,0.0,0.0,unchanged,20260918T112310Z-8f8e01d8ec46,20260929T204833Z-5e0600df3416,2026-09-18T11:23:10+00:00,2026-09-29T20:48:33+00:00
PIT6D45A79,黎克,中信兄弟,投手,whip,1.7,1.7,0.0,-0.0,unchanged,20260918T112310Z-8f8e01d8ec46,20260929T204833Z-5e0600df3416,2026-09-18T11:23:10+00:00,2026-09-29T20:48:33+00:00
0000006921,伍祐城,台鋼雄鷹,投手,era,2.53,3.75,1.22,-1.22,changed,20260918T112310Z-8f8e01d8ec46,20260929T204833Z-5e0600df3416,2026-09-18T11:23:10+00:00,2026-09-29T20:48:33+00:00
0000006921,伍祐城,台鋼雄鷹,投手,innings_pitched,10.667,12.0,1.333,1.333,changed,20260918T112310Z-8f8e01d8ec46,20260929T204833Z-5e0600df3416,2026-09-18T11:23:10+00:00,2026-09-29T20:48:33+00:00
0000006921,伍祐城,台鋼雄鷹,投手,k_bb_ratio,0.83,0.67,-0.16,-0.16,changed,20260918T112310Z-8f8e01d8ec46,20260929T204833Z-5e0600df3416,2026-09-18T11:23:10+00:00,2026-09-29T20:48:33+00:00
0000006921,伍祐城,台鋼雄鷹,投手,player_value_score,59.5,57.0,-2.5,-2.5,changed,20260918T112310Z-8f8e01d8ec46,20260929T204833Z-5e0600df3416,2026-09-18T11:23:10+00:00,2026-09-29T20:48:33+00:00
0000006921,伍祐城,台鋼雄鷹,投手,strikeouts,5.0,6.0,1.0,1.0,changed,20260918T112310Z-8f8e01d8ec46,20260929T204833Z-5e0600df3416,2026-09-18T11:23:10+00:00,2026-09-29T20:48:33+00:00
0000006921,伍祐城,台鋼雄鷹,投手,whip,1.41,1.67,0.26,-0.26,changed,20260918T112310Z-8f8e01d8ec46,20260929T204833Z-5e0600df3416,2026-09-18T11:23:10+00:00,2026-09-29T20:48:33+00:00
0000007570,坎南,台鋼雄鷹,投手,era,2.64,2.59,-0.05,0.05,changed,20260918T112310Z-8f8e01d8ec46,20260929T204833Z-5e0600df3416,2026-09-18T11:23:10+00:00,2026-09-29T20:48:33+00:00
0000007570,坎南,台鋼雄鷹,投手,innings_pitched,102.333,111.0,8.667,8.667,changed,20260918T112310Z-8f8e01d8ec46,20260929T204833Z-5e0600df3416,2026-09-18T11:23:10+00:00,2026-09-29T20:48:33+00:00
0000007570,坎南,台鋼雄鷹,投手,k_bb_ratio,4.12,3.57,-0.55,-0.55,changed,20260918T112310Z-8f8e01d8ec46,20260929T204833Z-5e0600df3416,2026-09-18T11:23:10+00:00,2026-09-29T20:48:33+00:00
0000007570,坎南,台鋼雄鷹,投手,player_value_score,72.3,69.7,-2.6,-2.6,changed,20260918T112310Z-8f8e01d8ec46,20260929T204833Z-5e0600df3416,2026-09-18T11:23:10+00:00,2026-09-29T20:48:33+00:00
0000007570,坎南,台鋼雄鷹,投手,strikeouts,70.0,75.0,5.0,5.0,changed,20260918T112310Z-8f8e01d8ec46,20260929T204833Z-5e0600df3416,2026-09-18T11:23:10+00:00,2026-09-29T20:48:33+00:00
0000007570,坎南,台鋼雄鷹,投手,whip,1.16,1.14,-0.02,0.02,changed,20260918T112310Z-8f8e01d8ec46,20260929T204833Z-5e0600df3416,2026-09-18T11:23:10+00:00,2026-09-29T20:48:33+00:00
0000007836,威鳳山,台鋼雄鷹,投手,era,1.64,3.71,2.07,-2.07,changed,20260918T112310Z-8f8e01d8ec46,20260929T204833Z-5e0600df3416,2026-09-18T11:23:10+00:00,2026-09-29T20:48:33+00:00
0000007836,威鳳山,台鋼雄鷹,投手,innings_pitched,11.0,17.0,6.0,6.0,changed,20260918T112310Z-8f8e01d8ec46,20260929T204833Z-5e0600df3416,2026-09-18T11:23:10+00:00,2026-09-29T20:48:33+00:00
0000007836,威鳳山,台鋼雄鷹,投手,k_bb_ratio,0.0,6.5,6.5,6.5,changed,20260918T112310Z-8f8e01d8ec46,20260929T204833Z-5e0600df3416,2026-09-18T11:23:10+00:00,2026-09-29T20:48:33+00:00
0000007836,威鳳山,台鋼雄鷹,投手,player_value_score,65.3,74.7,9.4,9.4,changed,20260918T112310Z-8f8e01d8ec46,20260929T204833Z-5e0600df3416,2026-09-18T11:23:10+00:00,2026-09-29T20:48:33+00:00
0000007836,威鳳山,台鋼雄鷹,投手,strikeouts,7.0,13.0,6.0,6.0,changed,20260918T112310Z-8f8e01d8ec46,20260929T204833Z-5e0600df3416,2026-09-18T11:23:10+00:00,2026-09-29T20:48:33+00:00
0000007836,威鳳山,台鋼雄鷹,投手,whip,0.91,1.35,0.44,-0.44,changed,20260918T112310Z-8f8e01d8ec46,20260929T204833Z-5e0600df3416,2026-09-18T11:23:10+00:00,2026-09-29T20:48:33+00:00
0000007066,巫柏葳,台鋼雄鷹,投手,era,27.0,21.6,-5.4,5.4,changed,20260918T112310Z-8f8e01d8ec46,20260929T204833Z-5e0600df3416,2026-09-18T11:23:10+00:00,2026-09-29T20:48:33+00:00
0000007066,巫柏葳,台鋼雄鷹,投手,innings_pitched,0.667,1.667,1.0,1.0,changed,20260918T112310Z-8f8e01d8ec46,20260929T204833Z-5e0600df3416,2026-09-18T11:23:10+00:00,2026-09-29T20:48:33+00:00
0000007066,巫柏葳,台鋼雄鷹,投手,k_bb_ratio,0.0,0.0,0.0,0.0,unchanged,20260918T112310Z-8f8e01d8ec46,20260929T204833Z-5e0600df3416,2026-09-18T11:23:10+00:00,2026-09-29T20:48:33+00:00
0000007066,巫柏葳,台鋼雄鷹,投手,player_value_score,47.0,45.3,-1.7,-1.7,changed,20260918T112310Z-8f8e01d8ec46,20260929T204833Z-5e0600df3416,2026-09-18T11:23:10+00:00,2026-09-29T20:48:33+00:00
0000007066,巫柏葳,台鋼雄鷹,投手,strikeouts,0.0,0.0,0.0,0.0,unchanged,20260918T112310Z-8f8e01d8ec46,20260929T204833Z-5e0600df3416,2026-09-18T11:23:10+00:00,2026-09-29T20:48:33+00:00
0000007066,巫柏葳,台鋼雄鷹,投手,whip,3.0,3.0,0.0,-0.0,unchanged,20260918T112310Z-8f8e01d8ec46,20260929T204833Z-5e0600df3416,2026-09-18T11:23:10+00:00,2026-09-29T20:48:33+00:00
0000002281,廖乙忠,台鋼雄鷹,投手,era,6.0,6.94,0.94,-0.94,changed,20260918T112310Z-8f8e01d8ec46,20260929T204833Z-5e0600df3416,2026-09-18T11:23:10+00:00,2026-09-29T20:48:33+00:00
0000002281,廖乙忠,台鋼雄鷹,投手,innings_pitched,6.0,11.667,5.667,5.667,changed,20260918T112310Z-8f8e01d8ec46,20260929T204833Z-5e0600df3416,2026-09-18T11:23:10+00:00,2026-09-29T20:48:33+00:00
0000002281,廖乙忠,台鋼雄鷹,投手,k_bb_ratio,4.0,3.5,-0.5,-0.5,changed,20260918T112310Z-8f8e01d8ec46,20260929T204833Z-5e0600df3416,2026-09-18T11:23:10+00:00,2026-09-29T20:48:33+00:00
0000002281,廖乙忠,台鋼雄鷹,投手,player_value_score,69.6,66.5,-3.1,-3.1,changed,20260918T112310Z-8f8e01d8ec46,20260929T204833Z-5e0600df3416,2026-09-18T11:23:10+00:00,2026-09-29T20:48:33+00:00
0000002281,廖乙忠,台鋼雄鷹,投手,strikeouts,4.0,7.0,3.0,3.0,changed,20260918T112310Z-8f8e01d8ec46,20260929T204833Z-5e0600df3416,2026-09-18T11:23:10+00:00,2026-09-29T20:48:33+00:00
0000002281,廖乙忠,台鋼雄鷹,投手,whip,1.5,1.46,-0.04,0.04,changed,20260918T112310Z-8f8e01d8ec46,20260929T204833Z-5e0600df3416,2026-09-18T11:23:10+00:00,2026-09-29T20:48:33+00:00
0000007069,張誠恩,台鋼雄鷹,投手,era,0.0,3.24,3.24,-3.24,changed,20260918T112310Z-8f8e01d8ec46,20260929T204833Z-5e0600df3416,2026-09-18T11:23:10+00:00,2026-09-29T20:48:33+00:00
0000007069,張誠恩,台鋼雄鷹,投手,innings_pitched,4.0,8.333,4.333,4.333,changed,20260918T112310Z-8f8e01d8ec46,20260929T204833Z-5e0600df3416,2026-09-18T11:23:10+00:00,2026-09-29T20:48:33+00:00
0000007069,張誠恩,台鋼雄鷹,投手,k_bb_ratio,1.0,0.4,-0.6,-0.6,changed,20260918T112310Z-8f8e01d8ec46,20260929T204833Z-5e0600df3416,2026-09-18T11:23:10+00:00,2026-09-29T20:48:33+00:00
0000007069,張誠恩,台鋼雄鷹,投手,player_value_score,61.6,55.6,-6.0,-6.0,changed,20260918T112310Z-8f8e01d8ec46,20260929T204833Z-5e0600df3416,2026-09-18T11:23:10+00:00,2026-09-29T20:48:33+00:00
0000007069,張誠恩,台鋼雄鷹,投手,strikeouts,1.0,2.0,1.0,1.0,changed,20260918T112310Z-8f8e01d8ec46,20260929T204833Z-5e0600df3416,2026-09-18T11:23:10+00:00,2026-09-29T20:48:33+00:00
0000007069,張誠恩,台鋼雄鷹,投手,whip,0.75,1.32,0.57,-0.57,changed,20260918T112310Z-8f8e01d8ec46,20260929T204833Z-5e0600df3416,2026-09-18T11:23:10+00:00,2026-09-29T20:48:33+00:00
0000006507,後勁,台鋼雄鷹,投手,era,4.74,4.74,0.0,-0.0,unchanged,20260918T112310Z-8f8e01d8ec46,20260929T204833Z-5e0600df3416,2026-09-18T11:23:10+00:00,2026-09-29T20:48:33+00:00
0000006507,後勁,台鋼雄鷹,投手,innings_pitched,95.0,95.0,0.0,0.0,unchanged,20260918T112310Z-8f8e01d8ec46,20260929T204833Z-5e0600df3416,2026-09-18T11:23:10+00:00,2026-09-29T20:48:33+00:00
0000006507,後勁,台鋼雄鷹,投手,k_bb_ratio,1.6,1.6,0.0,0.0,unchanged,20260918T112310Z-8f8e01d8ec46,20260929T204833Z-5e0600df3416,2026-09-18T11:23:10+00:00,2026-09-29T20:48:33+00:00
0000006507,後勁,台鋼雄鷹,投手,player_value_score,63.7,63.1,-0.6,-0.6,changed,20260918T112310Z-8f8e01d8ec46,20260929T204833Z-5e0600df3416,2026-09-18T11:23:10+00:00,2026-09-29T20:48:33+00:00
0000006507,後勁,台鋼雄鷹,投手,strikeouts,69.0,69.0,0.0,0.0,unchanged,20260918T112310Z-8f8e01d8ec46,20260929T204833Z-5e0600df3416,2026-09-18T11:23:10+00:00,2026-09-29T20:48:33+00:00
0000006507,後勁,台鋼雄鷹,投手,whip,1.55,1.55,0.0,-0.0,unchanged,20260918T112310Z-8f8e01d8ec46,20260929T204833Z-5e0600df3416,2026-09-18T11:23:10+00:00,2026-09-29T20:48:33+00:00
0000002348,施子謙,台鋼雄鷹,投手,era,4.05,3.24,-0.81,0.81,changed,20260918T112310Z-8f8e01d8ec46,20260929T204833Z-5e0600df3416,2026-09-18T11:23:10+00:00,2026-09-29T20:48:33+00:00
0000002348,施子謙,台鋼雄鷹,投手,innings_pitched,20.0,25.0,5.0,5.0,changed,20260918T112310Z-8f8e01d8ec46,20260929T204833Z-5e0600df3416,2026-09-18T11:23:10+00:00,2026-09-29T20:48:33+00:00
0000002348,施子謙,台鋼雄鷹,投手,k_bb_ratio,1.57,1.5,-0.07,-0.07,changed,20260918T112310Z-8f8e01d8ec46,20260929T204833Z-5e0600df3416,2026-09-18T11:23:10+00:00,2026-09-29T20:48:33+00:00
0000002348,施子謙,台鋼雄鷹,投手,player_value_score,62.8,62.3,-0.5,-0.5,changed,20260918T112310Z-8f8e01d8ec46,20260929T204833Z-5e0600df3416,2026-09-18T11:23:10+00:00,2026-09-29T20:48:33+00:00
0000002348,施子謙,台鋼雄鷹,投手,strikeouts,11.0,12.0,1.0,1.0,changed,20260918T112310Z-8f8e01d8ec46,20260929T204833Z-5e0600df3416,2026-09-18T11:23:10+00:00,2026-09-29T20:48:33+00:00
0000002348,施子謙,台鋼雄鷹,投手,whip,1.45,1.28,-0.17,0.17,changed,20260918T112310Z-8f8e01d8ec46,20260929T204833Z-5e0600df3416,2026-09-18T11:23:10+00:00,2026-09-29T20:48:33+00:00
0000007301,曾昱磬,台鋼雄鷹,投手,era,0.0,0.0,0.0,-0.0,unchanged,20260918T112310Z-8f8e01d8ec46,20260929T204833Z-5e0600df3416,2026-09-18T11:23:10+00:00,2026-09-29T20:48:33+00:00
0000007301,曾昱磬,台鋼雄鷹,投手,innings_pitched,1.0,1.0,0.0,0.0,unchanged,20260918T112310Z-8f8e01d8ec46,20260929T204833Z-5e0600df3416,2026-09-18T11:23:10+00:00,2026-09-29T20:48:33+00:00
0000007301,曾昱磬,台鋼雄鷹,投手,k_bb_ratio,0.0,0.0,0.0,0.0,unchanged,20260918T112310Z-8f8e01d8ec46,20260929T204833Z-5e0600df3416,2026-09-18T11:23:10+00:00,2026-09-29T20:48:33+00:00
0000007301,曾昱磬,台鋼雄鷹,投手,player_value_score,60.0,60.0,0.0,0.0,unchanged,20260918T112310Z-8f8e01d8ec46,20260929T204833Z-5e0600df3416,2026-09-18T11:23:10+00:00,2026-09-29T20:48:33+00:00
0000007301,曾昱磬,台鋼雄鷹,投手,strikeouts,0.0,0.0,0.0,0.0,unchanged,20260918T112310Z-8f8e01d8ec46,20260929T204833Z-5e0600df3416,2026-09-18T11:23:10+00:00,2026-09-29T20:48:33+00:00
0000007301,曾昱磬,台鋼雄鷹,投手,whip,0.0,0.0,0.0,-0.0,unchanged,20260918T112310Z-8f8e01d8ec46,20260929T204833Z-5e0600df3416,2026-09-18T11:23:10+00:00,2026-09-29T20:48:33+00:00
0000006918,李欣穎,台鋼雄鷹,投手,era,3.12,2.89,-0.23,0.23,changed,20260918T112310Z-8f8e01d8ec46,20260929T204833Z-5e0600df3416,2026-09-18T11:23:10+00:00,2026-09-29T20:48:33+00:00
0000006918,李欣穎,台鋼雄鷹,投手,innings_pitched,26.0,28.0,2.0,2.0,changed,20260918T112310Z-8f8e01d8ec46,20260929T204833Z-5e0600df3416,2026-09-18T11:23:10+00:00,2026-09-29T20:48:33+00:00
0000006918,李欣穎,台鋼雄鷹,投手,k_bb_ratio,4.71,3.45,-1.26,-1.26,changed,20260918T112310Z-8f8e01d8ec46,20260929T204833Z-5e0600df3416,2026-09-18T11:23:10+00:00,2026-09-29T20:48:33+00:00
0000006918,李欣穎,台鋼雄鷹,投手,player_value_score,78.2,74.0,-4.2,-4.2,changed,20260918T112310Z-8f8e01d8ec46,20260929T204833Z-5e0600df3416,2026-09-18T11:23:10+00:00,2026-09-29T20:48:33+00:00
0000006918,李欣穎,台鋼雄鷹,投手,strikeouts,33.0,38.0,5.0,5.0,changed,20260918T112310Z-8f8e01d8ec46,20260929T204833Z-5e0600df3416,2026-09-18T11:23:10+00:00,2026-09-29T20:48:33+00:00
0000006918,李欣穎,台鋼雄鷹,投手,whip,1.31,1.43,0.12,-0.12,changed,20260918T112310Z-8f8e01d8ec46,20260929T204833Z-5e0600df3416,2026-09-18T11:23:10+00:00,2026-09-29T20:48:33+00:00
0000006949,林詩翔,台鋼雄鷹,投手,era,2.92,2.92,0.0,-0.0,unchanged,20260918T112310Z-8f8e01d8ec46,20260929T204833Z-5e0600df3416,2026-09-18T11:23:10+00:00,2026-09-29T20:48:33+00:00
0000006949,林詩翔,台鋼雄鷹,投手,innings_pitched,24.667,24.667,0.0,0.0,unchanged,20260918T112310Z-8f8e01d8ec46,20260929T204833Z-5e0600df3416,2026-09-18T11:23:10+00:00,2026-09-29T20:48:33+00:00
0000006949,林詩翔,台鋼雄鷹,投手,k_bb_ratio,1.42,1.42,0.0,0.0,unchanged,20260918T112310Z-8f8e01d8ec46,20260929T204833Z-5e0600df3416,2026-09-18T11:23:10+00:00,2026-09-29T20:48:33+00:00
0000006949,林詩翔,台鋼雄鷹,投手,player_value_score,63.4,62.9,-0.5,-0.5,changed,20260918T112310Z-8f8e01d8ec46,20260929T204833Z-5e0600df3416,2026-09-18T11:23:10+00:00,2026-09-29T20:48:33+00:00
0000006949,林詩翔,台鋼雄鷹,投手,strikeouts,17.0,17.0,0.0,0.0,unchanged,20260918T112310Z-8f8e01d8ec46,20260929T204833Z-5e0600df3416,2026-09-18T11:23:10+00:00,2026-09-29T20:48:33+00:00
0000006949,林詩翔,台鋼雄鷹,投手,whip,1.42,1.42,0.0,-0.0,unchanged,20260918T112310Z-8f8e01d8ec46,20260929T204833Z-5e0600df3416,2026-09-18T11:23:10+00:00,2026-09-29T20:48:33+00:00
0000002679,江承諺,台鋼雄鷹,投手,era,2.93,3.3,0.37,-0.37,changed,20260918T112310Z-8f8e01d8ec46,20260929T204833Z-5e0600df3416,2026-09-18T11:23:10+00:00,2026-09-29T20:48:33+00:00
0000002679,江承諺,台鋼雄鷹,投手,innings_pitched,107.333,109.0,1.667,1.667,changed,20260918T112310Z-8f8e01d8ec46,20260929T204833Z-5e0600df3416,2026-09-18T11:23:10+00:00,2026-09-29T20:48:33+00:00
0000002679,江承諺,台鋼雄鷹,投手,k_bb_ratio,1.75,1.79,0.04,0.04,changed,20260918T112310Z-8f8e01d8ec46,20260929T204833Z-5e0600df3416,2026-09-18T11:23:10+00:00,2026-09-29T20:48:33+00:00
0000002679,江承諺,台鋼雄鷹,投手,player_value_score,63.5,62.8,-0.7,-0.7,changed,20260918T112310Z-8f8e01d8ec46,20260929T204833Z-5e0600df3416,2026-09-18T11:23:10+00:00,2026-09-29T20:48:33+00:00
0000002679,江承諺,台鋼雄鷹,投手,strikeouts,49.0,50.0,1.0,1.0,changed,20260918T112310Z-8f8e01d8ec46,20260929T204833Z-5e0600df3416,2026-09-18T11:23:10+00:00,2026-09-29T20:48:33+00:00
0000002679,江承諺,台鋼雄鷹,投手,whip,1.28,1.32,0.04,-0.04,changed,20260918T112310Z-8f8e01d8ec46,20260929T204833Z-5e0600df3416,2026-09-18T11:23:10+00:00,2026-09-29T20:48:33+00:00
0000007065,王柏傑,台鋼雄鷹,投手,era,,16.2,,,new,20260918T112310Z-8f8e01d8ec46,20260929T204833Z-5e0600df3416,2026-09-18T11:23:10+00:00,2026-09-29T20:48:33+00:00
0000007065,王柏傑,台鋼雄鷹,投手,innings_pitched,,1.667,,,new,20260918T112310Z-8f8e01d8ec46,20260929T204833Z-5e0600df3416,2026-09-18T11:23:10+00:00,2026-09-29T20:48:33+00:00
0000007065,王柏傑,台鋼雄鷹,投手,k_bb_ratio,,0.25,,,new,20260918T112310Z-8f8e01d8ec46,20260929T204833Z-5e0600df3416,2026-09-18T11:23:10+00:00,2026-09-29T20:48:33+00:00
0000007065,王柏傑,台鋼雄鷹,投手,player_value_score,,41.5,,,new,20260918T112310Z-8f8e01d8ec46,20260929T204833Z-5e0600df3416,2026-09-18T11:23:10+00:00,2026-09-29T20:48:33+00:00
0000007065,王柏傑,台鋼雄鷹,投手,strikeouts,,1.0,,,new,20260918T112310Z-8f8e01d8ec46,20260929T204833Z-5e0600df3416,2026-09-18T11:23:10+00:00,2026-09-29T20:48:33+00:00
0000007065,王柏傑,台鋼雄鷹,投手,whip,,4.2,,,new,20260918T112310Z-8f8e01d8ec46,20260929T204833Z-5e0600df3416,2026-09-18T11:23:10+00:00,2026-09-29T20:48:33+00:00
0000001603,王維中,台鋼雄鷹,投手,era,5.79,5.79,0.0,-0.0,unchanged,20260918T112310Z-8f8e01d8ec46,20260929T204833Z-5e0600df3416,2026-09-18T11:23:10+00:00,2026-09-29T20:48:33+00:00
0000001603,王維中,台鋼雄鷹,投手,innings_pitched,18.667,18.667,0.0,0.0,unchanged,20260918T112310Z-8f8e01d8ec46,20260929T204833Z-5e0600df3416,2026-09-18T11:23:10+00:00,2026-09-29T20:48:33+00:00
0000001603,王維中,台鋼雄鷹,投手,k_bb_ratio,2.0,2.0,0.0,0.0,unchanged,20260918T112310Z-8f8e01d8ec46,20260929T204833Z-5e0600df3416,2026-09-18T11:23:10+00:00,2026-09-29T20:48:33+00:00
0000001603,王維中,台鋼雄鷹,投手,player_value_score,65.1,64.4,-0.7,-0.7,changed,20260918T112310Z-8f8e01d8ec46,20260929T204833Z-5e0600df3416,2026-09-18T11:23:10+00:00,2026-09-29T20:48:33+00:00
0000001603,王維中,台鋼雄鷹,投手,strikeouts,12.0,12.0,0.0,0.0,unchanged,20260918T112310Z-8f8e01d8ec46,20260929T204833Z-5e0600df3416,2026-09-18T11:23:10+00:00,2026-09-29T20:48:33+00:00
0000001603,王維中,台鋼雄鷹,投手,whip,1.29,1.29,0.0,-0.0,unchanged,20260918T112310Z-8f8e01d8ec46,20260929T204833Z-5e0600df3416,2026-09-18T11:23:10+00:00,2026-09-29T20:48:33+00:00
0000001390,王躍霖,台鋼雄鷹,投手,era,4.43,4.43,0.0,-0.0,unchanged,20260918T112310Z-8f8e01d8ec46,20260929T204833Z-5e0600df3416,2026-09-18T11:23:10+00:00,2026-09-29T20:48:33+00:00
0000001390,王躍霖,台鋼雄鷹,投手,innings_pitched,20.333,20.333,0.0,0.0,unchanged,20260918T112310Z-8f8e01d8ec46,20260929T204833Z-5e0600df3416,2026-09-18T11:23:10+00:00,2026-09-29T20:48:33+00:00
0000001390,王躍霖,台鋼雄鷹,投手,k_bb_ratio,1.56,1.56,0.0,0.0,unchanged,20260918T112310Z-8f8e01d8ec46,20260929T204833Z-5e0600df3416,2026-09-18T11:23:10+00:00,2026-09-29T20:48:33+00:00
0000001390,王躍霖,台鋼雄鷹,投手,player_value_score,62.9,62.4,-0.5,-0.5,changed,20260918T112310Z-8f8e01d8ec46,20260929T204833Z-5e0600df3416,2026-09-18T11:23:10+00:00,2026-09-29T20:48:33+00:00
0000001390,王躍霖,台鋼雄鷹,投手,strikeouts,14.0,14.0,0.0,0.0,unchanged,20260918T112310Z-8f8e01d8ec46,20260929T204833Z-5e0600df3416,2026-09-18T11:23:10+00:00,2026-09-29T20:48:33+00:00
0000001390,王躍霖,台鋼雄鷹,投手,whip,1.67,1.67,0.0,-0.0,unchanged,20260918T112310Z-8f8e01d8ec46,20260929T204833Z-5e0600df3416,2026-09-18T11:23:10+00:00,2026-09-29T20:48:33+00:00
0000007053,艾速特,台鋼雄鷹,投手,era,2.41,2.63,0.22,-0.22,changed,20260918T112310Z-8f8e01d8ec46,20260929T204833Z-5e0600df3416,2026-09-18T11:23:10+00:00,2026-09-29T20:48:33+00:00
0000007053,艾速特,台鋼雄鷹,投手,innings_pitched,123.333,136.667,13.334,13.334,changed,20260918T112310Z-8f8e01d8ec46,20260929T204833Z-5e0600df3416,2026-09-18T11:23:10+00:00,2026-09-29T20:48:33+00:00
0000007053,艾速特,台鋼雄鷹,投手,k_bb_ratio,2.7,2.74,0.04,0.04,changed,20260918T112310Z-8f8e01d8ec46,20260929T204833Z-5e0600df3416,2026-09-18T11:23:10+00:00,2026-09-29T20:48:33+00:00
0000007053,艾速特,台鋼雄鷹,投手,player_value_score,70.8,69.4,-1.4,-1.4,changed,20260918T112310Z-8f8e01d8ec46,20260929T204833Z-5e0600df3416,2026-09-18T11:23:10+00:00,2026-09-29T20:48:33+00:00
0000007053,艾速特,台鋼雄鷹,投手,strikeouts,108.0,115.0,7.0,7.0,changed,20260918T112310Z-8f8e01d8ec46,20260929T204833Z-5e0600df3416,2026-09-18T11:23:10+00:00,2026-09-29T20:48:33+00:00
0000007053,艾速特,台鋼雄鷹,投手,whip,1.08,1.12,0.04,-0.04,changed,20260918T112310Z-8f8e01d8ec46,20260929T204833Z-5e0600df3416,2026-09-18T11:23:10+00:00,2026-09-29T20:48:33+00:00
0000005285,許峻暘,台鋼雄鷹,投手,era,2.32,2.12,-0.2,0.2,changed,20260918T112310Z-8f8e01d8ec46,20260929T204833Z-5e0600df3416,2026-09-18T11:23:10+00:00,2026-09-29T20:48:33+00:00
0000005285,許峻暘,台鋼雄鷹,投手,innings_pitched,31.0,34.0,3.0,3.0,changed,20260918T112310Z-8f8e01d8ec46,20260929T204833Z-5e0600df3416,2026-09-18T11:23:10+00:00,2026-09-29T20:48:33+00:00
0000005285,許峻暘,台鋼雄鷹,投手,k_bb_ratio,2.25,2.58,0.33,0.33,changed,20260918T112310Z-8f8e01d8ec46,20260929T204833Z-5e0600df3416,2026-09-18T11:23:10+00:00,2026-09-29T20:48:33+00:00
0000005285,許峻暘,台鋼雄鷹,投手,player_value_score,69.2,69.8,0.6,0.6,changed,20260918T112310Z-8f8e01d8ec46,20260929T204833Z-5e0600df3416,2026-09-18T11:23:10+00:00,2026-09-29T20:48:33+00:00
0000005285,許峻暘,台鋼雄鷹,投手,strikeouts,27.0,31.0,4.0,4.0,changed,20260918T112310Z-8f8e01d8ec46,20260929T204833Z-5e0600df3416,2026-09-18T11:23:10+00:00,2026-09-29T20:48:33+00:00
0000005285,許峻暘,台鋼雄鷹,投手,whip,1.13,1.12,-0.01,0.01,changed,20260918T112310Z-8f8e01d8ec46,20260929T204833Z-5e0600df3416,2026-09-18T11:23:10+00:00,2026-09-29T20:48:33+00:00
0000007628,許承恩,台鋼雄鷹,投手,era,5.4,6.0,0.6,-0.6,changed,20260918T112310Z-8f8e01d8ec46,20260929T204833Z-5e0600df3416,2026-09-18T11:23:10+00:00,2026-09-29T20:48:33+00:00
0000007628,許承恩,台鋼雄鷹,投手,innings_pitched,1.667,3.0,1.333,1.333,changed,20260918T112310Z-8f8e01d8ec46,20260929T204833Z-5e0600df3416,2026-09-18T11:23:10+00:00,2026-09-29T20:48:33+00:00
0000007628,許承恩,台鋼雄鷹,投手,k_bb_ratio,1.0,1.0,0.0,0.0,unchanged,20260918T112310Z-8f8e01d8ec46,20260929T204833Z-5e0600df3416,2026-09-18T11:23:10+00:00,2026-09-29T20:48:33+00:00
0000007628,許承恩,台鋼雄鷹,投手,player_value_score,63.1,58.6,-4.5,-4.5,changed,20260918T112310Z-8f8e01d8ec46,20260929T204833Z-5e0600df3416,2026-09-18T11:23:10+00:00,2026-09-29T20:48:33+00:00
0000007628,許承恩,台鋼雄鷹,投手,strikeouts,2.0,3.0,1.0,1.0,changed,20260918T112310Z-8f8e01d8ec46,20260929T204833Z-5e0600df3416,2026-09-18T11:23:10+00:00,2026-09-29T20:48:33+00:00
0000007628,許承恩,台鋼雄鷹,投手,whip,1.2,2.33,1.13,-1.13,changed,20260918T112310Z-8f8e01d8ec46,20260929T204833Z-5e0600df3416,2026-09-18T11:23:10+00:00,2026-09-29T20:48:33+00:00
0000006767,許育銘,台鋼雄鷹,投手,era,3.09,3.09,0.0,-0.0,unchanged,20260918T112310Z-8f8e01d8ec46,20260929T204833Z-5e0600df3416,2026-09-18T11:23:10+00:00,2026-09-29T20:48:33+00:00
0000006767,許育銘,台鋼雄鷹,投手,innings_pitched,11.667,11.667,0.0,0.0,unchanged,20260918T112310Z-8f8e01d8ec46,20260929T204833Z-5e0600df3416,2026-09-18T11:23:10+00:00,2026-09-29T20:48:33+00:00
0000006767,許育銘,台鋼雄鷹,投手,k_bb_ratio,1.0,1.0,0.0,0.0,unchanged,20260918T112310Z-8f8e01d8ec46,20260929T204833Z-5e0600df3416,2026-09-18T11:23:10+00:00,2026-09-29T20:48:33+00:00
0000006767,許育銘,台鋼雄鷹,投手,player_value_score,60.9,60.5,-0.4,-0.4,changed,20260918T112310Z-8f8e01d8ec46,20260929T204833Z-5e0600df3416,2026-09-18T11:23:10+00:00,2026-09-29T20:48:33+00:00
0000006767,許育銘,台鋼雄鷹,投手,strikeouts,8.0,8.0,0.0,0.0,unchanged,20260918T112310Z-8f8e01d8ec46,20260929T204833Z-5e0600df3416,2026-09-18T11:23:10+00:00,2026-09-29T20:48:33+00:00
0000006767,許育銘,台鋼雄鷹,投手,whip,1.54,1.54,0.0,-0.0,unchanged,20260918T112310Z-8f8e01d8ec46,20260929T204833Z-5e0600df3416,2026-09-18T11:23:10+00:00,2026-09-29T20:48:33+00:00
0000006917,謝葆錡,台鋼雄鷹,投手,era,4.5,4.5,0.0,-0.0,unchanged,20260918T112310Z-8f8e01d8ec46,20260929T204833Z-5e0600df3416,2026-09-18T11:23:10+00:00,2026-09-29T20:48:33+00:00
0000006917,謝葆錡,台鋼雄鷹,投手,innings_pitched,2.0,2.0,0.0,0.0,unchanged,20260918T112310Z-8f8e01d8ec46,20260929T204833Z-5e0600df3416,2026-09-18T11:23:10+00:00,2026-09-29T20:48:33+00:00
0000006917,謝葆錡,台鋼雄鷹,投手,k_bb_ratio,0.0,0.0,0.0,0.0,unchanged,20260918T112310Z-8f8e01d8ec46,20260929T204833Z-5e0600df3416,2026-09-18T11:23:10+00:00,2026-09-29T20:48:33+00:00
0000006917,謝葆錡,台鋼雄鷹,投手,player_value_score,61.8,61.8,0.0,0.0,unchanged,20260918T112310Z-8f8e01d8ec46,20260929T204833Z-5e0600df3416,2026-09-18T11:23:10+00:00,2026-09-29T20:48:33+00:00
0000006917,謝葆錡,台鋼雄鷹,投手,strikeouts,1.0,1.0,0.0,0.0,unchanged,20260918T112310Z-8f8e01d8ec46,20260929T204833Z-5e0600df3416,2026-09-18T11:23:10+00:00,2026-09-29T20:48:33+00:00
0000006917,謝葆錡,台鋼雄鷹,投手,whip,1.5,1.5,0.0,-0.0,unchanged,20260918T112310Z-8f8e01d8ec46,20260929T204833Z-5e0600df3416,2026-09-18T11:23:10+00:00,2026-09-29T20:48:33+00:00
0000002272,賴智垣,台鋼雄鷹,投手,era,3.38,3.38,0.0,-0.0,unchanged,20260918T112310Z-8f8e01d8ec46,20260929T204833Z-5e0600df3416,2026-09-18T11:23:10+00:00,2026-09-29T20:48:33+00:00
0000002272,賴智垣,台鋼雄鷹,投手,innings_pitched,8.0,8.0,0.0,0.0,unchanged,20260918T112310Z-8f8e01d8ec46,20260929T204833Z-5e0600df3416,2026-09-18T11:23:10+00:00,2026-09-29T20:48:33+00:00
0000002272,賴智垣,台鋼雄鷹,投手,k_bb_ratio,0.45,0.45,0.0,0.0,unchanged,20260918T112310Z-8f8e01d8ec46,20260929T204833Z-5e0600df3416,2026-09-18T11:23:10+00:00,2026-09-29T20:48:33+00:00
0000002272,賴智垣,台鋼雄鷹,投手,player_value_score,53.4,53.3,-0.1,-0.1,changed,20260918T112310Z-8f8e01d8ec46,20260929T204833Z-5e0600df3416,2026-09-18T11:23:10+00:00,2026-09-29T20:48:33+00:00
0000002272,賴智垣,台鋼雄鷹,投手,strikeouts,5.0,5.0,0.0,0.0,unchanged,20260918T112310Z-8f8e01d8ec46,20260929T204833Z-5e0600df3416,2026-09-18T11:23:10+00:00,2026-09-29T20:48:33+00:00
0000002272,賴智垣,台鋼雄鷹,投手,whip,2.13,2.13,0.0,-0.0,unchanged,20260918T112310Z-8f8e01d8ec46,20260929T204833Z-5e0600df3416,2026-09-18T11:23:10+00:00,2026-09-29T20:48:33+00:00
0000006920,陳冠豪,台鋼雄鷹,投手,era,0.0,0.0,0.0,-0.0,unchanged,20260918T112310Z-8f8e01d8ec46,20260929T204833Z-5e0600df3416,2026-09-18T11:23:10+00:00,2026-09-29T20:48:33+00:00
0000006920,陳冠豪,台鋼雄鷹,投手,innings_pitched,0.333,0.333,0.0,0.0,unchanged,20260918T112310Z-8f8e01d8ec46,20260929T204833Z-5e0600df3416,2026-09-18T11:23:10+00:00,2026-09-29T20:48:33+00:00
0000006920,陳冠豪,台鋼雄鷹,投手,k_bb_ratio,0.0,0.0,0.0,0.0,unchanged,20260918T112310Z-8f8e01d8ec46,20260929T204833Z-5e0600df3416,2026-09-18T11:23:10+00:00,2026-09-29T20:48:33+00:00
0000006920,陳冠豪,台鋼雄鷹,投手,player_value_score,24.8,24.8,0.0,0.0,unchanged,20260918T112310Z-8f8e01d8ec46,20260929T204833Z-5e0600df3416,2026-09-18T11:23:10+00:00,2026-09-29T20:48:33+00:00
0000006920,陳冠豪,台鋼雄鷹,投手,strikeouts,0.0,0.0,0.0,0.0,unchanged,20260918T112310Z-8f8e01d8ec46,20260929T204833Z-5e0600df3416,2026-09-18T11:23:10+00:00,2026-09-29T20:48:33+00:00
0000006920,陳冠豪,台鋼雄鷹,投手,whip,9.0,9.0,0.0,-0.0,unchanged,20260918T112310Z-8f8e01d8ec46,20260929T204833Z-5e0600df3416,2026-09-18T11:23:10+00:00,2026-09-29T20:48:33+00:00
0000006833,陳宇宏,台鋼雄鷹,投手,era,4.87,5.19,0.32,-0.32,changed,20260918T112310Z-8f8e01d8ec46,20260929T204833Z-5e0600df3416,2026-09-18T11:23:10+00:00,2026-09-29T20:48:33+00:00
0000006833,陳宇宏,台鋼雄鷹,投手,innings_pitched,44.333,50.333,6.0,6.0,changed,20260918T112310Z-8f8e01d8ec46,20260929T204833Z-5e0600df3416,2026-09-18T11:23:10+00:00,2026-09-29T20:48:33+00:00
0000006833,陳宇宏,台鋼雄鷹,投手,k_bb_ratio,1.57,1.39,-0.18,-0.18,changed,20260918T112310Z-8f8e01d8ec46,20260929T204833Z-5e0600df3416,2026-09-18T11:23:10+00:00,2026-09-29T20:48:33+00:00
0000006833,陳宇宏,台鋼雄鷹,投手,player_value_score,61.9,60.5,-1.4,-1.4,changed,20260918T112310Z-8f8e01d8ec46,20260929T204833Z-5e0600df3416,2026-09-18T11:23:10+00:00,2026-09-29T20:48:33+00:00
0000006833,陳宇宏,台鋼雄鷹,投手,strikeouts,22.0,25.0,3.0,3.0,changed,20260918T112310Z-8f8e01d8ec46,20260929T204833Z-5e0600df3416,2026-09-18T11:23:10+00:00,2026-09-29T20:48:33+00:00
0000006833,陳宇宏,台鋼雄鷹,投手,whip,1.58,1.65,0.07,-0.07,changed,20260918T112310Z-8f8e01d8ec46,20260929T204833Z-5e0600df3416,2026-09-18T11:23:10+00:00,2026-09-29T20:48:33+00:00
0000006832,陳柏清,台鋼雄鷹,投手,era,3.51,3.86,0.35,-0.35,changed,20260918T112310Z-8f8e01d8ec46,20260929T204833Z-5e0600df3416,2026-09-18T11:23:10+00:00,2026-09-29T20:48:33+00:00
0000006832,陳柏清,台鋼雄鷹,投手,innings_pitched,48.667,51.333,2.666,2.666,changed,20260918T112310Z-8f8e01d8ec46,20260929T204833Z-5e0600df3416,2026-09-18T11:23:10+00:00,2026-09-29T20:48:33+00:00
0000006832,陳柏清,台鋼雄鷹,投手,k_bb_ratio,1.88,1.72,-0.16,-0.16,changed,20260918T112310Z-8f8e01d8ec46,20260929T204833Z-5e0600df3416,2026-09-18T11:23:10+00:00,2026-09-29T20:48:33+00:00
0000006832,陳柏清,台鋼雄鷹,投手,player_value_score,65.1,63.4,-1.7,-1.7,changed,20260918T112310Z-8f8e01d8ec46,20260929T204833Z-5e0600df3416,2026-09-18T11:23:10+00:00,2026-09-29T20:48:33+00:00
0000006832,陳柏清,台鋼雄鷹,投手,strikeouts,30.0,31.0,1.0,1.0,changed,20260918T112310Z-8f8e01d8ec46,20260929T204833Z-5e0600df3416,2026-09-18T11:23:10+00:00,2026-09-29T20:48:33+00:00
0000006832,陳柏清,台鋼雄鷹,投手,whip,1.29,1.38,0.09,-0.09,changed,20260918T112310Z-8f8e01d8ec46,20260929T204833Z-5e0600df3416,2026-09-18T11:23:10+00:00,2026-09-29T20:48:33+00:00
0000006771,陳正毅,台鋼雄鷹,投手,era,5.82,4.67,-1.15,1.15,changed,20260918T112310Z-8f8e01d8ec46,20260929T204833Z-5e0600df3416,2026-09-18T11:23:10+00:00,2026-09-29T20:48:33+00:00
0000006771,陳正毅,台鋼雄鷹,投手,innings_pitched,17.0,27.0,10.0,10.0,changed,20260918T112310Z-8f8e01d8ec46,20260929T204833Z-5e0600df3416,2026-09-18T11:23:10+00:00,2026-09-29T20:48:33+00:00
0000006771,陳正毅,台鋼雄鷹,投手,k_bb_ratio,0.86,0.89,0.03,0.03,changed,20260918T112310Z-8f8e01d8ec46,20260929T204833Z-5e0600df3416,2026-09-18T11:23:10+00:00,2026-09-29T20:48:33+00:00
0000006771,陳正毅,台鋼雄鷹,投手,player_value_score,56.8,57.6,0.8,0.8,changed,20260918T112310Z-8f8e01d8ec46,20260929T204833Z-5e0600df3416,2026-09-18T11:23:10+00:00,2026-09-29T20:48:33+00:00
0000006771,陳正毅,台鋼雄鷹,投手,strikeouts,12.0,16.0,4.0,4.0,changed,20260918T112310Z-8f8e01d8ec46,20260929T204833Z-5e0600df3416,2026-09-18T11:23:10+00:00,2026-09-29T20:48:33+00:00
0000006771,陳正毅,台鋼雄鷹,投手,whip,2.47,2.11,-0.36,0.36,changed,20260918T112310Z-8f8e01d8ec46,20260929T204833Z-5e0600df3416,2026-09-18T11:23:10+00:00,2026-09-29T20:48:33+00:00
0000007580,韋宏亮,台鋼雄鷹,投手,era,4.13,4.13,0.0,-0.0,unchanged,20260918T112310Z-8f8e01d8ec46,20260929T204833Z-5e0600df3416,2026-09-18T11:23:10+00:00,2026-09-29T20:48:33+00:00
0000007580,韋宏亮,台鋼雄鷹,投手,innings_pitched,28.333,28.333,0.0,0.0,unchanged,20260918T112310Z-8f8e01d8ec46,20260929T204833Z-5e0600df3416,2026-09-18T11:23:10+00:00,2026-09-29T20:48:33+00:00
0000007580,韋宏亮,台鋼雄鷹,投手,k_bb_ratio,1.7,1.7,0.0,0.0,unchanged,20260918T112310Z-8f8e01d8ec46,20260929T204833Z-5e0600df3416,2026-09-18T11:23:10+00:00,2026-09-29T20:48:33+00:00
0000007580,韋宏亮,台鋼雄鷹,投手,player_value_score,63.9,63.2,-0.7,-0.7,changed,20260918T112310Z-8f8e01d8ec46,20260929T204833Z-5e0600df3416,2026-09-18T11:23:10+00:00,2026-09-29T20:48:33+00:00
0000007580,韋宏亮,台鋼雄鷹,投手,strikeouts,17.0,17.0,0.0,0.0,unchanged,20260918T112310Z-8f8e01d8ec46,20260929T204833Z-5e0600df3416,2026-09-18T11:23:10+00:00,2026-09-29T20:48:33+00:00
0000007580,韋宏亮,台鋼雄鷹,投手,whip,1.38,1.38,0.0,-0.0,unchanged,20260918T112310Z-8f8e01d8ec46,20260929T204833Z-5e0600df3416,2026-09-18T11:23:10+00:00,2026-09-29T20:48:33+00:00
0000007303,黃子豪,台鋼雄鷹,投手,era,6.48,13.0,6.52,-6.52,changed,20260918T112310Z-8f8e01d8ec46,20260929T204833Z-5e0600df3416,2026-09-18T11:23:10+00:00,2026-09-29T20:48:33+00:00
0000007303,黃子豪,台鋼雄鷹,投手,innings_pitched,8.333,9.0,0.667,0.667,changed,20260918T112310Z-8f8e01d8ec46,20260929T204833Z-5e0600df3416,2026-09-18T11:23:10+00:00,2026-09-29T20:48:33+00:00
0000007303,黃子豪,台鋼雄鷹,投手,k_bb_ratio,2.67,1.14,-1.53,-1.53,changed,20260918T112310Z-8f8e01d8ec46,20260929T204833Z-5e0600df3416,2026-09-18T11:23:10+00:00,2026-09-29T20:48:33+00:00
0000007303,黃子豪,台鋼雄鷹,投手,player_value_score,67.9,56.8,-11.1,-11.1,changed,20260918T112310Z-8f8e01d8ec46,20260929T204833Z-5e0600df3416,2026-09-18T11:23:10+00:00,2026-09-29T20:48:33+00:00
0000007303,黃子豪,台鋼雄鷹,投手,strikeouts,8.0,8.0,0.0,0.0,unchanged,20260918T112310Z-8f8e01d8ec46,20260929T204833Z-5e0600df3416,2026-09-18T11:23:10+00:00,2026-09-29T20:48:33+00:00
0000007303,黃子豪,台鋼雄鷹,投手,whip,1.68,2.56,0.88,-0.88,changed,20260918T112310Z-8f8e01d8ec46,20260929T204833Z-5e0600df3416,2026-09-18T11:23:10+00:00,2026-09-29T20:48:33+00:00
0000002274,黃子鵬,台鋼雄鷹,投手,era,2.2,2.2,0.0,-0.0,unchanged,20260918T112310Z-8f8e01d8ec46,20260929T204833Z-5e0600df3416,2026-09-18T11:23:10+00:00,2026-09-29T20:48:33+00:00
0000002274,黃子鵬,台鋼雄鷹,投手,innings_pitched,126.667,126.667,0.0,0.0,unchanged,20260918T112310Z-8f8e01d8ec46,20260929T204833Z-5e0600df3416,2026-09-18T11:23:10+00:00,2026-09-29T20:48:33+00:00
0000002274,黃子鵬,台鋼雄鷹,投手,k_bb_ratio,3.88,3.88,0.0,0.0,unchanged,20260918T112310Z-8f8e01d8ec46,20260929T204833Z-5e0600df3416,2026-09-18T11:23:10+00:00,2026-09-29T20:48:33+00:00
0000002274,黃子鵬,台鋼雄鷹,投手,player_value_score,70.9,69.5,-1.4,-1.4,changed,20260918T112310Z-8f8e01d8ec46,20260929T204833Z-5e0600df3416,2026-09-18T11:23:10+00:00,2026-09-29T20:48:33+00:00
0000002274,黃子鵬,台鋼雄鷹,投手,strikeouts,66.0,66.0,0.0,0.0,unchanged,20260918T112310Z-8f8e01d8ec46,20260929T204833Z-5e0600df3416,2026-09-18T11:23:10+00:00,2026-09-29T20:48:33+00:00
0000002274,黃子鵬,台鋼雄鷹,投手,whip,0.92,0.92,0.0,-0.0,unchanged,20260918T112310Z-8f8e01d8ec46,20260929T204833Z-5e0600df3416,2026-09-18T11:23:10+00:00,2026-09-29T20:48:33+00:00
0000006922,黃紹睿,台鋼雄鷹,投手,era,27.0,27.0,0.0,-0.0,unchanged,20260918T112310Z-8f8e01d8ec46,20260929T204833Z-5e0600df3416,2026-09-18T11:23:10+00:00,2026-09-29T20:48:33+00:00
0000006922,黃紹睿,台鋼雄鷹,投手,innings_pitched,1.0,1.0,0.0,0.0,unchanged,20260918T112310Z-8f8e01d8ec46,20260929T204833Z-5e0600df3416,2026-09-18T11:23:10+00:00,2026-09-29T20:48:33+00:00
0000006922,黃紹睿,台鋼雄鷹,投手,k_bb_ratio,1.0,1.0,0.0,0.0,unchanged,20260918T112310Z-8f8e01d8ec46,20260929T204833Z-5e0600df3416,2026-09-18T11:23:10+00:00,2026-09-29T20:48:33+00:00
0000006922,黃紹睿,台鋼雄鷹,投手,player_value_score,54.6,54.3,-0.3,-0.3,changed,20260918T112310Z-8f8e01d8ec46,20260929T204833Z-5e0600df3416,2026-09-18T11:23:10+00:00,2026-09-29T20:48:33+00:00
0000006922,黃紹睿,台鋼雄鷹,投手,strikeouts,1.0,1.0,0.0,0.0,unchanged,20260918T112310Z-8f8e01d8ec46,20260929T204833Z-5e0600df3416,2026-09-18T11:23:10+00:00,2026-09-29T20:48:33+00:00
0000006922,黃紹睿,台鋼雄鷹,投手,whip,2.0,2.0,0.0,-0.0,unchanged,20260918T112310Z-8f8e01d8ec46,20260929T204833Z-5e0600df3416,2026-09-18T11:23:10+00:00,2026-09-29T20:48:33+00:00
0000006982,黃群,台鋼雄鷹,投手,era,3.15,3.16,0.01,-0.01,changed,20260918T112310Z-8f8e01d8ec46,20260929T204833Z-5e0600df3416,2026-09-18T11:23:10+00:00,2026-09-29T20:48:33+00:00
0000006982,黃群,台鋼雄鷹,投手,innings_pitched,34.333,37.0,2.667,2.667,changed,20260918T112310Z-8f8e01d8ec46,20260929T204833Z-5e0600df3416,2026-09-18T11:23:10+00:00,2026-09-29T20:48:33+00:00
0000006982,黃群,台鋼雄鷹,投手,k_bb_ratio,1.68,1.7,0.02,0.02,changed,20260918T112310Z-8f8e01d8ec46,20260929T204833Z-5e0600df3416,2026-09-18T11:23:10+00:00,2026-09-29T20:48:33+00:00
0000006982,黃群,台鋼雄鷹,投手,player_value_score,66.7,66.2,-0.5,-0.5,changed,20260918T112310Z-8f8e01d8ec46,20260929T204833Z-5e0600df3416,2026-09-18T11:23:10+00:00,2026-09-29T20:48:33+00:00
0000006982,黃群,台鋼雄鷹,投手,strikeouts,32.0,34.0,2.0,2.0,changed,20260918T112310Z-8f8e01d8ec46,20260929T204833Z-5e0600df3416,2026-09-18T11:23:10+00:00,2026-09-29T20:48:33+00:00
0000006982,黃群,台鋼雄鷹,投手,whip,1.28,1.27,-0.01,0.01,changed,20260918T112310Z-8f8e01d8ec46,20260929T204833Z-5e0600df3416,2026-09-18T11:23:10+00:00,2026-09-29T20:48:33+00:00
0000000762,伍鐸,味全龍,投手,era,3.91,3.86,-0.05,0.05,changed,20260918T112310Z-8f8e01d8ec46,20260929T204833Z-5e0600df3416,2026-09-18T11:23:10+00:00,2026-09-29T20:48:33+00:00
0000000762,伍鐸,味全龍,投手,innings_pitched,101.333,107.333,6.0,6.0,changed,20260918T112310Z-8f8e01d8ec46,20260929T204833Z-5e0600df3416,2026-09-18T11:23:10+00:00,2026-09-29T20:48:33+00:00
0000000762,伍鐸,味全龍,投手,k_bb_ratio,1.64,1.56,-0.08,-0.08,changed,20260918T112310Z-8f8e01d8ec46,20260929T204833Z-5e0600df3416,2026-09-18T11:23:10+00:00,2026-09-29T20:48:33+00:00
0000000762,伍鐸,味全龍,投手,player_value_score,62.3,61.5,-0.8,-0.8,changed,20260918T112310Z-8f8e01d8ec46,20260929T204833Z-5e0600df3416,2026-09-18T11:23:10+00:00,2026-09-29T20:48:33+00:00
0000000762,伍鐸,味全龍,投手,strikeouts,36.0,39.0,3.0,3.0,changed,20260918T112310Z-8f8e01d8ec46,20260929T204833Z-5e0600df3416,2026-09-18T11:23:10+00:00,2026-09-29T20:48:33+00:00
0000000762,伍鐸,味全龍,投手,whip,1.25,1.28,0.03,-0.03,changed,20260918T112310Z-8f8e01d8ec46,20260929T204833Z-5e0600df3416,2026-09-18T11:23:10+00:00,2026-09-29T20:48:33+00:00
0000006878,吳君奕,味全龍,投手,era,0.0,0.0,0.0,-0.0,unchanged,20260918T112310Z-8f8e01d8ec46,20260929T204833Z-5e0600df3416,2026-09-18T11:23:10+00:00,2026-09-29T20:48:33+00:00
0000006878,吳君奕,味全龍,投手,innings_pitched,4.667,4.667,0.0,0.0,unchanged,20260918T112310Z-8f8e01d8ec46,20260929T204833Z-5e0600df3416,2026-09-18T11:23:10+00:00,2026-09-29T20:48:33+00:00
0000006878,吳君奕,味全龍,投手,k_bb_ratio,0.75,0.75,0.0,0.0,unchanged,20260918T112310Z-8f8e01d8ec46,20260929T204833Z-5e0600df3416,2026-09-18T11:23:10+00:00,2026-09-29T20:48:33+00:00
0000006878,吳君奕,味全龍,投手,player_value_score,59.2,58.9,-0.3,-0.3,changed,20260918T112310Z-8f8e01d8ec46,20260929T204833Z-5e0600df3416,2026-09-18T11:23:10+00:00,2026-09-29T20:48:33+00:00
0000006878,吳君奕,味全龍,投手,strikeouts,3.0,3.0,0.0,0.0,unchanged,20260918T112310Z-8f8e01d8ec46,20260929T204833Z-5e0600df3416,2026-09-18T11:23:10+00:00,2026-09-29T20:48:33+00:00
0000006878,吳君奕,味全龍,投手,whip,1.71,1.71,0.0,-0.0,unchanged,20260918T112310Z-8f8e01d8ec46,20260929T204833Z-5e0600df3416,2026-09-18T11:23:10+00:00,2026-09-29T20:48:33+00:00
0000005552,呂偉晟,味全龍,投手,era,2.21,2.74,0.53,-0.53,changed,20260918T112310Z-8f8e01d8ec46,20260929T204833Z-5e0600df3416,2026-09-18T11:23:10+00:00,2026-09-29T20:48:33+00:00
0000005552,呂偉晟,味全龍,投手,innings_pitched,20.333,23.0,2.667,2.667,changed,20260918T112310Z-8f8e01d8ec46,20260929T204833Z-5e0600df3416,2026-09-18T11:23:10+00:00,2026-09-29T20:48:33+00:00
0000005552,呂偉晟,味全龍,投手,k_bb_ratio,0.83,0.79,-0.04,-0.04,changed,20260918T112310Z-8f8e01d8ec46,20260929T204833Z-5e0600df3416,2026-09-18T11:23:10+00:00,2026-09-29T20:48:33+00:00
0000005552,呂偉晟,味全龍,投手,player_value_score,58.8,57.9,-0.9,-0.9,changed,20260918T112310Z-8f8e01d8ec46,20260929T204833Z-5e0600df3416,2026-09-18T11:23:10+00:00,2026-09-29T20:48:33+00:00
0000005552,呂偉晟,味全龍,投手,strikeouts,10.0,11.0,1.0,1.0,changed,20260918T112310Z-8f8e01d8ec46,20260929T204833Z-5e0600df3416,2026-09-18T11:23:10+00:00,2026-09-29T20:48:33+00:00
0000005552,呂偉晟,味全龍,投手,whip,1.67,1.74,0.07,-0.07,changed,20260918T112310Z-8f8e01d8ec46,20260929T204833Z-5e0600df3416,2026-09-18T11:23:10+00:00,2026-09-29T20:48:33+00:00
0000006723,張鈞守,味全龍,投手,era,0.0,0.0,0.0,-0.0,unchanged,20260918T112310Z-8f8e01d8ec46,20260929T204833Z-5e0600df3416,2026-09-18T11:23:10+00:00,2026-09-29T20:48:33+00:00
0000006723,張鈞守,味全龍,投手,innings_pitched,8.667,8.667,0.0,0.0,unchanged,20260918T112310Z-8f8e01d8ec46,20260929T204833Z-5e0600df3416,2026-09-18T11:23:10+00:00,2026-09-29T20:48:33+00:00
0000006723,張鈞守,味全龍,投手,k_bb_ratio,1.0,1.0,0.0,0.0,unchanged,20260918T112310Z-8f8e01d8ec46,20260929T204833Z-5e0600df3416,2026-09-18T11:23:10+00:00,2026-09-29T20:48:33+00:00
0000006723,張鈞守,味全龍,投手,player_value_score,63.7,63.3,-0.4,-0.4,changed,20260918T112310Z-8f8e01d8ec46,20260929T204833Z-5e0600df3416,2026-09-18T11:23:10+00:00,2026-09-29T20:48:33+00:00
0000006723,張鈞守,味全龍,投手,strikeouts,7.0,7.0,0.0,0.0,unchanged,20260918T112310Z-8f8e01d8ec46,20260929T204833Z-5e0600df3416,2026-09-18T11:23:10+00:00,2026-09-29T20:48:33+00:00
0000006723,張鈞守,味全龍,投手,whip,1.15,1.15,0.0,-0.0,unchanged,20260918T112310Z-8f8e01d8ec46,20260929T204833Z-5e0600df3416,2026-09-18T11:23:10+00:00,2026-09-29T20:48:33+00:00
0000006724,曹祐齊,味全龍,投手,era,6.75,3.86,-2.89,2.89,changed,20260918T112310Z-8f8e01d8ec46,20260929T204833Z-5e0600df3416,2026-09-18T11:23:10+00:00,2026-09-29T20:48:33+00:00
0000006724,曹祐齊,味全龍,投手,innings_pitched,4.0,9.333,5.333,5.333,changed,20260918T112310Z-8f8e01d8ec46,20260929T204833Z-5e0600df3416,2026-09-18T11:23:10+00:00,2026-09-29T20:48:33+00:00
0000006724,曹祐齊,味全龍,投手,k_bb_ratio,0.75,0.62,-0.13,-0.13,changed,20260918T112310Z-8f8e01d8ec46,20260929T204833Z-5e0600df3416,2026-09-18T11:23:10+00:00,2026-09-29T20:48:33+00:00
0000006724,曹祐齊,味全龍,投手,player_value_score,56.9,56.0,-0.9,-0.9,changed,20260918T112310Z-8f8e01d8ec46,20260929T204833Z-5e0600df3416,2026-09-18T11:23:10+00:00,2026-09-29T20:48:33+00:00
0000006724,曹祐齊,味全龍,投手,strikeouts,3.0,5.0,2.0,2.0,changed,20260918T112310Z-8f8e01d8ec46,20260929T204833Z-5e0600df3416,2026-09-18T11:23:10+00:00,2026-09-29T20:48:33+00:00
0000006724,曹祐齊,味全龍,投手,whip,2.0,1.93,-0.07,0.07,changed,20260918T112310Z-8f8e01d8ec46,20260929T204833Z-5e0600df3416,2026-09-18T11:23:10+00:00,2026-09-29T20:48:33+00:00
0000003608,曾仁和,味全龍,投手,era,2.86,2.86,0.0,-0.0,unchanged,20260918T112310Z-8f8e01d8ec46,20260929T204833Z-5e0600df3416,2026-09-18T11:23:10+00:00,2026-09-29T20:48:33+00:00
0000003608,曾仁和,味全龍,投手,innings_pitched,34.667,34.667,0.0,0.0,unchanged,20260918T112310Z-8f8e01d8ec46,20260929T204833Z-5e0600df3416,2026-09-18T11:23:10+00:00,2026-09-29T20:48:33+00:00
0000003608,曾仁和,味全龍,投手,k_bb_ratio,2.0,2.0,0.0,0.0,unchanged,20260918T112310Z-8f8e01d8ec46,20260929T204833Z-5e0600df3416,2026-09-18T11:23:10+00:00,2026-09-29T20:48:33+00:00
0000003608,曾仁和,味全龍,投手,player_value_score,65.4,64.7,-0.7,-0.7,changed,20260918T112310Z-8f8e01d8ec46,20260929T204833Z-5e0600df3416,2026-09-18T11:23:10+00:00,2026-09-29T20:48:33+00:00
0000003608,曾仁和,味全龍,投手,strikeouts,22.0,22.0,0.0,0.0,unchanged,20260918T112310Z-8f8e01d8ec46,20260929T204833Z-5e0600df3416,2026-09-18T11:23:10+00:00,2026-09-29T20:48:33+00:00
0000003608,曾仁和,味全龍,投手,whip,1.38,1.38,0.0,-0.0,unchanged,20260918T112310Z-8f8e01d8ec46,20260929T204833Z-5e0600df3416,2026-09-18T11:23:10+00:00,2026-09-29T20:48:33+00:00
0000007305,李致霖,味全龍,投手,era,4.82,4.82,0.0,-0.0,unchanged,20260918T112310Z-8f8e01d8ec46,20260929T204833Z-5e0600df3416,2026-09-18T11:23:10+00:00,2026-09-29T20:48:33+00:00
0000007305,李致霖,味全龍,投手,innings_pitched,9.333,9.333,0.0,0.0,unchanged,20260918T112310Z-8f8e01d8ec46,20260929T204833Z-5e0600df3416,2026-09-18T11:23:10+00:00,2026-09-29T20:48:33+00:00
0000007305,李致霖,味全龍,投手,k_bb_ratio,0.45,0.45,0.0,0.0,unchanged,20260918T112310Z-8f8e01d8ec46,20260929T204833Z-5e0600df3416,2026-09-18T11:23:10+00:00,2026-09-29T20:48:33+00:00
0000007305,李致霖,味全龍,投手,player_value_score,53.9,53.7,-0.2,-0.2,changed,20260918T112310Z-8f8e01d8ec46,20260929T204833Z-5e0600df3416,2026-09-18T11:23:10+00:00,2026-09-29T20:48:33+00:00
0000007305,李致霖,味全龍,投手,strikeouts,5.0,5.0,0.0,0.0,unchanged,20260918T112310Z-8f8e01d8ec46,20260929T204833Z-5e0600df3416,2026-09-18T11:23:10+00:00,2026-09-29T20:48:33+00:00
0000007305,李致霖,味全龍,投手,whip,1.82,1.82,0.0,-0.0,unchanged,20260918T112310Z-8f8e01d8ec46,20260929T204833Z-5e0600df3416,2026-09-18T11:23:10+00:00,2026-09-29T20:48:33+00:00
0000006160,李超,味全龍,投手,era,1.67,1.51,-0.16,0.16,changed,20260918T112310Z-8f8e01d8ec46,20260929T204833Z-5e0600df3416,2026-09-18T11:23:10+00:00,2026-09-29T20:48:33+00:00
0000006160,李超,味全龍,投手,innings_pitched,32.333,35.667,3.334,3.334,changed,20260918T112310Z-8f8e01d8ec46,20260929T204833Z-5e0600df3416,2026-09-18T11:23:10+00:00,2026-09-29T20:48:33+00:00
0000006160,李超,味全龍,投手,k_bb_ratio,2.2,2.0,-0.2,-0.2,changed,20260918T112310Z-8f8e01d8ec46,20260929T204833Z-5e0600df3416,2026-09-18T11:23:10+00:00,2026-09-29T20:48:33+00:00
0000006160,李超,味全龍,投手,player_value_score,68.0,66.5,-1.5,-1.5,changed,20260918T112310Z-8f8e01d8ec46,20260929T204833Z-5e0600df3416,2026-09-18T11:23:10+00:00,2026-09-29T20:48:33+00:00
0000006160,李超,味全龍,投手,strikeouts,22.0,24.0,2.0,2.0,changed,20260918T112310Z-8f8e01d8ec46,20260929T204833Z-5e0600df3416,2026-09-18T11:23:10+00:00,2026-09-29T20:48:33+00:00
0000006160,李超,味全龍,投手,whip,1.05,1.07,0.02,-0.02,changed,20260918T112310Z-8f8e01d8ec46,20260929T204833Z-5e0600df3416,2026-09-18T11:23:10+00:00,2026-09-29T20:48:33+00:00
0000005788,林凱威,味全龍,投手,era,2.63,2.96,0.33,-0.33,changed,20260918T112310Z-8f8e01d8ec46,20260929T204833Z-5e0600df3416,2026-09-18T11:23:10+00:00,2026-09-29T20:48:33+00:00
0000005788,林凱威,味全龍,投手,innings_pitched,48.0,51.667,3.667,3.667,changed,20260918T112310Z-8f8e01d8ec46,20260929T204833Z-5e0600df3416,2026-09-18T11:23:10+00:00,2026-09-29T20:48:33+00:00
0000005788,林凱威,味全龍,投手,k_bb_ratio,2.29,2.27,-0.02,-0.02,changed,20260918T112310Z-8f8e01d8ec46,20260929T204833Z-5e0600df3416,2026-09-18T11:23:10+00:00,2026-09-29T20:48:33+00:00
0000005788,林凱威,味全龍,投手,player_value_score,67.3,66.0,-1.3,-1.3,changed,20260918T112310Z-8f8e01d8ec46,20260929T204833Z-5e0600df3416,2026-09-18T11:23:10+00:00,2026-09-29T20:48:33+00:00
0000005788,林凱威,味全龍,投手,strikeouts,32.0,34.0,2.0,2.0,changed,20260918T112310Z-8f8e01d8ec46,20260929T204833Z-5e0600df3416,2026-09-18T11:23:10+00:00,2026-09-29T20:48:33+00:00
0000005788,林凱威,味全龍,投手,whip,1.17,1.24,0.07,-0.07,changed,20260918T112310Z-8f8e01d8ec46,20260929T204833Z-5e0600df3416,2026-09-18T11:23:10+00:00,2026-09-29T20:48:33+00:00
0000001821,林子昱,味全龍,投手,era,2.06,1.9,-0.16,0.16,changed,20260918T112310Z-8f8e01d8ec46,20260929T204833Z-5e0600df3416,2026-09-18T11:23:10+00:00,2026-09-29T20:48:33+00:00
0000001821,林子昱,味全龍,投手,innings_pitched,43.667,47.333,3.666,3.666,changed,20260918T112310Z-8f8e01d8ec46,20260929T204833Z-5e0600df3416,2026-09-18T11:23:10+00:00,2026-09-29T20:48:33+00:00
0000001821,林子昱,味全龍,投手,k_bb_ratio,2.62,3.0,0.38,0.38,changed,20260918T112310Z-8f8e01d8ec46,20260929T204833Z-5e0600df3416,2026-09-18T11:23:10+00:00,2026-09-29T20:48:33+00:00
0000001821,林子昱,味全龍,投手,player_value_score,66.7,67.1,0.4,0.4,changed,20260918T112310Z-8f8e01d8ec46,20260929T204833Z-5e0600df3416,2026-09-18T11:23:10+00:00,2026-09-29T20:48:33+00:00
0000001821,林子昱,味全龍,投手,strikeouts,21.0,24.0,3.0,3.0,changed,20260918T112310Z-8f8e01d8ec46,20260929T204833Z-5e0600df3416,2026-09-18T11:23:10+00:00,2026-09-29T20:48:33+00:00
0000001821,林子昱,味全龍,投手,whip,1.17,1.1,-0.07,0.07,changed,20260918T112310Z-8f8e01d8ec46,20260929T204833Z-5e0600df3416,2026-09-18T11:23:10+00:00,2026-09-29T20:48:33+00:00
0000007083,林柏佑,味全龍,投手,era,3.0,1.5,-1.5,1.5,changed,20260918T112310Z-8f8e01d8ec46,20260929T204833Z-5e0600df3416,2026-09-18T11:23:10+00:00,2026-09-29T20:48:33+00:00
0000007083,林柏佑,味全龍,投手,innings_pitched,3.0,6.0,3.0,3.0,changed,20260918T112310Z-8f8e01d8ec46,20260929T204833Z-5e0600df3416,2026-09-18T11:23:10+00:00,2026-09-29T20:48:33+00:00
0000007083,林柏佑,味全龍,投手,k_bb_ratio,0.0,1.5,1.5,1.5,changed,20260918T112310Z-8f8e01d8ec46,20260929T204833Z-5e0600df3416,2026-09-18T11:23:10+00:00,2026-09-29T20:48:33+00:00
0000007083,林柏佑,味全龍,投手,player_value_score,57.8,63.3,5.5,5.5,changed,20260918T112310Z-8f8e01d8ec46,20260929T204833Z-5e0600df3416,2026-09-18T11:23:10+00:00,2026-09-29T20:48:33+00:00
0000007083,林柏佑,味全龍,投手,strikeouts,0.0,3.0,3.0,3.0,changed,20260918T112310Z-8f8e01d8ec46,20260929T204833Z-5e0600df3416,2026-09-18T11:23:10+00:00,2026-09-29T20:48:33+00:00
0000007083,林柏佑,味全龍,投手,whip,0.67,1.17,0.5,-0.5,changed,20260918T112310Z-8f8e01d8ec46,20260929T204833Z-5e0600df3416,2026-09-18T11:23:10+00:00,2026-09-29T20:48:33+00:00
0000006159,林逸達,味全龍,投手,era,20.25,20.25,0.0,-0.0,unchanged,20260918T112310Z-8f8e01d8ec46,20260929T204833Z-5e0600df3416,2026-09-18T11:23:10+00:00,2026-09-29T20:48:33+00:00
0000006159,林逸達,味全龍,投手,innings_pitched,1.333,1.333,0.0,0.0,unchanged,20260918T112310Z-8f8e01d8ec46,20260929T204833Z-5e0600df3416,2026-09-18T11:23:10+00:00,2026-09-29T20:48:33+00:00
0000006159,林逸達,味全龍,投手,k_bb_ratio,0.0,0.0,0.0,0.0,unchanged,20260918T112310Z-8f8e01d8ec46,20260929T204833Z-5e0600df3416,2026-09-18T11:23:10+00:00,2026-09-29T20:48:33+00:00
0000006159,林逸達,味全龍,投手,player_value_score,37.9,37.9,0.0,0.0,unchanged,20260918T112310Z-8f8e01d8ec46,20260929T204833Z-5e0600df3416,2026-09-18T11:23:10+00:00,2026-09-29T20:48:33+00:00
0000006159,林逸達,味全龍,投手,strikeouts,0.0,0.0,0.0,0.0,unchanged,20260918T112310Z-8f8e01d8ec46,20260929T204833Z-5e0600df3416,2026-09-18T11:23:10+00:00,2026-09-29T20:48:33+00:00
0000006159,林逸達,味全龍,投手,whip,3.75,3.75,0.0,-0.0,unchanged,20260918T112310Z-8f8e01d8ec46,20260929T204833Z-5e0600df3416,2026-09-18T11:23:10+00:00,2026-09-29T20:48:33+00:00
0000005789,林鋅杰,味全龍,投手,era,3.54,3.94,0.4,-0.4,changed,20260918T112310Z-8f8e01d8ec46,20260929T204833Z-5e0600df3416,2026-09-18T11:23:10+00:00,2026-09-29T20:48:33+00:00
0000005789,林鋅杰,味全龍,投手,innings_pitched,28.0,29.667,1.667,1.667,changed,20260918T112310Z-8f8e01d8ec46,20260929T204833Z-5e0600df3416,2026-09-18T11:23:10+00:00,2026-09-29T20:48:33+00:00
0000005789,林鋅杰,味全龍,投手,k_bb_ratio,0.68,0.67,-0.01,-0.01,changed,20260918T112310Z-8f8e01d8ec46,20260929T204833Z-5e0600df3416,2026-09-18T11:23:10+00:00,2026-09-29T20:48:33+00:00
0000005789,林鋅杰,味全龍,投手,player_value_score,57.6,57.1,-0.5,-0.5,changed,20260918T112310Z-8f8e01d8ec46,20260929T204833Z-5e0600df3416,2026-09-18T11:23:10+00:00,2026-09-29T20:48:33+00:00
0000005789,林鋅杰,味全龍,投手,strikeouts,13.0,14.0,1.0,1.0,changed,20260918T112310Z-8f8e01d8ec46,20260929T204833Z-5e0600df3416,2026-09-18T11:23:10+00:00,2026-09-29T20:48:33+00:00
0000005789,林鋅杰,味全龍,投手,whip,1.61,1.62,0.01,-0.01,changed,20260918T112310Z-8f8e01d8ec46,20260929T204833Z-5e0600df3416,2026-09-18T11:23:10+00:00,2026-09-29T20:48:33+00:00
0000006555,梅賽鍶,味全龍,投手,era,1.76,1.89,0.13,-0.13,changed,20260918T112310Z-8f8e01d8ec46,20260929T204833Z-5e0600df3416,2026-09-18T11:23:10+00:00,2026-09-29T20:48:33+00:00
0000006555,梅賽鍶,味全龍,投手,innings_pitched,112.667,128.667,16.0,16.0,changed,20260918T112310Z-8f8e01d8ec46,20260929T204833Z-5e0600df3416,2026-09-18T11:23:10+00:00,2026-09-29T20:48:33+00:00
0000006555,梅賽鍶,味全龍,投手,k_bb_ratio,3.89,4.0,0.11,0.11,changed,20260918T112310Z-8f8e01d8ec46,20260929T204833Z-5e0600df3416,2026-09-18T11:23:10+00:00,2026-09-29T20:48:33+00:00
0000006555,梅賽鍶,味全龍,投手,player_value_score,71.7,70.3,-1.4,-1.4,changed,20260918T112310Z-8f8e01d8ec46,20260929T204833Z-5e0600df3416,2026-09-18T11:23:10+00:00,2026-09-29T20:48:33+00:00
0000006555,梅賽鍶,味全龍,投手,strikeouts,70.0,76.0,6.0,6.0,changed,20260918T112310Z-8f8e01d8ec46,20260929T204833Z-5e0600df3416,2026-09-18T11:23:10+00:00,2026-09-29T20:48:33+00:00
0000006555,梅賽鍶,味全龍,投手,whip,1.08,1.05,-0.03,0.03,changed,20260918T112310Z-8f8e01d8ec46,20260929T204833Z-5e0600df3416,2026-09-18T11:23:10+00:00,2026-09-29T20:48:33+00:00
0000006236,楊鈺翔,味全龍,投手,era,0.0,0.0,0.0,-0.0,unchanged,20260918T112310Z-8f8e01d8ec46,20260929T204833Z-5e0600df3416,2026-09-18T11:23:10+00:00,2026-09-29T20:48:33+00:00
0000006236,楊鈺翔,味全龍,投手,innings_pitched,3.333,3.333,0.0,0.0,unchanged,20260918T112310Z-8f8e01d8ec46,20260929T204833Z-5e0600df3416,2026-09-18T11:23:10+00:00,2026-09-29T20:48:33+00:00
0000006236,楊鈺翔,味全龍,投手,k_bb_ratio,1.0,1.0,0.0,0.0,unchanged,20260918T112310Z-8f8e01d8ec46,20260929T204833Z-5e0600df3416,2026-09-18T11:23:10+00:00,2026-09-29T20:48:33+00:00
0000006236,楊鈺翔,味全龍,投手,player_value_score,60.9,60.5,-0.4,-0.4,changed,20260918T112310Z-8f8e01d8ec46,20260929T204833Z-5e0600df3416,2026-09-18T11:23:10+00:00,2026-09-29T20:48:33+00:00
0000006236,楊鈺翔,味全龍,投手,strikeouts,1.0,1.0,0.0,0.0,unchanged,20260918T112310Z-8f8e01d8ec46,20260929T204833Z-5e0600df3416,2026-09-18T11:23:10+00:00,2026-09-29T20:48:33+00:00
0000006236,楊鈺翔,味全龍,投手,whip,1.2,1.2,0.0,-0.0,unchanged,20260918T112310Z-8f8e01d8ec46,20260929T204833Z-5e0600df3416,2026-09-18T11:23:10+00:00,2026-09-29T20:48:33+00:00
0000006910,王伯洋,味全龍,投手,era,2.13,2.13,0.0,-0.0,unchanged,20260918T112310Z-8f8e01d8ec46,20260929T204833Z-5e0600df3416,2026-09-18T11:23:10+00:00,2026-09-29T20:48:33+00:00
0000006910,王伯洋,味全龍,投手,innings_pitched,12.667,12.667,0.0,0.0,unchanged,20260918T112310Z-8f8e01d8ec46,20260929T204833Z-5e0600df3416,2026-09-18T11:23:10+00:00,2026-09-29T20:48:33+00:00
0000006910,王伯洋,味全龍,投手,k_bb_ratio,1.0,1.0,0.0,0.0,unchanged,20260918T112310Z-8f8e01d8ec46,20260929T204833Z-5e0600df3416,2026-09-18T11:23:10+00:00,2026-09-29T20:48:33+00:00
0000006910,王伯洋,味全龍,投手,player_value_score,61.8,61.5,-0.3,-0.3,changed,20260918T112310Z-8f8e01d8ec46,20260929T204833Z-5e0600df3416,2026-09-18T11:23:10+00:00,2026-09-29T20:48:33+00:00
0000006910,王伯洋,味全龍,投手,strikeouts,11.0,11.0,0.0,0.0,unchanged,20260918T112310Z-8f8e01d8ec46,20260929T204833Z-5e0600df3416,2026-09-18T11:23:10+00:00,2026-09-29T20:48:33+00:00
0000006910,王伯洋,味全龍,投手,whip,1.5,1.5,0.0,-0.0,unchanged,20260918T112310Z-8f8e01d8ec46,20260929T204833Z-5e0600df3416,2026-09-18T11:23:10+00:00,2026-09-29T20:48:33+00:00
0000002278,王定穎,味全龍,投手,era,108.0,108.0,0.0,-0.0,unchanged,20260918T112310Z-8f8e01d8ec46,20260929T204833Z-5e0600df3416,2026-09-18T11:23:10+00:00,2026-09-29T20:48:33+00:00
0000002278,王定穎,味全龍,投手,innings_pitched,0.333,0.333,0.0,0.0,unchanged,20260918T112310Z-8f8e01d8ec46,20260929T204833Z-5e0600df3416,2026-09-18T11:23:10+00:00,2026-09-29T20:48:33+00:00
0000002278,王定穎,味全龍,投手,k_bb_ratio,0.0,0.0,0.0,0.0,unchanged,20260918T112310Z-8f8e01d8ec46,20260929T204833Z-5e0600df3416,2026-09-18T11:23:10+00:00,2026-09-29T20:48:33+00:00
0000002278,王定穎,味全龍,投手,player_value_score,3.0,3.0,0.0,0.0,unchanged,20260918T112310Z-8f8e01d8ec46,20260929T204833Z-5e0600df3416,2026-09-18T11:23:10+00:00,2026-09-29T20:48:33+00:00
0000002278,王定穎,味全龍,投手,strikeouts,0.0,0.0,0.0,0.0,unchanged,20260918T112310Z-8f8e01d8ec46,20260929T204833Z-5e0600df3416,2026-09-18T11:23:10+00:00,2026-09-29T20:48:33+00:00
0000002278,王定穎,味全龍,投手,whip,9.0,9.0,0.0,-0.0,unchanged,20260918T112310Z-8f8e01d8ec46,20260929T204833Z-5e0600df3416,2026-09-18T11:23:10+00:00,2026-09-29T20:48:33+00:00
0000007779,蔣銲,味全龍,投手,era,1.35,1.36,0.01,-0.01,changed,20260918T112310Z-8f8e01d8ec46,20260929T204833Z-5e0600df3416,2026-09-18T11:23:10+00:00,2026-09-29T20:48:33+00:00
0000007779,蔣銲,味全龍,投手,innings_pitched,113.333,125.333,12.0,12.0,changed,20260918T112310Z-8f8e01d8ec46,20260929T204833Z-5e0600df3416,2026-09-18T11:23:10+00:00,2026-09-29T20:48:33+00:00
0000007779,蔣銲,味全龍,投手,k_bb_ratio,3.16,3.3,0.14,0.14,changed,20260918T112310Z-8f8e01d8ec46,20260929T204833Z-5e0600df3416,2026-09-18T11:23:10+00:00,2026-09-29T20:48:33+00:00
0000007779,蔣銲,味全龍,投手,player_value_score,74.5,73.8,-0.7,-0.7,changed,20260918T112310Z-8f8e01d8ec46,20260929T204833Z-5e0600df3416,2026-09-18T11:23:10+00:00,2026-09-29T20:48:33+00:00
0000007779,蔣銲,味全龍,投手,strikeouts,117.0,132.0,15.0,15.0,changed,20260918T112310Z-8f8e01d8ec46,20260929T204833Z-5e0600df3416,2026-09-18T11:23:10+00:00,2026-09-29T20:48:33+00:00
0000007779,蔣銲,味全龍,投手,whip,0.95,0.97,0.02,-0.02,changed,20260918T112310Z-8f8e01d8ec46,20260929T204833Z-5e0600df3416,2026-09-18T11:23:10+00:00,2026-09-29T20:48:33+00:00
0000006215,趙璟榮,味全龍,投手,era,3.24,2.89,-0.35,0.35,changed,20260918T112310Z-8f8e01d8ec46,20260929T204833Z-5e0600df3416,2026-09-18T11:23:10+00:00,2026-09-29T20:48:33+00:00
0000006215,趙璟榮,味全龍,投手,innings_pitched,16.667,18.667,2.0,2.0,changed,20260918T112310Z-8f8e01d8ec46,20260929T204833Z-5e0600df3416,2026-09-18T11:23:10+00:00,2026-09-29T20:48:33+00:00
0000006215,趙璟榮,味全龍,投手,k_bb_ratio,1.1,1.5,0.4,0.4,changed,20260918T112310Z-8f8e01d8ec46,20260929T204833Z-5e0600df3416,2026-09-18T11:23:10+00:00,2026-09-29T20:48:33+00:00
0000006215,趙璟榮,味全龍,投手,player_value_score,61.5,64.5,3.0,3.0,changed,20260918T112310Z-8f8e01d8ec46,20260929T204833Z-5e0600df3416,2026-09-18T11:23:10+00:00,2026-09-29T20:48:33+00:00
0000006215,趙璟榮,味全龍,投手,strikeouts,11.0,15.0,4.0,4.0,changed,20260918T112310Z-8f8e01d8ec46,20260929T204833Z-5e0600df3416,2026-09-18T11:23:10+00:00,2026-09-29T20:48:33+00:00
0000006215,趙璟榮,味全龍,投手,whip,1.56,1.39,-0.17,0.17,changed,20260918T112310Z-8f8e01d8ec46,20260929T204833Z-5e0600df3416,2026-09-18T11:23:10+00:00,2026-09-29T20:48:33+00:00
0000005541,郭郁政,味全龍,投手,era,4.88,4.88,0.0,-0.0,unchanged,20260918T112310Z-8f8e01d8ec46,20260929T204833Z-5e0600df3416,2026-09-18T11:23:10+00:00,2026-09-29T20:48:33+00:00
0000005541,郭郁政,味全龍,投手,innings_pitched,31.333,31.333,0.0,0.0,unchanged,20260918T112310Z-8f8e01d8ec46,20260929T204833Z-5e0600df3416,2026-09-18T11:23:10+00:00,2026-09-29T20:48:33+00:00
0000005541,郭郁政,味全龍,投手,k_bb_ratio,5.0,5.0,0.0,0.0,unchanged,20260918T112310Z-8f8e01d8ec46,20260929T204833Z-5e0600df3416,2026-09-18T11:23:10+00:00,2026-09-29T20:48:33+00:00
0000005541,郭郁政,味全龍,投手,player_value_score,69.2,67.4,-1.8,-1.8,changed,20260918T112310Z-8f8e01d8ec46,20260929T204833Z-5e0600df3416,2026-09-18T11:23:10+00:00,2026-09-29T20:48:33+00:00
0000005541,郭郁政,味全龍,投手,strikeouts,10.0,10.0,0.0,0.0,unchanged,20260918T112310Z-8f8e01d8ec46,20260929T204833Z-5e0600df3416,2026-09-18T11:23:10+00:00,2026-09-29T20:48:33+00:00
0000005541,郭郁政,味全龍,投手,whip,1.34,1.34,0.0,-0.0,unchanged,20260918T112310Z-8f8e01d8ec46,20260929T204833Z-5e0600df3416,2026-09-18T11:23:10+00:00,2026-09-29T20:48:33+00:00
0000006497,鋼龍,味全龍,投手,era,2.27,2.31,0.04,-0.04,changed,20260918T112310Z-8f8e01d8ec46,20260929T204833Z-5e0600df3416,2026-09-18T11:23:10+00:00,2026-09-29T20:48:33+00:00
0000006497,鋼龍,味全龍,投手,innings_pitched,131.0,140.333,9.333,9.333,changed,20260918T112310Z-8f8e01d8ec46,20260929T204833Z-5e0600df3416,2026-09-18T11:23:10+00:00,2026-09-29T20:48:33+00:00
0000006497,鋼龍,味全龍,投手,k_bb_ratio,3.21,2.77,-0.44,-0.44,changed,20260918T112310Z-8f8e01d8ec46,20260929T204833Z-5e0600df3416,2026-09-18T11:23:10+00:00,2026-09-29T20:48:33+00:00
0000006497,鋼龍,味全龍,投手,player_value_score,71.4,68.9,-2.5,-2.5,changed,20260918T112310Z-8f8e01d8ec46,20260929T204833Z-5e0600df3416,2026-09-18T11:23:10+00:00,2026-09-29T20:48:33+00:00
0000006497,鋼龍,味全龍,投手,strikeouts,106.0,111.0,5.0,5.0,changed,20260918T112310Z-8f8e01d8ec46,20260929T204833Z-5e0600df3416,2026-09-18T11:23:10+00:00,2026-09-29T20:48:33+00:00
0000006497,鋼龍,味全龍,投手,whip,1.16,1.2,0.04,-0.04,changed,20260918T112310Z-8f8e01d8ec46,20260929T204833Z-5e0600df3416,2026-09-18T11:23:10+00:00,2026-09-29T20:48:33+00:00
0000005555,陳冠偉,味全龍,投手,era,1.93,1.97,0.04,-0.04,changed,20260918T112310Z-8f8e01d8ec46,20260929T204833Z-5e0600df3416,2026-09-18T11:23:10+00:00,2026-09-29T20:48:33+00:00
0000005555,陳冠偉,味全龍,投手,innings_pitched,46.667,50.333,3.666,3.666,changed,20260918T112310Z-8f8e01d8ec46,20260929T204833Z-5e0600df3416,2026-09-18T11:23:10+00:00,2026-09-29T20:48:33+00:00
0000005555,陳冠偉,味全龍,投手,k_bb_ratio,3.62,2.73,-0.89,-0.89,changed,20260918T112310Z-8f8e01d8ec46,20260929T204833Z-5e0600df3416,2026-09-18T11:23:10+00:00,2026-09-29T20:48:33+00:00
0000005555,陳冠偉,味全龍,投手,player_value_score,71.3,67.5,-3.8,-3.8,changed,20260918T112310Z-8f8e01d8ec46,20260929T204833Z-5e0600df3416,2026-09-18T11:23:10+00:00,2026-09-29T20:48:33+00:00
0000005555,陳冠偉,味全龍,投手,strikeouts,29.0,30.0,1.0,1.0,changed,20260918T112310Z-8f8e01d8ec46,20260929T204833Z-5e0600df3416,2026-09-18T11:23:10+00:00,2026-09-29T20:48:33+00:00
0000005555,陳冠偉,味全龍,投手,whip,1.01,1.07,0.06,-0.06,changed,20260918T112310Z-8f8e01d8ec46,20260929T204833Z-5e0600df3416,2026-09-18T11:23:10+00:00,2026-09-29T20:48:33+00:00
0000006750,陳暐皓,味全龍,投手,era,3.38,3.38,0.0,-0.0,unchanged,20260918T112310Z-8f8e01d8ec46,20260929T204833Z-5e0600df3416,2026-09-18T11:23:10+00:00,2026-09-29T20:48:33+00:00
0000006750,陳暐皓,味全龍,投手,innings_pitched,2.667,2.667,0.0,0.0,unchanged,20260918T112310Z-8f8e01d8ec46,20260929T204833Z-5e0600df3416,2026-09-18T11:23:10+00:00,2026-09-29T20:48:33+00:00
0000006750,陳暐皓,味全龍,投手,k_bb_ratio,2.0,2.0,0.0,0.0,unchanged,20260918T112310Z-8f8e01d8ec46,20260929T204833Z-5e0600df3416,2026-09-18T11:23:10+00:00,2026-09-29T20:48:33+00:00
0000006750,陳暐皓,味全龍,投手,player_value_score,68.6,67.9,-0.7,-0.7,changed,20260918T112310Z-8f8e01d8ec46,20260929T204833Z-5e0600df3416,2026-09-18T11:23:10+00:00,2026-09-29T20:48:33+00:00
0000006750,陳暐皓,味全龍,投手,strikeouts,2.0,2.0,0.0,0.0,unchanged,20260918T112310Z-8f8e01d8ec46,20260929T204833Z-5e0600df3416,2026-09-18T11:23:10+00:00,2026-09-29T20:48:33+00:00
0000006750,陳暐皓,味全龍,投手,whip,0.75,0.75,0.0,-0.0,unchanged,20260918T112310Z-8f8e01d8ec46,20260929T204833Z-5e0600df3416,2026-09-18T11:23:10+00:00,2026-09-29T20:48:33+00:00
0000000135,陳禹勳,味全龍,投手,era,7.2,5.84,-1.36,1.36,changed,20260918T112310Z-8f8e01d8ec46,20260929T204833Z-5e0600df3416,2026-09-18T11:23:10+00:00,2026-09-29T20:48:33+00:00
0000000135,陳禹勳,味全龍,投手,innings_pitched,10.0,12.333,2.333,2.333,changed,20260918T112310Z-8f8e01d8ec46,20260929T204833Z-5e0600df3416,2026-09-18T11:23:10+00:00,2026-09-29T20:48:33+00:00
0000000135,陳禹勳,味全龍,投手,k_bb_ratio,1.5,2.25,0.75,0.75,changed,20260918T112310Z-8f8e01d8ec46,20260929T204833Z-5e0600df3416,2026-09-18T11:23:10+00:00,2026-09-29T20:48:33+00:00
0000000135,陳禹勳,味全龍,投手,player_value_score,61.1,64.6,3.5,3.5,changed,20260918T112310Z-8f8e01d8ec46,20260929T204833Z-5e0600df3416,2026-09-18T11:23:10+00:00,2026-09-29T20:48:33+00:00
0000000135,陳禹勳,味全龍,投手,strikeouts,6.0,9.0,3.0,3.0,changed,20260918T112310Z-8f8e01d8ec46,20260929T204833Z-5e0600df3416,2026-09-18T11:23:10+00:00,2026-09-29T20:48:33+00:00
0000000135,陳禹勳,味全龍,投手,whip,1.8,1.62,-0.18,0.18,changed,20260918T112310Z-8f8e01d8ec46,20260929T204833Z-5e0600df3416,2026-09-18T11:23:10+00:00,2026-09-29T20:48:33+00:00
0000007264,魔神龍,味全龍,投手,era,2.78,2.78,0.0,-0.0,unchanged,20260918T112310Z-8f8e01d8ec46,20260929T204833Z-5e0600df3416,2026-09-18T11:23:10+00:00,2026-09-29T20:48:33+00:00
0000007264,魔神龍,味全龍,投手,innings_pitched,103.667,103.667,0.0,0.0,unchanged,20260918T112310Z-8f8e01d8ec46,20260929T204833Z-5e0600df3416,2026-09-18T11:23:10+00:00,2026-09-29T20:48:33+00:00
0000007264,魔神龍,味全龍,投手,k_bb_ratio,2.32,2.32,0.0,0.0,unchanged,20260918T112310Z-8f8e01d8ec46,20260929T204833Z-5e0600df3416,2026-09-18T11:23:10+00:00,2026-09-29T20:48:33+00:00
0000007264,魔神龍,味全龍,投手,player_value_score,66.6,65.8,-0.8,-0.8,changed,20260918T112310Z-8f8e01d8ec46,20260929T204833Z-5e0600df3416,2026-09-18T11:23:10+00:00,2026-09-29T20:48:33+00:00
0000007264,魔神龍,味全龍,投手,strikeouts,65.0,65.0,0.0,0.0,unchanged,20260918T112310Z-8f8e01d8ec46,20260929T204833Z-5e0600df3416,2026-09-18T11:23:10+00:00,2026-09-29T20:48:33+00:00
0000007264,魔神龍,味全龍,投手,whip,1.3,1.3,0.0,-0.0,unchanged,20260918T112310Z-8f8e01d8ec46,20260929T204833Z-5e0600df3416,2026-09-18T11:23:10+00:00,2026-09-29T20:48:33+00:00
0000007081,黃侰程,味全龍,投手,era,3.0,3.0,0.0,-0.0,unchanged,20260918T112310Z-8f8e01d8ec46,20260929T204833Z-5e0600df3416,2026-09-18T11:23:10+00:00,2026-09-29T20:48:33+00:00
0000007081,黃侰程,味全龍,投手,innings_pitched,6.0,6.0,0.0,0.0,unchanged,20260918T112310Z-8f8e01d8ec46,20260929T204833Z-5e0600df3416,2026-09-18T11:23:10+00:00,2026-09-29T20:48:33+00:00
0000007081,黃侰程,味全龍,投手,k_bb_ratio,1.25,1.25,0.0,0.0,unchanged,20260918T112310Z-8f8e01d8ec46,20260929T204833Z-5e0600df3416,2026-09-18T11:23:10+00:00,2026-09-29T20:48:33+00:00
0000007081,黃侰程,味全龍,投手,player_value_score,62.9,62.4,-0.5,-0.5,changed,20260918T112310Z-8f8e01d8ec46,20260929T204833Z-5e0600df3416,2026-09-18T11:23:10+00:00,2026-09-29T20:48:33+00:00
0000007081,黃侰程,味全龍,投手,strikeouts,5.0,5.0,0.0,0.0,unchanged,20260918T112310Z-8f8e01d8ec46,20260929T204833Z-5e0600df3416,2026-09-18T11:23:10+00:00,2026-09-29T20:48:33+00:00
0000007081,黃侰程,味全龍,投手,whip,1.67,1.67,0.0,-0.0,unchanged,20260918T112310Z-8f8e01d8ec46,20260929T204833Z-5e0600df3416,2026-09-18T11:23:10+00:00,2026-09-29T20:48:33+00:00
0000007581,黃暐傑,味全龍,投手,era,2.89,3.47,0.58,-0.58,changed,20260918T112310Z-8f8e01d8ec46,20260929T204833Z-5e0600df3416,2026-09-18T11:23:10+00:00,2026-09-29T20:48:33+00:00
0000007581,黃暐傑,味全龍,投手,innings_pitched,18.667,23.333,4.666,4.666,changed,20260918T112310Z-8f8e01d8ec46,20260929T204833Z-5e0600df3416,2026-09-18T11:23:10+00:00,2026-09-29T20:48:33+00:00
0000007581,黃暐傑,味全龍,投手,k_bb_ratio,1.6,1.43,-0.17,-0.17,changed,20260918T112310Z-8f8e01d8ec46,20260929T204833Z-5e0600df3416,2026-09-18T11:23:10+00:00,2026-09-29T20:48:33+00:00
0000007581,黃暐傑,味全龍,投手,player_value_score,62.4,61.2,-1.2,-1.2,changed,20260918T112310Z-8f8e01d8ec46,20260929T204833Z-5e0600df3416,2026-09-18T11:23:10+00:00,2026-09-29T20:48:33+00:00
0000007581,黃暐傑,味全龍,投手,strikeouts,8.0,10.0,2.0,2.0,changed,20260918T112310Z-8f8e01d8ec46,20260929T204833Z-5e0600df3416,2026-09-18T11:23:10+00:00,2026-09-29T20:48:33+00:00
0000007581,黃暐傑,味全龍,投手,whip,1.45,1.41,-0.04,0.04,changed,20260918T112310Z-8f8e01d8ec46,20260929T204833Z-5e0600df3416,2026-09-18T11:23:10+00:00,2026-09-29T20:48:33+00:00
0000006743,劉俊豪,富邦悍將,投手,era,27.0,27.0,0.0,-0.0,unchanged,20260918T112310Z-8f8e01d8ec46,20260929T204833Z-5e0600df3416,2026-09-18T11:23:10+00:00,2026-09-29T20:48:33+00:00
0000006743,劉俊豪,富邦悍將,投手,innings_pitched,1.0,1.0,0.0,0.0,unchanged,20260918T112310Z-8f8e01d8ec46,20260929T204833Z-5e0600df3416,2026-09-18T11:23:10+00:00,2026-09-29T20:48:33+00:00
0000006743,劉俊豪,富邦悍將,投手,k_bb_ratio,0.0,0.0,0.0,0.0,unchanged,20260918T112310Z-8f8e01d8ec46,20260929T204833Z-5e0600df3416,2026-09-18T11:23:10+00:00,2026-09-29T20:48:33+00:00
0000006743,劉俊豪,富邦悍將,投手,player_value_score,36.2,36.2,0.0,0.0,unchanged,20260918T112310Z-8f8e01d8ec46,20260929T204833Z-5e0600df3416,2026-09-18T11:23:10+00:00,2026-09-29T20:48:33+00:00
0000006743,劉俊豪,富邦悍將,投手,strikeouts,0.0,0.0,0.0,0.0,unchanged,20260918T112310Z-8f8e01d8ec46,20260929T204833Z-5e0600df3416,2026-09-18T11:23:10+00:00,2026-09-29T20:48:33+00:00
0000006743,劉俊豪,富邦悍將,投手,whip,4.0,4.0,0.0,-0.0,unchanged,20260918T112310Z-8f8e01d8ec46,20260929T204833Z-5e0600df3416,2026-09-18T11:23:10+00:00,2026-09-29T20:48:33+00:00
0000001524,劉昱言,富邦悍將,投手,era,4.35,4.35,0.0,-0.0,unchanged,20260918T112310Z-8f8e01d8ec46,20260929T204833Z-5e0600df3416,2026-09-18T11:23:10+00:00,2026-09-29T20:48:33+00:00
0000001524,劉昱言,富邦悍將,投手,innings_pitched,10.333,10.333,0.0,0.0,unchanged,20260918T112310Z-8f8e01d8ec46,20260929T204833Z-5e0600df3416,2026-09-18T11:23:10+00:00,2026-09-29T20:48:33+00:00
0000001524,劉昱言,富邦悍將,投手,k_bb_ratio,1.0,1.0,0.0,0.0,unchanged,20260918T112310Z-8f8e01d8ec46,20260929T204833Z-5e0600df3416,2026-09-18T11:23:10+00:00,2026-09-29T20:48:33+00:00
0000001524,劉昱言,富邦悍將,投手,player_value_score,59.6,59.2,-0.4,-0.4,changed,20260918T112310Z-8f8e01d8ec46,20260929T204833Z-5e0600df3416,2026-09-18T11:23:10+00:00,2026-09-29T20:48:33+00:00
0000001524,劉昱言,富邦悍將,投手,strikeouts,4.0,4.0,0.0,0.0,unchanged,20260918T112310Z-8f8e01d8ec46,20260929T204833Z-5e0600df3416,2026-09-18T11:23:10+00:00,2026-09-29T20:48:33+00:00
0000001524,劉昱言,富邦悍將,投手,whip,1.45,1.45,0.0,-0.0,unchanged,20260918T112310Z-8f8e01d8ec46,20260929T204833Z-5e0600df3416,2026-09-18T11:23:10+00:00,2026-09-29T20:48:33+00:00
0000007782,威戈神,富邦悍將,投手,era,4.24,4.24,0.0,-0.0,unchanged,20260918T112310Z-8f8e01d8ec46,20260929T204833Z-5e0600df3416,2026-09-18T11:23:10+00:00,2026-09-29T20:48:33+00:00
0000007782,威戈神,富邦悍將,投手,innings_pitched,34.0,34.0,0.0,0.0,unchanged,20260918T112310Z-8f8e01d8ec46,20260929T204833Z-5e0600df3416,2026-09-18T11:23:10+00:00,2026-09-29T20:48:33+00:00
0000007782,威戈神,富邦悍將,投手,k_bb_ratio,2.67,2.67,0.0,0.0,unchanged,20260918T112310Z-8f8e01d8ec46,20260929T204833Z-5e0600df3416,2026-09-18T11:23:10+00:00,2026-09-29T20:48:33+00:00
0000007782,威戈神,富邦悍將,投手,player_value_score,67.6,66.6,-1.0,-1.0,changed,20260918T112310Z-8f8e01d8ec46,20260929T204833Z-5e0600df3416,2026-09-18T11:23:10+00:00,2026-09-29T20:48:33+00:00
0000007782,威戈神,富邦悍將,投手,strikeouts,24.0,24.0,0.0,0.0,unchanged,20260918T112310Z-8f8e01d8ec46,20260929T204833Z-5e0600df3416,2026-09-18T11:23:10+00:00,2026-09-29T20:48:33+00:00
0000007782,威戈神,富邦悍將,投手,whip,1.41,1.41,0.0,-0.0,unchanged,20260918T112310Z-8f8e01d8ec46,20260929T204833Z-5e0600df3416,2026-09-18T11:23:10+00:00,2026-09-29T20:48:33+00:00
0000002280,廖任磊,富邦悍將,投手,era,4.89,4.81,-0.08,0.08,changed,20260918T112310Z-8f8e01d8ec46,20260929T204833Z-5e0600df3416,2026-09-18T11:23:10+00:00,2026-09-29T20:48:33+00:00
0000002280,廖任磊,富邦悍將,投手,innings_pitched,38.667,43.0,4.333,4.333,changed,20260918T112310Z-8f8e01d8ec46,20260929T204833Z-5e0600df3416,2026-09-18T11:23:10+00:00,2026-09-29T20:48:33+00:00
0000002280,廖任磊,富邦悍將,投手,k_bb_ratio,0.63,0.61,-0.02,-0.02,changed,20260918T112310Z-8f8e01d8ec46,20260929T204833Z-5e0600df3416,2026-09-18T11:23:10+00:00,2026-09-29T20:48:33+00:00
0000002280,廖任磊,富邦悍將,投手,player_value_score,57.0,56.4,-0.6,-0.6,changed,20260918T112310Z-8f8e01d8ec46,20260929T204833Z-5e0600df3416,2026-09-18T11:23:10+00:00,2026-09-29T20:48:33+00:00
0000002280,廖任磊,富邦悍將,投手,strikeouts,12.0,14.0,2.0,2.0,changed,20260918T112310Z-8f8e01d8ec46,20260929T204833Z-5e0600df3416,2026-09-18T11:23:10+00:00,2026-09-29T20:48:33+00:00
0000002280,廖任磊,富邦悍將,投手,whip,1.5,1.6,0.1,-0.1,changed,20260918T112310Z-8f8e01d8ec46,20260929T204833Z-5e0600df3416,2026-09-18T11:23:10+00:00,2026-09-29T20:48:33+00:00
0000005790,張奕,富邦悍將,投手,era,1.9,1.75,-0.15,0.15,changed,20260918T112310Z-8f8e01d8ec46,20260929T204833Z-5e0600df3416,2026-09-18T11:23:10+00:00,2026-09-29T20:48:33+00:00
0000005790,張奕,富邦悍將,投手,innings_pitched,47.333,51.333,4.0,4.0,changed,20260918T112310Z-8f8e01d8ec46,20260929T204833Z-5e0600df3416,2026-09-18T11:23:10+00:00,2026-09-29T20:48:33+00:00
0000005790,張奕,富邦悍將,投手,k_bb_ratio,2.64,2.6,-0.04,-0.04,changed,20260918T112310Z-8f8e01d8ec46,20260929T204833Z-5e0600df3416,2026-09-18T11:23:10+00:00,2026-09-29T20:48:33+00:00
0000005790,張奕,富邦悍將,投手,player_value_score,69.7,68.4,-1.3,-1.3,changed,20260918T112310Z-8f8e01d8ec46,20260929T204833Z-5e0600df3416,2026-09-18T11:23:10+00:00,2026-09-29T20:48:33+00:00
0000005790,張奕,富邦悍將,投手,strikeouts,37.0,39.0,2.0,2.0,changed,20260918T112310Z-8f8e01d8ec46,20260929T204833Z-5e0600df3416,2026-09-18T11:23:10+00:00,2026-09-29T20:48:33+00:00
0000005790,張奕,富邦悍將,投手,whip,1.18,1.23,0.05,-0.05,changed,20260918T112310Z-8f8e01d8ec46,20260929T204833Z-5e0600df3416,2026-09-18T11:23:10+00:00,2026-09-29T20:48:33+00:00
0000000938,張瑞麟,富邦悍將,投手,era,7.36,5.91,-1.45,1.45,changed,20260918T112310Z-8f8e01d8ec46,20260929T204833Z-5e0600df3416,2026-09-18T11:23:10+00:00,2026-09-29T20:48:33+00:00
0000000938,張瑞麟,富邦悍將,投手,innings_pitched,7.333,10.667,3.334,3.334,changed,20260918T112310Z-8f8e01d8ec46,20260929T204833Z-5e0600df3416,2026-09-18T11:23:10+00:00,2026-09-29T20:48:33+00:00
0000000938,張瑞麟,富邦悍將,投手,k_bb_ratio,1.17,0.89,-0.28,-0.28,changed,20260918T112310Z-8f8e01d8ec46,20260929T204833Z-5e0600df3416,2026-09-18T11:23:10+00:00,2026-09-29T20:48:33+00:00
0000000938,張瑞麟,富邦悍將,投手,player_value_score,60.3,58.3,-2.0,-2.0,changed,20260918T112310Z-8f8e01d8ec46,20260929T204833Z-5e0600df3416,2026-09-18T11:23:10+00:00,2026-09-29T20:48:33+00:00
0000000938,張瑞麟,富邦悍將,投手,strikeouts,7.0,8.0,1.0,1.0,changed,20260918T112310Z-8f8e01d8ec46,20260929T204833Z-5e0600df3416,2026-09-18T11:23:10+00:00,2026-09-29T20:48:33+00:00
0000000938,張瑞麟,富邦悍將,投手,whip,2.05,1.87,-0.18,0.18,changed,20260918T112310Z-8f8e01d8ec46,20260929T204833Z-5e0600df3416,2026-09-18T11:23:10+00:00,2026-09-29T20:48:33+00:00
0000007832,悍里歐,富邦悍將,投手,era,4.95,4.15,-0.8,0.8,changed,20260918T112310Z-8f8e01d8ec46,20260929T204833Z-5e0600df3416,2026-09-18T11:23:10+00:00,2026-09-29T20:48:33+00:00
0000007832,悍里歐,富邦悍將,投手,innings_pitched,20.0,26.0,6.0,6.0,changed,20260918T112310Z-8f8e01d8ec46,20260929T204833Z-5e0600df3416,2026-09-18T11:23:10+00:00,2026-09-29T20:48:33+00:00
0000007832,悍里歐,富邦悍將,投手,k_bb_ratio,1.55,1.5,-0.05,-0.05,changed,20260918T112310Z-8f8e01d8ec46,20260929T204833Z-5e0600df3416,2026-09-18T11:23:10+00:00,2026-09-29T20:48:33+00:00
0000007832,悍里歐,富邦悍將,投手,player_value_score,63.9,63.5,-0.4,-0.4,changed,20260918T112310Z-8f8e01d8ec46,20260929T204833Z-5e0600df3416,2026-09-18T11:23:10+00:00,2026-09-29T20:48:33+00:00
0000007832,悍里歐,富邦悍將,投手,strikeouts,17.0,21.0,4.0,4.0,changed,20260918T112310Z-8f8e01d8ec46,20260929T204833Z-5e0600df3416,2026-09-18T11:23:10+00:00,2026-09-29T20:48:33+00:00
0000007832,悍里歐,富邦悍將,投手,whip,1.7,1.58,-0.12,0.12,changed,20260918T112310Z-8f8e01d8ec46,20260929T204833Z-5e0600df3416,2026-09-18T11:23:10+00:00,2026-09-29T20:48:33+00:00
0000006227,曾峻岳,富邦悍將,投手,era,1.62,1.46,-0.16,0.16,changed,20260918T112310Z-8f8e01d8ec46,20260929T204833Z-5e0600df3416,2026-09-18T11:23:10+00:00,2026-09-29T20:48:33+00:00
0000006227,曾峻岳,富邦悍將,投手,innings_pitched,44.333,49.333,5.0,5.0,changed,20260918T112310Z-8f8e01d8ec46,20260929T204833Z-5e0600df3416,2026-09-18T11:23:10+00:00,2026-09-29T20:48:33+00:00
0000006227,曾峻岳,富邦悍將,投手,k_bb_ratio,4.67,4.69,0.02,0.02,changed,20260918T112310Z-8f8e01d8ec46,20260929T204833Z-5e0600df3416,2026-09-18T11:23:10+00:00,2026-09-29T20:48:33+00:00
0000006227,曾峻岳,富邦悍將,投手,player_value_score,80.9,79.3,-1.6,-1.6,changed,20260918T112310Z-8f8e01d8ec46,20260929T204833Z-5e0600df3416,2026-09-18T11:23:10+00:00,2026-09-29T20:48:33+00:00
0000006227,曾峻岳,富邦悍將,投手,strikeouts,56.0,61.0,5.0,5.0,changed,20260918T112310Z-8f8e01d8ec46,20260929T204833Z-5e0600df3416,2026-09-18T11:23:10+00:00,2026-09-29T20:48:33+00:00
0000006227,曾峻岳,富邦悍將,投手,whip,1.02,0.95,-0.07,0.07,changed,20260918T112310Z-8f8e01d8ec46,20260929T204833Z-5e0600df3416,2026-09-18T11:23:10+00:00,2026-09-29T20:48:33+00:00
0000000773,李吳永勤,富邦悍將,投手,era,5.06,5.34,0.28,-0.28,changed,20260918T112310Z-8f8e01d8ec46,20260929T204833Z-5e0600df3416,2026-09-18T11:23:10+00:00,2026-09-29T20:48:33+00:00
0000000773,李吳永勤,富邦悍將,投手,innings_pitched,26.667,28.667,2.0,2.0,changed,20260918T112310Z-8f8e01d8ec46,20260929T204833Z-5e0600df3416,2026-09-18T11:23:10+00:00,2026-09-29T20:48:33+00:00
0000000773,李吳永勤,富邦悍將,投手,k_bb_ratio,1.14,1.0,-0.14,-0.14,changed,20260918T112310Z-8f8e01d8ec46,20260929T204833Z-5e0600df3416,2026-09-18T11:23:10+00:00,2026-09-29T20:48:33+00:00
0000000773,李吳永勤,富邦悍將,投手,player_value_score,60.6,59.0,-1.6,-1.6,changed,20260918T112310Z-8f8e01d8ec46,20260929T204833Z-5e0600df3416,2026-09-18T11:23:10+00:00,2026-09-29T20:48:33+00:00
0000000773,李吳永勤,富邦悍將,投手,strikeouts,16.0,17.0,1.0,1.0,changed,20260918T112310Z-8f8e01d8ec46,20260929T204833Z-5e0600df3416,2026-09-18T11:23:10+00:00,2026-09-29T20:48:33+00:00
0000000773,李吳永勤,富邦悍將,投手,whip,1.58,1.71,0.13,-0.13,changed,20260918T112310Z-8f8e01d8ec46,20260929T204833Z-5e0600df3416,2026-09-18T11:23:10+00:00,2026-09-29T20:48:33+00:00
0000005561,李建勳,富邦悍將,投手,era,4.96,4.96,0.0,-0.0,unchanged,20260918T112310Z-8f8e01d8ec46,20260929T204833Z-5e0600df3416,2026-09-18T11:23:10+00:00,2026-09-29T20:48:33+00:00
0000005561,李建勳,富邦悍將,投手,innings_pitched,32.667,32.667,0.0,0.0,unchanged,20260918T112310Z-8f8e01d8ec46,20260929T204833Z-5e0600df3416,2026-09-18T11:23:10+00:00,2026-09-29T20:48:33+00:00
0000005561,李建勳,富邦悍將,投手,k_bb_ratio,1.93,1.93,0.0,0.0,unchanged,20260918T112310Z-8f8e01d8ec46,20260929T204833Z-5e0600df3416,2026-09-18T11:23:10+00:00,2026-09-29T20:48:33+00:00
0000005561,李建勳,富邦悍將,投手,player_value_score,65.9,65.2,-0.7,-0.7,changed,20260918T112310Z-8f8e01d8ec46,20260929T204833Z-5e0600df3416,2026-09-18T11:23:10+00:00,2026-09-29T20:48:33+00:00
0000005561,李建勳,富邦悍將,投手,strikeouts,29.0,29.0,0.0,0.0,unchanged,20260918T112310Z-8f8e01d8ec46,20260929T204833Z-5e0600df3416,2026-09-18T11:23:10+00:00,2026-09-29T20:48:33+00:00
0000005561,李建勳,富邦悍將,投手,whip,1.56,1.56,0.0,-0.0,unchanged,20260918T112310Z-8f8e01d8ec46,20260929T204833Z-5e0600df3416,2026-09-18T11:23:10+00:00,2026-09-29T20:48:33+00:00
0000006739,李東洺,富邦悍將,投手,era,2.55,2.54,-0.01,0.01,changed,20260918T112310Z-8f8e01d8ec46,20260929T204833Z-5e0600df3416,2026-09-18T11:23:10+00:00,2026-09-29T20:48:33+00:00
0000006739,李東洺,富邦悍將,投手,innings_pitched,98.667,110.0,11.333,11.333,changed,20260918T112310Z-8f8e01d8ec46,20260929T204833Z-5e0600df3416,2026-09-18T11:23:10+00:00,2026-09-29T20:48:33+00:00
0000006739,李東洺,富邦悍將,投手,k_bb_ratio,1.27,1.28,0.01,0.01,changed,20260918T112310Z-8f8e01d8ec46,20260929T204833Z-5e0600df3416,2026-09-18T11:23:10+00:00,2026-09-29T20:48:33+00:00
0000006739,李東洺,富邦悍將,投手,player_value_score,62.3,62.0,-0.3,-0.3,changed,20260918T112310Z-8f8e01d8ec46,20260929T204833Z-5e0600df3416,2026-09-18T11:23:10+00:00,2026-09-29T20:48:33+00:00
0000006739,李東洺,富邦悍將,投手,strikeouts,52.0,60.0,8.0,8.0,changed,20260918T112310Z-8f8e01d8ec46,20260929T204833Z-5e0600df3416,2026-09-18T11:23:10+00:00,2026-09-29T20:48:33+00:00
0000006739,李東洺,富邦悍將,投手,whip,1.29,1.28,-0.01,0.01,changed,20260918T112310Z-8f8e01d8ec46,20260929T204833Z-5e0600df3416,2026-09-18T11:23:10+00:00,2026-09-29T20:48:33+00:00
0000007090,林家勝,富邦悍將,投手,era,0.0,0.0,0.0,-0.0,unchanged,20260918T112310Z-8f8e01d8ec46,20260929T204833Z-5e0600df3416,2026-09-18T11:23:10+00:00,2026-09-29T20:48:33+00:00
0000007090,林家勝,富邦悍將,投手,innings_pitched,7.0,9.333,2.333,2.333,changed,20260918T112310Z-8f8e01d8ec46,20260929T204833Z-5e0600df3416,2026-09-18T11:23:10+00:00,2026-09-29T20:48:33+00:00
0000007090,林家勝,富邦悍將,投手,k_bb_ratio,2.33,2.5,0.17,0.17,changed,20260918T112310Z-8f8e01d8ec46,20260929T204833Z-5e0600df3416,2026-09-18T11:23:10+00:00,2026-09-29T20:48:33+00:00
0000007090,林家勝,富邦悍將,投手,player_value_score,74.0,73.4,-0.6,-0.6,changed,20260918T112310Z-8f8e01d8ec46,20260929T204833Z-5e0600df3416,2026-09-18T11:23:10+00:00,2026-09-29T20:48:33+00:00
0000007090,林家勝,富邦悍將,投手,strikeouts,7.0,10.0,3.0,3.0,changed,20260918T112310Z-8f8e01d8ec46,20260929T204833Z-5e0600df3416,2026-09-18T11:23:10+00:00,2026-09-29T20:48:33+00:00
0000007090,林家勝,富邦悍將,投手,whip,0.71,0.86,0.15,-0.15,changed,20260918T112310Z-8f8e01d8ec46,20260929T204833Z-5e0600df3416,2026-09-18T11:23:10+00:00,2026-09-29T20:48:33+00:00
0000006870,林栚呈,富邦悍將,投手,era,3.43,3.43,0.0,-0.0,unchanged,20260918T112310Z-8f8e01d8ec46,20260929T204833Z-5e0600df3416,2026-09-18T11:23:10+00:00,2026-09-29T20:48:33+00:00
0000006870,林栚呈,富邦悍將,投手,innings_pitched,42.0,42.0,0.0,0.0,unchanged,20260918T112310Z-8f8e01d8ec46,20260929T204833Z-5e0600df3416,2026-09-18T11:23:10+00:00,2026-09-29T20:48:33+00:00
0000006870,林栚呈,富邦悍將,投手,k_bb_ratio,0.95,0.95,0.0,0.0,unchanged,20260918T112310Z-8f8e01d8ec46,20260929T204833Z-5e0600df3416,2026-09-18T11:23:10+00:00,2026-09-29T20:48:33+00:00
0000006870,林栚呈,富邦悍將,投手,player_value_score,59.9,59.5,-0.4,-0.4,changed,20260918T112310Z-8f8e01d8ec46,20260929T204833Z-5e0600df3416,2026-09-18T11:23:10+00:00,2026-09-29T20:48:33+00:00
0000006870,林栚呈,富邦悍將,投手,strikeouts,18.0,18.0,0.0,0.0,unchanged,20260918T112310Z-8f8e01d8ec46,20260929T204833Z-5e0600df3416,2026-09-18T11:23:10+00:00,2026-09-29T20:48:33+00:00
0000006870,林栚呈,富邦悍將,投手,whip,1.38,1.38,0.0,-0.0,unchanged,20260918T112310Z-8f8e01d8ec46,20260929T204833Z-5e0600df3416,2026-09-18T11:23:10+00:00,2026-09-29T20:48:33+00:00
0000005479,江國豪,富邦悍將,投手,era,3.13,3.09,-0.04,0.04,changed,20260918T112310Z-8f8e01d8ec46,20260929T204833Z-5e0600df3416,2026-09-18T11:23:10+00:00,2026-09-29T20:48:33+00:00
0000005479,江國豪,富邦悍將,投手,innings_pitched,54.667,58.333,3.666,3.666,changed,20260918T112310Z-8f8e01d8ec46,20260929T204833Z-5e0600df3416,2026-09-18T11:23:10+00:00,2026-09-29T20:48:33+00:00
0000005479,江國豪,富邦悍將,投手,k_bb_ratio,1.12,1.07,-0.05,-0.05,changed,20260918T112310Z-8f8e01d8ec46,20260929T204833Z-5e0600df3416,2026-09-18T11:23:10+00:00,2026-09-29T20:48:33+00:00
0000005479,江國豪,富邦悍將,投手,player_value_score,61.0,60.2,-0.8,-0.8,changed,20260918T112310Z-8f8e01d8ec46,20260929T204833Z-5e0600df3416,2026-09-18T11:23:10+00:00,2026-09-29T20:48:33+00:00
0000005479,江國豪,富邦悍將,投手,strikeouts,29.0,31.0,2.0,2.0,changed,20260918T112310Z-8f8e01d8ec46,20260929T204833Z-5e0600df3416,2026-09-18T11:23:10+00:00,2026-09-29T20:48:33+00:00
0000005479,江國豪,富邦悍將,投手,whip,1.48,1.53,0.05,-0.05,changed,20260918T112310Z-8f8e01d8ec46,20260929T204833Z-5e0600df3416,2026-09-18T11:23:10+00:00,2026-09-29T20:48:33+00:00
0000000368,游霆崴,富邦悍將,投手,era,3.38,3.38,0.0,-0.0,unchanged,20260918T112310Z-8f8e01d8ec46,20260929T204833Z-5e0600df3416,2026-09-18T11:23:10+00:00,2026-09-29T20:48:33+00:00
0000000368,游霆崴,富邦悍將,投手,innings_pitched,16.0,16.0,0.0,0.0,unchanged,20260918T112310Z-8f8e01d8ec46,20260929T204833Z-5e0600df3416,2026-09-18T11:23:10+00:00,2026-09-29T20:48:33+00:00
0000000368,游霆崴,富邦悍將,投手,k_bb_ratio,2.33,2.33,0.0,0.0,unchanged,20260918T112310Z-8f8e01d8ec46,20260929T204833Z-5e0600df3416,2026-09-18T11:23:10+00:00,2026-09-29T20:48:33+00:00
0000000368,游霆崴,富邦悍將,投手,player_value_score,64.9,64.1,-0.8,-0.8,changed,20260918T112310Z-8f8e01d8ec46,20260929T204833Z-5e0600df3416,2026-09-18T11:23:10+00:00,2026-09-29T20:48:33+00:00
0000000368,游霆崴,富邦悍將,投手,strikeouts,7.0,7.0,0.0,0.0,unchanged,20260918T112310Z-8f8e01d8ec46,20260929T204833Z-5e0600df3416,2026-09-18T11:23:10+00:00,2026-09-29T20:48:33+00:00
0000000368,游霆崴,富邦悍將,投手,whip,1.25,1.25,0.0,-0.0,unchanged,20260918T112310Z-8f8e01d8ec46,20260929T204833Z-5e0600df3416,2026-09-18T11:23:10+00:00,2026-09-29T20:48:33+00:00
0000007568,王偉軒,富邦悍將,投手,era,2.13,1.65,-0.48,0.48,changed,20260918T112310Z-8f8e01d8ec46,20260929T204833Z-5e0600df3416,2026-09-18T11:23:10+00:00,2026-09-29T20:48:33+00:00
0000007568,王偉軒,富邦悍將,投手,innings_pitched,12.667,16.333,3.666,3.666,changed,20260918T112310Z-8f8e01d8ec46,20260929T204833Z-5e0600df3416,2026-09-18T11:23:10+00:00,2026-09-29T20:48:33+00:00
0000007568,王偉軒,富邦悍將,投手,k_bb_ratio,3.25,3.2,-0.05,-0.05,changed,20260918T112310Z-8f8e01d8ec46,20260929T204833Z-5e0600df3416,2026-09-18T11:23:10+00:00,2026-09-29T20:48:33+00:00
0000007568,王偉軒,富邦悍將,投手,player_value_score,73.4,72.5,-0.9,-0.9,changed,20260918T112310Z-8f8e01d8ec46,20260929T204833Z-5e0600df3416,2026-09-18T11:23:10+00:00,2026-09-29T20:48:33+00:00
0000007568,王偉軒,富邦悍將,投手,strikeouts,13.0,16.0,3.0,3.0,changed,20260918T112310Z-8f8e01d8ec46,20260929T204833Z-5e0600df3416,2026-09-18T11:23:10+00:00,2026-09-29T20:48:33+00:00
0000007568,王偉軒,富邦悍將,投手,whip,1.18,1.04,-0.14,0.14,changed,20260918T112310Z-8f8e01d8ec46,20260929T204833Z-5e0600df3416,2026-09-18T11:23:10+00:00,2026-09-29T20:48:33+00:00
0000002347,王浩原,富邦悍將,投手,era,4.7,4.7,0.0,-0.0,unchanged,20260918T112310Z-8f8e01d8ec46,20260929T204833Z-5e0600df3416,2026-09-18T11:23:10+00:00,2026-09-29T20:48:33+00:00
0000002347,王浩原,富邦悍將,投手,innings_pitched,15.333,15.333,0.0,0.0,unchanged,20260918T112310Z-8f8e01d8ec46,20260929T204833Z-5e0600df3416,2026-09-18T11:23:10+00:00,2026-09-29T20:48:33+00:00
0000002347,王浩原,富邦悍將,投手,k_bb_ratio,0.67,0.67,0.0,0.0,unchanged,20260918T112310Z-8f8e01d8ec46,20260929T204833Z-5e0600df3416,2026-09-18T11:23:10+00:00,2026-09-29T20:48:33+00:00
0000002347,王浩原,富邦悍將,投手,player_value_score,55.5,55.3,-0.2,-0.2,changed,20260918T112310Z-8f8e01d8ec46,20260929T204833Z-5e0600df3416,2026-09-18T11:23:10+00:00,2026-09-29T20:48:33+00:00
0000002347,王浩原,富邦悍將,投手,strikeouts,6.0,6.0,0.0,0.0,unchanged,20260918T112310Z-8f8e01d8ec46,20260929T204833Z-5e0600df3416,2026-09-18T11:23:10+00:00,2026-09-29T20:48:33+00:00
0000002347,王浩原,富邦悍將,投手,whip,2.28,2.28,0.0,-0.0,unchanged,20260918T112310Z-8f8e01d8ec46,20260929T204833Z-5e0600df3416,2026-09-18T11:23:10+00:00,2026-09-29T20:48:33+00:00
0000007804,瑪帝斯,富邦悍將,投手,era,2.51,3.05,0.54,-0.54,changed,20260918T112310Z-8f8e01d8ec46,20260929T204833Z-5e0600df3416,2026-09-18T11:23:10+00:00,2026-09-29T20:48:33+00:00
0000007804,瑪帝斯,富邦悍將,投手,innings_pitched,28.667,38.333,9.666,9.666,changed,20260918T112310Z-8f8e01d8ec46,20260929T204833Z-5e0600df3416,2026-09-18T11:23:10+00:00,2026-09-29T20:48:33+00:00
0000007804,瑪帝斯,富邦悍將,投手,k_bb_ratio,1.75,1.59,-0.16,-0.16,changed,20260918T112310Z-8f8e01d8ec46,20260929T204833Z-5e0600df3416,2026-09-18T11:23:10+00:00,2026-09-29T20:48:33+00:00
0000007804,瑪帝斯,富邦悍將,投手,player_value_score,65.9,64.1,-1.8,-1.8,changed,20260918T112310Z-8f8e01d8ec46,20260929T204833Z-5e0600df3416,2026-09-18T11:23:10+00:00,2026-09-29T20:48:33+00:00
0000007804,瑪帝斯,富邦悍將,投手,strikeouts,21.0,27.0,6.0,6.0,changed,20260918T112310Z-8f8e01d8ec46,20260929T204833Z-5e0600df3416,2026-09-18T11:23:10+00:00,2026-09-29T20:48:33+00:00
0000007804,瑪帝斯,富邦悍將,投手,whip,1.19,1.28,0.09,-0.09,changed,20260918T112310Z-8f8e01d8ec46,20260929T204833Z-5e0600df3416,2026-09-18T11:23:10+00:00,2026-09-29T20:48:33+00:00
0000007593,石梓霖,富邦悍將,投手,era,4.58,4.58,0.0,-0.0,unchanged,20260918T112310Z-8f8e01d8ec46,20260929T204833Z-5e0600df3416,2026-09-18T11:23:10+00:00,2026-09-29T20:48:33+00:00
0000007593,石梓霖,富邦悍將,投手,innings_pitched,19.667,19.667,0.0,0.0,unchanged,20260918T112310Z-8f8e01d8ec46,20260929T204833Z-5e0600df3416,2026-09-18T11:23:10+00:00,2026-09-29T20:48:33+00:00
0000007593,石梓霖,富邦悍將,投手,k_bb_ratio,1.33,1.33,0.0,0.0,unchanged,20260918T112310Z-8f8e01d8ec46,20260929T204833Z-5e0600df3416,2026-09-18T11:23:10+00:00,2026-09-29T20:48:33+00:00
0000007593,石梓霖,富邦悍將,投手,player_value_score,61.5,61.0,-0.5,-0.5,changed,20260918T112310Z-8f8e01d8ec46,20260929T204833Z-5e0600df3416,2026-09-18T11:23:10+00:00,2026-09-29T20:48:33+00:00
0000007593,石梓霖,富邦悍將,投手,strikeouts,8.0,8.0,0.0,0.0,unchanged,20260918T112310Z-8f8e01d8ec46,20260929T204833Z-5e0600df3416,2026-09-18T11:23:10+00:00,2026-09-29T20:48:33+00:00
0000007593,石梓霖,富邦悍將,投手,whip,1.27,1.27,0.0,-0.0,unchanged,20260918T112310Z-8f8e01d8ec46,20260929T204833Z-5e0600df3416,2026-09-18T11:23:10+00:00,2026-09-29T20:48:33+00:00
0000003292,賴鴻誠,富邦悍將,投手,era,5.4,5.35,-0.05,0.05,changed,20260918T112310Z-8f8e01d8ec46,20260929T204833Z-5e0600df3416,2026-09-18T11:23:10+00:00,2026-09-29T20:48:33+00:00
0000003292,賴鴻誠,富邦悍將,投手,innings_pitched,30.0,33.667,3.667,3.667,changed,20260918T112310Z-8f8e01d8ec46,20260929T204833Z-5e0600df3416,2026-09-18T11:23:10+00:00,2026-09-29T20:48:33+00:00
0000003292,賴鴻誠,富邦悍將,投手,k_bb_ratio,1.08,1.0,-0.08,-0.08,changed,20260918T112310Z-8f8e01d8ec46,20260929T204833Z-5e0600df3416,2026-09-18T11:23:10+00:00,2026-09-29T20:48:33+00:00
0000003292,賴鴻誠,富邦悍將,投手,player_value_score,59.7,58.9,-0.8,-0.8,changed,20260918T112310Z-8f8e01d8ec46,20260929T204833Z-5e0600df3416,2026-09-18T11:23:10+00:00,2026-09-29T20:48:33+00:00
0000003292,賴鴻誠,富邦悍將,投手,strikeouts,14.0,14.0,0.0,0.0,unchanged,20260918T112310Z-8f8e01d8ec46,20260929T204833Z-5e0600df3416,2026-09-18T11:23:10+00:00,2026-09-29T20:48:33+00:00
0000003292,賴鴻誠,富邦悍將,投手,whip,1.6,1.51,-0.09,0.09,changed,20260918T112310Z-8f8e01d8ec46,20260929T204833Z-5e0600df3416,2026-09-18T11:23:10+00:00,2026-09-29T20:48:33+00:00
0000007228,鈴木駿輔,富邦悍將,投手,era,2.22,2.39,0.17,-0.17,changed,20260918T112310Z-8f8e01d8ec46,20260929T204833Z-5e0600df3416,2026-09-18T11:23:10+00:00,2026-09-29T20:48:33+00:00
0000007228,鈴木駿輔,富邦悍將,投手,innings_pitched,101.333,113.0,11.667,11.667,changed,20260918T112310Z-8f8e01d8ec46,20260929T204833Z-5e0600df3416,2026-09-18T11:23:10+00:00,2026-09-29T20:48:33+00:00
0000007228,鈴木駿輔,富邦悍將,投手,k_bb_ratio,4.0,3.63,-0.37,-0.37,changed,20260918T112310Z-8f8e01d8ec46,20260929T204833Z-5e0600df3416,2026-09-18T11:23:10+00:00,2026-09-29T20:48:33+00:00
0000007228,鈴木駿輔,富邦悍將,投手,player_value_score,74.6,71.7,-2.9,-2.9,changed,20260918T112310Z-8f8e01d8ec46,20260929T204833Z-5e0600df3416,2026-09-18T11:23:10+00:00,2026-09-29T20:48:33+00:00
0000007228,鈴木駿輔,富邦悍將,投手,strikeouts,92.0,98.0,6.0,6.0,changed,20260918T112310Z-8f8e01d8ec46,20260929T204833Z-5e0600df3416,2026-09-18T11:23:10+00:00,2026-09-29T20:48:33+00:00
0000007228,鈴木駿輔,富邦悍將,投手,whip,1.12,1.16,0.04,-0.04,changed,20260918T112310Z-8f8e01d8ec46,20260929T204833Z-5e0600df3416,2026-09-18T11:23:10+00:00,2026-09-29T20:48:33+00:00
PIT277101C,阿部雄大,富邦悍將,投手,era,4.44,4.44,0.0,-0.0,unchanged,20260918T112310Z-8f8e01d8ec46,20260929T204833Z-5e0600df3416,2026-09-18T11:23:10+00:00,2026-09-29T20:48:33+00:00
PIT277101C,阿部雄大,富邦悍將,投手,innings_pitched,50.667,50.667,0.0,0.0,unchanged,20260918T112310Z-8f8e01d8ec46,20260929T204833Z-5e0600df3416,2026-09-18T11:23:10+00:00,2026-09-29T20:48:33+00:00
PIT277101C,阿部雄大,富邦悍將,投手,k_bb_ratio,2.05,2.05,0.0,0.0,unchanged,20260918T112310Z-8f8e01d8ec46,20260929T204833Z-5e0600df3416,2026-09-18T11:23:10+00:00,2026-09-29T20:48:33+00:00
PIT277101C,阿部雄大,富邦悍將,投手,player_value_score,66.9,66.2,-0.7,-0.7,changed,20260918T112310Z-8f8e01d8ec46,20260929T204833Z-5e0600df3416,2026-09-18T11:23:10+00:00,2026-09-29T20:48:33+00:00
PIT277101C,阿部雄大,富邦悍將,投手,strikeouts,41.0,41.0,0.0,0.0,unchanged,20260918T112310Z-8f8e01d8ec46,20260929T204833Z-5e0600df3416,2026-09-18T11:23:10+00:00,2026-09-29T20:48:33+00:00
PIT277101C,阿部雄大,富邦悍將,投手,whip,1.32,1.32,0.0,-0.0,unchanged,20260918T112310Z-8f8e01d8ec46,20260929T204833Z-5e0600df3416,2026-09-18T11:23:10+00:00,2026-09-29T20:48:33+00:00
0000000363,陳仕朋,富邦悍將,投手,era,8.03,7.71,-0.32,0.32,changed,20260918T112310Z-8f8e01d8ec46,20260929T204833Z-5e0600df3416,2026-09-18T11:23:10+00:00,2026-09-29T20:48:33+00:00
0000000363,陳仕朋,富邦悍將,投手,innings_pitched,24.667,25.667,1.0,1.0,changed,20260918T112310Z-8f8e01d8ec46,20260929T204833Z-5e0600df3416,2026-09-18T11:23:10+00:00,2026-09-29T20:48:33+00:00
0000000363,陳仕朋,富邦悍將,投手,k_bb_ratio,1.75,1.88,0.13,0.13,changed,20260918T112310Z-8f8e01d8ec46,20260929T204833Z-5e0600df3416,2026-09-18T11:23:10+00:00,2026-09-29T20:48:33+00:00
0000000363,陳仕朋,富邦悍將,投手,player_value_score,62.2,62.3,0.1,0.1,changed,20260918T112310Z-8f8e01d8ec46,20260929T204833Z-5e0600df3416,2026-09-18T11:23:10+00:00,2026-09-29T20:48:33+00:00
0000000363,陳仕朋,富邦悍將,投手,strikeouts,14.0,15.0,1.0,1.0,changed,20260918T112310Z-8f8e01d8ec46,20260929T204833Z-5e0600df3416,2026-09-18T11:23:10+00:00,2026-09-29T20:48:33+00:00
0000000363,陳仕朋,富邦悍將,投手,whip,1.62,1.56,-0.06,0.06,changed,20260918T112310Z-8f8e01d8ec46,20260929T204833Z-5e0600df3416,2026-09-18T11:23:10+00:00,2026-09-29T20:48:33+00:00
0000007299,陳品宏,富邦悍將,投手,era,4.83,4.83,0.0,-0.0,unchanged,20260918T112310Z-8f8e01d8ec46,20260929T204833Z-5e0600df3416,2026-09-18T11:23:10+00:00,2026-09-29T20:48:33+00:00
0000007299,陳品宏,富邦悍將,投手,innings_pitched,41.0,41.0,0.0,0.0,unchanged,20260918T112310Z-8f8e01d8ec46,20260929T204833Z-5e0600df3416,2026-09-18T11:23:10+00:00,2026-09-29T20:48:33+00:00
0000007299,陳品宏,富邦悍將,投手,k_bb_ratio,1.42,1.42,0.0,0.0,unchanged,20260918T112310Z-8f8e01d8ec46,20260929T204833Z-5e0600df3416,2026-09-18T11:23:10+00:00,2026-09-29T20:48:33+00:00
0000007299,陳品宏,富邦悍將,投手,player_value_score,62.4,61.9,-0.5,-0.5,changed,20260918T112310Z-8f8e01d8ec46,20260929T204833Z-5e0600df3416,2026-09-18T11:23:10+00:00,2026-09-29T20:48:33+00:00
0000007299,陳品宏,富邦悍將,投手,strikeouts,27.0,27.0,0.0,0.0,unchanged,20260918T112310Z-8f8e01d8ec46,20260929T204833Z-5e0600df3416,2026-09-18T11:23:10+00:00,2026-09-29T20:48:33+00:00
0000007299,陳品宏,富邦悍將,投手,whip,1.54,1.54,0.0,-0.0,unchanged,20260918T112310Z-8f8e01d8ec46,20260929T204833Z-5e0600df3416,2026-09-18T11:23:10+00:00,2026-09-29T20:48:33+00:00
0000007295,陳鐿中,富邦悍將,投手,era,9.0,9.0,0.0,-0.0,unchanged,20260918T112310Z-8f8e01d8ec46,20260929T204833Z-5e0600df3416,2026-09-18T11:23:10+00:00,2026-09-29T20:48:33+00:00
0000007295,陳鐿中,富邦悍將,投手,innings_pitched,1.0,1.0,0.0,0.0,unchanged,20260918T112310Z-8f8e01d8ec46,20260929T204833Z-5e0600df3416,2026-09-18T11:23:10+00:00,2026-09-29T20:48:33+00:00
0000007295,陳鐿中,富邦悍將,投手,k_bb_ratio,0.0,0.0,0.0,0.0,unchanged,20260918T112310Z-8f8e01d8ec46,20260929T204833Z-5e0600df3416,2026-09-18T11:23:10+00:00,2026-09-29T20:48:33+00:00
0000007295,陳鐿中,富邦悍將,投手,player_value_score,80.7,80.7,0.0,0.0,unchanged,20260918T112310Z-8f8e01d8ec46,20260929T204833Z-5e0600df3416,2026-09-18T11:23:10+00:00,2026-09-29T20:48:33+00:00
0000007295,陳鐿中,富邦悍將,投手,strikeouts,2.0,2.0,0.0,0.0,unchanged,20260918T112310Z-8f8e01d8ec46,20260929T204833Z-5e0600df3416,2026-09-18T11:23:10+00:00,2026-09-29T20:48:33+00:00
0000007295,陳鐿中,富邦悍將,投手,whip,1.0,1.0,0.0,-0.0,unchanged,20260918T112310Z-8f8e01d8ec46,20260929T204833Z-5e0600df3416,2026-09-18T11:23:10+00:00,2026-09-29T20:48:33+00:00
0000006749,魔力藍,富邦悍將,投手,era,3.16,2.99,-0.17,0.17,changed,20260918T112310Z-8f8e01d8ec46,20260929T204833Z-5e0600df3416,2026-09-18T11:23:10+00:00,2026-09-29T20:48:33+00:00
0000006749,魔力藍,富邦悍將,投手,innings_pitched,128.333,135.333,7.0,7.0,changed,20260918T112310Z-8f8e01d8ec46,20260929T204833Z-5e0600df3416,2026-09-18T11:23:10+00:00,2026-09-29T20:48:33+00:00
0000006749,魔力藍,富邦悍將,投手,k_bb_ratio,2.66,2.73,0.07,0.07,changed,20260918T112310Z-8f8e01d8ec46,20260929T204833Z-5e0600df3416,2026-09-18T11:23:10+00:00,2026-09-29T20:48:33+00:00
0000006749,魔力藍,富邦悍將,投手,player_value_score,67.9,67.3,-0.6,-0.6,changed,20260918T112310Z-8f8e01d8ec46,20260929T204833Z-5e0600df3416,2026-09-18T11:23:10+00:00,2026-09-29T20:48:33+00:00
0000006749,魔力藍,富邦悍將,投手,strikeouts,85.0,90.0,5.0,5.0,changed,20260918T112310Z-8f8e01d8ec46,20260929T204833Z-5e0600df3416,2026-09-18T11:23:10+00:00,2026-09-29T20:48:33+00:00
0000006749,魔力藍,富邦悍將,投手,whip,1.27,1.24,-0.03,0.03,changed,20260918T112310Z-8f8e01d8ec46,20260929T204833Z-5e0600df3416,2026-09-18T11:23:10+00:00,2026-09-29T20:48:33+00:00
0000007802,黃宇昇,富邦悍將,投手,era,3.0,6.23,3.23,-3.23,changed,20260918T112310Z-8f8e01d8ec46,20260929T204833Z-5e0600df3416,2026-09-18T11:23:10+00:00,2026-09-29T20:48:33+00:00
0000007802,黃宇昇,富邦悍將,投手,innings_pitched,3.0,4.333,1.333,1.333,changed,20260918T112310Z-8f8e01d8ec46,20260929T204833Z-5e0600df3416,2026-09-18T11:23:10+00:00,2026-09-29T20:48:33+00:00
0000007802,黃宇昇,富邦悍將,投手,k_bb_ratio,0.0,1.0,1.0,1.0,changed,20260918T112310Z-8f8e01d8ec46,20260929T204833Z-5e0600df3416,2026-09-18T11:23:10+00:00,2026-09-29T20:48:33+00:00
0000007802,黃宇昇,富邦悍將,投手,player_value_score,62.0,57.8,-4.2,-4.2,changed,20260918T112310Z-8f8e01d8ec46,20260929T204833Z-5e0600df3416,2026-09-18T11:23:10+00:00,2026-09-29T20:48:33+00:00
0000007802,黃宇昇,富邦悍將,投手,strikeouts,1.0,2.0,1.0,1.0,changed,20260918T112310Z-8f8e01d8ec46,20260929T204833Z-5e0600df3416,2026-09-18T11:23:10+00:00,2026-09-29T20:48:33+00:00
0000007802,黃宇昇,富邦悍將,投手,whip,0.67,1.85,1.18,-1.18,changed,20260918T112310Z-8f8e01d8ec46,20260929T204833Z-5e0600df3416,2026-09-18T11:23:10+00:00,2026-09-29T20:48:33+00:00
0000003563,余德龍,樂天桃猿,投手,era,9.0,9.0,0.0,-0.0,unchanged,20260918T112310Z-8f8e01d8ec46,20260929T204833Z-5e0600df3416,2026-09-18T11:23:10+00:00,2026-09-29T20:48:33+00:00
0000003563,余德龍,樂天桃猿,投手,innings_pitched,1.0,1.0,0.0,0.0,unchanged,20260918T112310Z-8f8e01d8ec46,20260929T204833Z-5e0600df3416,2026-09-18T11:23:10+00:00,2026-09-29T20:48:33+00:00
0000003563,余德龍,樂天桃猿,投手,k_bb_ratio,0.0,0.0,0.0,0.0,unchanged,20260918T112310Z-8f8e01d8ec46,20260929T204833Z-5e0600df3416,2026-09-18T11:23:10+00:00,2026-09-29T20:48:33+00:00
0000003563,余德龍,樂天桃猿,投手,player_value_score,67.9,67.9,0.0,0.0,unchanged,20260918T112310Z-8f8e01d8ec46,20260929T204833Z-5e0600df3416,2026-09-18T11:23:10+00:00,2026-09-29T20:48:33+00:00
0000003563,余德龍,樂天桃猿,投手,strikeouts,2.0,2.0,0.0,0.0,unchanged,20260918T112310Z-8f8e01d8ec46,20260929T204833Z-5e0600df3416,2026-09-18T11:23:10+00:00,2026-09-29T20:48:33+00:00
0000003563,余德龍,樂天桃猿,投手,whip,3.0,3.0,0.0,-0.0,unchanged,20260918T112310Z-8f8e01d8ec46,20260929T204833Z-5e0600df3416,2026-09-18T11:23:10+00:00,2026-09-29T20:48:33+00:00
0000006860,劉家翔,樂天桃猿,投手,era,2.79,3.1,0.31,-0.31,changed,20260918T112310Z-8f8e01d8ec46,20260929T204833Z-5e0600df3416,2026-09-18T11:23:10+00:00,2026-09-29T20:48:33+00:00
0000006860,劉家翔,樂天桃猿,投手,innings_pitched,19.333,20.333,1.0,1.0,changed,20260918T112310Z-8f8e01d8ec46,20260929T204833Z-5e0600df3416,2026-09-18T11:23:10+00:00,2026-09-29T20:48:33+00:00
0000006860,劉家翔,樂天桃猿,投手,k_bb_ratio,1.5,1.5,0.0,0.0,unchanged,20260918T112310Z-8f8e01d8ec46,20260929T204833Z-5e0600df3416,2026-09-18T11:23:10+00:00,2026-09-29T20:48:33+00:00
0000006860,劉家翔,樂天桃猿,投手,player_value_score,63.2,62.2,-1.0,-1.0,changed,20260918T112310Z-8f8e01d8ec46,20260929T204833Z-5e0600df3416,2026-09-18T11:23:10+00:00,2026-09-29T20:48:33+00:00
0000006860,劉家翔,樂天桃猿,投手,strikeouts,9.0,9.0,0.0,0.0,unchanged,20260918T112310Z-8f8e01d8ec46,20260929T204833Z-5e0600df3416,2026-09-18T11:23:10+00:00,2026-09-29T20:48:33+00:00
0000006860,劉家翔,樂天桃猿,投手,whip,1.19,1.28,0.09,-0.09,changed,20260918T112310Z-8f8e01d8ec46,20260929T204833Z-5e0600df3416,2026-09-18T11:23:10+00:00,2026-09-29T20:48:33+00:00
0000005372,呂詠臻,樂天桃猿,投手,era,2.25,2.12,-0.13,0.13,changed,20260918T112310Z-8f8e01d8ec46,20260929T204833Z-5e0600df3416,2026-09-18T11:23:10+00:00,2026-09-29T20:48:33+00:00
0000005372,呂詠臻,樂天桃猿,投手,innings_pitched,16.0,17.0,1.0,1.0,changed,20260918T112310Z-8f8e01d8ec46,20260929T204833Z-5e0600df3416,2026-09-18T11:23:10+00:00,2026-09-29T20:48:33+00:00
0000005372,呂詠臻,樂天桃猿,投手,k_bb_ratio,0.7,0.58,-0.12,-0.12,changed,20260918T112310Z-8f8e01d8ec46,20260929T204833Z-5e0600df3416,2026-09-18T11:23:10+00:00,2026-09-29T20:48:33+00:00
0000005372,呂詠臻,樂天桃猿,投手,player_value_score,58.4,57.0,-1.4,-1.4,changed,20260918T112310Z-8f8e01d8ec46,20260929T204833Z-5e0600df3416,2026-09-18T11:23:10+00:00,2026-09-29T20:48:33+00:00
0000005372,呂詠臻,樂天桃猿,投手,strikeouts,7.0,7.0,0.0,0.0,unchanged,20260918T112310Z-8f8e01d8ec46,20260929T204833Z-5e0600df3416,2026-09-18T11:23:10+00:00,2026-09-29T20:48:33+00:00
0000005372,呂詠臻,樂天桃猿,投手,whip,1.44,1.47,0.03,-0.03,changed,20260918T112310Z-8f8e01d8ec46,20260929T204833Z-5e0600df3416,2026-09-18T11:23:10+00:00,2026-09-29T20:48:33+00:00
0000007062,威能帝,樂天桃猿,投手,era,2.37,2.41,0.04,-0.04,changed,20260918T112310Z-8f8e01d8ec46,20260929T204833Z-5e0600df3416,2026-09-18T11:23:10+00:00,2026-09-29T20:48:33+00:00
0000007062,威能帝,樂天桃猿,投手,innings_pitched,102.333,108.333,6.0,6.0,changed,20260918T112310Z-8f8e01d8ec46,20260929T204833Z-5e0600df3416,2026-09-18T11:23:10+00:00,2026-09-29T20:48:33+00:00
0000007062,威能帝,樂天桃猿,投手,k_bb_ratio,6.6,6.93,0.33,0.33,changed,20260918T112310Z-8f8e01d8ec46,20260929T204833Z-5e0600df3416,2026-09-18T11:23:10+00:00,2026-09-29T20:48:33+00:00
0000007062,威能帝,樂天桃猿,投手,player_value_score,81.6,79.7,-1.9,-1.9,changed,20260918T112310Z-8f8e01d8ec46,20260929T204833Z-5e0600df3416,2026-09-18T11:23:10+00:00,2026-09-29T20:48:33+00:00
0000007062,威能帝,樂天桃猿,投手,strikeouts,99.0,104.0,5.0,5.0,changed,20260918T112310Z-8f8e01d8ec46,20260929T204833Z-5e0600df3416,2026-09-18T11:23:10+00:00,2026-09-29T20:48:33+00:00
0000007062,威能帝,樂天桃猿,投手,whip,1.0,1.01,0.01,-0.01,changed,20260918T112310Z-8f8e01d8ec46,20260929T204833Z-5e0600df3416,2026-09-18T11:23:10+00:00,2026-09-29T20:48:33+00:00
0000007074,曾家輝,樂天桃猿,投手,era,2.67,2.53,-0.14,0.14,changed,20260918T112310Z-8f8e01d8ec46,20260929T204833Z-5e0600df3416,2026-09-18T11:23:10+00:00,2026-09-29T20:48:33+00:00
0000007074,曾家輝,樂天桃猿,投手,innings_pitched,107.667,113.667,6.0,6.0,changed,20260918T112310Z-8f8e01d8ec46,20260929T204833Z-5e0600df3416,2026-09-18T11:23:10+00:00,2026-09-29T20:48:33+00:00
0000007074,曾家輝,樂天桃猿,投手,k_bb_ratio,2.61,2.44,-0.17,-0.17,changed,20260918T112310Z-8f8e01d8ec46,20260929T204833Z-5e0600df3416,2026-09-18T11:23:10+00:00,2026-09-29T20:48:33+00:00
0000007074,曾家輝,樂天桃猿,投手,player_value_score,68.5,67.3,-1.2,-1.2,changed,20260918T112310Z-8f8e01d8ec46,20260929T204833Z-5e0600df3416,2026-09-18T11:23:10+00:00,2026-09-29T20:48:33+00:00
0000007074,曾家輝,樂天桃猿,投手,strikeouts,73.0,78.0,5.0,5.0,changed,20260918T112310Z-8f8e01d8ec46,20260929T204833Z-5e0600df3416,2026-09-18T11:23:10+00:00,2026-09-29T20:48:33+00:00
0000007074,曾家輝,樂天桃猿,投手,whip,1.11,1.11,0.0,-0.0,unchanged,20260918T112310Z-8f8e01d8ec46,20260929T204833Z-5e0600df3416,2026-09-18T11:23:10+00:00,2026-09-29T20:48:33+00:00
0000000128,朱承洋,樂天桃猿,投手,era,2.81,2.81,0.0,-0.0,unchanged,20260918T112310Z-8f8e01d8ec46,20260929T204833Z-5e0600df3416,2026-09-18T11:23:10+00:00,2026-09-29T20:48:33+00:00
0000000128,朱承洋,樂天桃猿,投手,innings_pitched,25.667,25.667,0.0,0.0,unchanged,20260918T112310Z-8f8e01d8ec46,20260929T204833Z-5e0600df3416,2026-09-18T11:23:10+00:00,2026-09-29T20:48:33+00:00
0000000128,朱承洋,樂天桃猿,投手,k_bb_ratio,3.5,3.5,0.0,0.0,unchanged,20260918T112310Z-8f8e01d8ec46,20260929T204833Z-5e0600df3416,2026-09-18T11:23:10+00:00,2026-09-29T20:48:33+00:00
0000000128,朱承洋,樂天桃猿,投手,player_value_score,72.3,71.1,-1.2,-1.2,changed,20260918T112310Z-8f8e01d8ec46,20260929T204833Z-5e0600df3416,2026-09-18T11:23:10+00:00,2026-09-29T20:48:33+00:00
0000000128,朱承洋,樂天桃猿,投手,strikeouts,21.0,21.0,0.0,0.0,unchanged,20260918T112310Z-8f8e01d8ec46,20260929T204833Z-5e0600df3416,2026-09-18T11:23:10+00:00,2026-09-29T20:48:33+00:00
0000000128,朱承洋,樂天桃猿,投手,whip,1.13,1.13,0.0,-0.0,unchanged,20260918T112310Z-8f8e01d8ec46,20260929T204833Z-5e0600df3416,2026-09-18T11:23:10+00:00,2026-09-29T20:48:33+00:00
0000007615,李柏毓,樂天桃猿,投手,era,1.93,1.93,0.0,-0.0,unchanged,20260918T112310Z-8f8e01d8ec46,20260929T204833Z-5e0600df3416,2026-09-18T11:23:10+00:00,2026-09-29T20:48:33+00:00
0000007615,李柏毓,樂天桃猿,投手,innings_pitched,4.667,4.667,0.0,0.0,unchanged,20260918T112310Z-8f8e01d8ec46,20260929T204833Z-5e0600df3416,2026-09-18T11:23:10+00:00,2026-09-29T20:48:33+00:00
0000007615,李柏毓,樂天桃猿,投手,k_bb_ratio,0.67,0.67,0.0,0.0,unchanged,20260918T112310Z-8f8e01d8ec46,20260929T204833Z-5e0600df3416,2026-09-18T11:23:10+00:00,2026-09-29T20:48:33+00:00
0000007615,李柏毓,樂天桃猿,投手,player_value_score,57.5,57.3,-0.2,-0.2,changed,20260918T112310Z-8f8e01d8ec46,20260929T204833Z-5e0600df3416,2026-09-18T11:23:10+00:00,2026-09-29T20:48:33+00:00
0000007615,李柏毓,樂天桃猿,投手,strikeouts,2.0,2.0,0.0,0.0,unchanged,20260918T112310Z-8f8e01d8ec46,20260929T204833Z-5e0600df3416,2026-09-18T11:23:10+00:00,2026-09-29T20:48:33+00:00
0000007615,李柏毓,樂天桃猿,投手,whip,1.71,1.71,0.0,-0.0,unchanged,20260918T112310Z-8f8e01d8ec46,20260929T204833Z-5e0600df3416,2026-09-18T11:23:10+00:00,2026-09-29T20:48:33+00:00
0000001618,林子偉,樂天桃猿,投手,era,0.0,0.0,0.0,-0.0,unchanged,20260918T112310Z-8f8e01d8ec46,20260929T204833Z-5e0600df3416,2026-09-18T11:23:10+00:00,2026-09-29T20:48:33+00:00
0000001618,林子偉,樂天桃猿,投手,innings_pitched,1.0,1.0,0.0,0.0,unchanged,20260918T112310Z-8f8e01d8ec46,20260929T204833Z-5e0600df3416,2026-09-18T11:23:10+00:00,2026-09-29T20:48:33+00:00
0000001618,林子偉,樂天桃猿,投手,k_bb_ratio,0.0,0.0,0.0,0.0,unchanged,20260918T112310Z-8f8e01d8ec46,20260929T204833Z-5e0600df3416,2026-09-18T11:23:10+00:00,2026-09-29T20:48:33+00:00
0000001618,林子偉,樂天桃猿,投手,player_value_score,57.8,57.8,0.0,0.0,unchanged,20260918T112310Z-8f8e01d8ec46,20260929T204833Z-5e0600df3416,2026-09-18T11:23:10+00:00,2026-09-29T20:48:33+00:00
0000001618,林子偉,樂天桃猿,投手,strikeouts,0.0,0.0,0.0,0.0,unchanged,20260918T112310Z-8f8e01d8ec46,20260929T204833Z-5e0600df3416,2026-09-18T11:23:10+00:00,2026-09-29T20:48:33+00:00
0000001618,林子偉,樂天桃猿,投手,whip,1.0,1.0,0.0,-0.0,unchanged,20260918T112310Z-8f8e01d8ec46,20260929T204833Z-5e0600df3416,2026-09-18T11:23:10+00:00,2026-09-29T20:48:33+00:00
0000006237,林子崴,樂天桃猿,投手,era,1.74,1.8,0.06,-0.06,changed,20260918T112310Z-8f8e01d8ec46,20260929T204833Z-5e0600df3416,2026-09-18T11:23:10+00:00,2026-09-29T20:48:33+00:00
0000006237,林子崴,樂天桃猿,投手,innings_pitched,67.333,80.0,12.667,12.667,changed,20260918T112310Z-8f8e01d8ec46,20260929T204833Z-5e0600df3416,2026-09-18T11:23:10+00:00,2026-09-29T20:48:33+00:00
0000006237,林子崴,樂天桃猿,投手,k_bb_ratio,1.94,2.21,0.27,0.27,changed,20260918T112310Z-8f8e01d8ec46,20260929T204833Z-5e0600df3416,2026-09-18T11:23:10+00:00,2026-09-29T20:48:33+00:00
0000006237,林子崴,樂天桃猿,投手,player_value_score,65.0,65.1,0.1,0.1,changed,20260918T112310Z-8f8e01d8ec46,20260929T204833Z-5e0600df3416,2026-09-18T11:23:10+00:00,2026-09-29T20:48:33+00:00
0000006237,林子崴,樂天桃猿,投手,strikeouts,33.0,42.0,9.0,9.0,changed,20260918T112310Z-8f8e01d8ec46,20260929T204833Z-5e0600df3416,2026-09-18T11:23:10+00:00,2026-09-29T20:48:33+00:00
0000006237,林子崴,樂天桃猿,投手,whip,1.19,1.23,0.04,-0.04,changed,20260918T112310Z-8f8e01d8ec46,20260929T204833Z-5e0600df3416,2026-09-18T11:23:10+00:00,2026-09-29T20:48:33+00:00
0000004629,楊彬,樂天桃猿,投手,era,,9.0,,,new,20260918T112310Z-8f8e01d8ec46,20260929T204833Z-5e0600df3416,2026-09-18T11:23:10+00:00,2026-09-29T20:48:33+00:00
0000004629,楊彬,樂天桃猿,投手,innings_pitched,,1.0,,,new,20260918T112310Z-8f8e01d8ec46,20260929T204833Z-5e0600df3416,2026-09-18T11:23:10+00:00,2026-09-29T20:48:33+00:00
0000004629,楊彬,樂天桃猿,投手,k_bb_ratio,,0.0,,,new,20260918T112310Z-8f8e01d8ec46,20260929T204833Z-5e0600df3416,2026-09-18T11:23:10+00:00,2026-09-29T20:48:33+00:00
0000004629,楊彬,樂天桃猿,投手,player_value_score,,53.4,,,new,20260918T112310Z-8f8e01d8ec46,20260929T204833Z-5e0600df3416,2026-09-18T11:23:10+00:00,2026-09-29T20:48:33+00:00
0000004629,楊彬,樂天桃猿,投手,strikeouts,,0.0,,,new,20260918T112310Z-8f8e01d8ec46,20260929T204833Z-5e0600df3416,2026-09-18T11:23:10+00:00,2026-09-29T20:48:33+00:00
0000004629,楊彬,樂天桃猿,投手,whip,,2.0,,,new,20260918T112310Z-8f8e01d8ec46,20260929T204833Z-5e0600df3416,2026-09-18T11:23:10+00:00,2026-09-29T20:48:33+00:00
0000007793,榊原元稀,樂天桃猿,投手,era,1.5,1.5,0.0,-0.0,unchanged,20260918T112310Z-8f8e01d8ec46,20260929T204833Z-5e0600df3416,2026-09-18T11:23:10+00:00,2026-09-29T20:48:33+00:00
0000007793,榊原元稀,樂天桃猿,投手,innings_pitched,6.0,6.0,0.0,0.0,unchanged,20260918T112310Z-8f8e01d8ec46,20260929T204833Z-5e0600df3416,2026-09-18T11:23:10+00:00,2026-09-29T20:48:33+00:00
0000007793,榊原元稀,樂天桃猿,投手,k_bb_ratio,0.0,0.0,0.0,0.0,unchanged,20260918T112310Z-8f8e01d8ec46,20260929T204833Z-5e0600df3416,2026-09-18T11:23:10+00:00,2026-09-29T20:48:33+00:00
0000007793,榊原元稀,樂天桃猿,投手,player_value_score,65.3,65.3,0.0,0.0,unchanged,20260918T112310Z-8f8e01d8ec46,20260929T204833Z-5e0600df3416,2026-09-18T11:23:10+00:00,2026-09-29T20:48:33+00:00
0000007793,榊原元稀,樂天桃猿,投手,strikeouts,3.0,3.0,0.0,0.0,unchanged,20260918T112310Z-8f8e01d8ec46,20260929T204833Z-5e0600df3416,2026-09-18T11:23:10+00:00,2026-09-29T20:48:33+00:00
0000007793,榊原元稀,樂天桃猿,投手,whip,0.67,0.67,0.0,-0.0,unchanged,20260918T112310Z-8f8e01d8ec46,20260929T204833Z-5e0600df3416,2026-09-18T11:23:10+00:00,2026-09-29T20:48:33+00:00
0000007619,王奕翔,樂天桃猿,投手,era,0.0,0.0,0.0,-0.0,unchanged,20260918T112310Z-8f8e01d8ec46,20260929T204833Z-5e0600df3416,2026-09-18T11:23:10+00:00,2026-09-29T20:48:33+00:00
0000007619,王奕翔,樂天桃猿,投手,innings_pitched,1.0,1.0,0.0,0.0,unchanged,20260918T112310Z-8f8e01d8ec46,20260929T204833Z-5e0600df3416,2026-09-18T11:23:10+00:00,2026-09-29T20:48:33+00:00
0000007619,王奕翔,樂天桃猿,投手,k_bb_ratio,1.0,1.0,0.0,0.0,unchanged,20260918T112310Z-8f8e01d8ec46,20260929T204833Z-5e0600df3416,2026-09-18T11:23:10+00:00,2026-09-29T20:48:33+00:00
0000007619,王奕翔,樂天桃猿,投手,player_value_score,64.8,64.4,-0.4,-0.4,changed,20260918T112310Z-8f8e01d8ec46,20260929T204833Z-5e0600df3416,2026-09-18T11:23:10+00:00,2026-09-29T20:48:33+00:00
0000007619,王奕翔,樂天桃猿,投手,strikeouts,1.0,1.0,0.0,0.0,unchanged,20260918T112310Z-8f8e01d8ec46,20260929T204833Z-5e0600df3416,2026-09-18T11:23:10+00:00,2026-09-29T20:48:33+00:00
0000007619,王奕翔,樂天桃猿,投手,whip,1.0,1.0,0.0,-0.0,unchanged,20260918T112310Z-8f8e01d8ec46,20260929T204833Z-5e0600df3416,2026-09-18T11:23:10+00:00,2026-09-29T20:48:33+00:00
0000006228,王志煊,樂天桃猿,投手,era,1.25,2.7,1.45,-1.45,changed,20260918T112310Z-8f8e01d8ec46,20260929T204833Z-5e0600df3416,2026-09-18T11:23:10+00:00,2026-09-29T20:48:33+00:00
0000006228,王志煊,樂天桃猿,投手,innings_pitched,21.667,23.333,1.666,1.666,changed,20260918T112310Z-8f8e01d8ec46,20260929T204833Z-5e0600df3416,2026-09-18T11:23:10+00:00,2026-09-29T20:48:33+00:00
0000006228,王志煊,樂天桃猿,投手,k_bb_ratio,1.7,1.31,-0.39,-0.39,changed,20260918T112310Z-8f8e01d8ec46,20260929T204833Z-5e0600df3416,2026-09-18T11:23:10+00:00,2026-09-29T20:48:33+00:00
0000006228,王志煊,樂天桃猿,投手,player_value_score,66.3,63.0,-3.3,-3.3,changed,20260918T112310Z-8f8e01d8ec46,20260929T204833Z-5e0600df3416,2026-09-18T11:23:10+00:00,2026-09-29T20:48:33+00:00
0000006228,王志煊,樂天桃猿,投手,strikeouts,17.0,17.0,0.0,0.0,unchanged,20260918T112310Z-8f8e01d8ec46,20260929T204833Z-5e0600df3416,2026-09-18T11:23:10+00:00,2026-09-29T20:48:33+00:00
0000006228,王志煊,樂天桃猿,投手,whip,1.29,1.41,0.12,-0.12,changed,20260918T112310Z-8f8e01d8ec46,20260929T204833Z-5e0600df3416,2026-09-18T11:23:10+00:00,2026-09-29T20:48:33+00:00
0000007047,盧冠宇,樂天桃猿,投手,era,5.06,5.06,0.0,-0.0,unchanged,20260918T112310Z-8f8e01d8ec46,20260929T204833Z-5e0600df3416,2026-09-18T11:23:10+00:00,2026-09-29T20:48:33+00:00
0000007047,盧冠宇,樂天桃猿,投手,innings_pitched,5.333,5.333,0.0,0.0,unchanged,20260918T112310Z-8f8e01d8ec46,20260929T204833Z-5e0600df3416,2026-09-18T11:23:10+00:00,2026-09-29T20:48:33+00:00
0000007047,盧冠宇,樂天桃猿,投手,k_bb_ratio,0.33,0.33,0.0,0.0,unchanged,20260918T112310Z-8f8e01d8ec46,20260929T204833Z-5e0600df3416,2026-09-18T11:23:10+00:00,2026-09-29T20:48:33+00:00
0000007047,盧冠宇,樂天桃猿,投手,player_value_score,53.7,53.5,-0.2,-0.2,changed,20260918T112310Z-8f8e01d8ec46,20260929T204833Z-5e0600df3416,2026-09-18T11:23:10+00:00,2026-09-29T20:48:33+00:00
0000007047,盧冠宇,樂天桃猿,投手,strikeouts,1.0,1.0,0.0,0.0,unchanged,20260918T112310Z-8f8e01d8ec46,20260929T204833Z-5e0600df3416,2026-09-18T11:23:10+00:00,2026-09-29T20:48:33+00:00
0000007047,盧冠宇,樂天桃猿,投手,whip,1.88,1.88,0.0,-0.0,unchanged,20260918T112310Z-8f8e01d8ec46,20260929T204833Z-5e0600df3416,2026-09-18T11:23:10+00:00,2026-09-29T20:48:33+00:00
0000006857,舒治浩,樂天桃猿,投手,era,3.0,3.86,0.86,-0.86,changed,20260918T112310Z-8f8e01d8ec46,20260929T204833Z-5e0600df3416,2026-09-18T11:23:10+00:00,2026-09-29T20:48:33+00:00
0000006857,舒治浩,樂天桃猿,投手,innings_pitched,27.0,32.667,5.667,5.667,changed,20260918T112310Z-8f8e01d8ec46,20260929T204833Z-5e0600df3416,2026-09-18T11:23:10+00:00,2026-09-29T20:48:33+00:00
0000006857,舒治浩,樂天桃猿,投手,k_bb_ratio,1.08,1.06,-0.02,-0.02,changed,20260918T112310Z-8f8e01d8ec46,20260929T204833Z-5e0600df3416,2026-09-18T11:23:10+00:00,2026-09-29T20:48:33+00:00
0000006857,舒治浩,樂天桃猿,投手,player_value_score,61.5,60.9,-0.6,-0.6,changed,20260918T112310Z-8f8e01d8ec46,20260929T204833Z-5e0600df3416,2026-09-18T11:23:10+00:00,2026-09-29T20:48:33+00:00
0000006857,舒治浩,樂天桃猿,投手,strikeouts,13.0,18.0,5.0,5.0,changed,20260918T112310Z-8f8e01d8ec46,20260929T204833Z-5e0600df3416,2026-09-18T11:23:10+00:00,2026-09-29T20:48:33+00:00
0000006857,舒治浩,樂天桃猿,投手,whip,1.15,1.26,0.11,-0.11,changed,20260918T112310Z-8f8e01d8ec46,20260929T204833Z-5e0600df3416,2026-09-18T11:23:10+00:00,2026-09-29T20:48:33+00:00
0000006906,艾菩樂,樂天桃猿,投手,era,3.12,2.88,-0.24,0.24,changed,20260918T112310Z-8f8e01d8ec46,20260929T204833Z-5e0600df3416,2026-09-18T11:23:10+00:00,2026-09-29T20:48:33+00:00
0000006906,艾菩樂,樂天桃猿,投手,innings_pitched,127.0,143.667,16.667,16.667,changed,20260918T112310Z-8f8e01d8ec46,20260929T204833Z-5e0600df3416,2026-09-18T11:23:10+00:00,2026-09-29T20:48:33+00:00
0000006906,艾菩樂,樂天桃猿,投手,k_bb_ratio,3.88,3.92,0.04,0.04,changed,20260918T112310Z-8f8e01d8ec46,20260929T204833Z-5e0600df3416,2026-09-18T11:23:10+00:00,2026-09-29T20:48:33+00:00
0000006906,艾菩樂,樂天桃猿,投手,player_value_score,71.8,70.6,-1.2,-1.2,changed,20260918T112310Z-8f8e01d8ec46,20260929T204833Z-5e0600df3416,2026-09-18T11:23:10+00:00,2026-09-29T20:48:33+00:00
0000006906,艾菩樂,樂天桃猿,投手,strikeouts,93.0,102.0,9.0,9.0,changed,20260918T112310Z-8f8e01d8ec46,20260929T204833Z-5e0600df3416,2026-09-18T11:23:10+00:00,2026-09-29T20:48:33+00:00
0000006906,艾菩樂,樂天桃猿,投手,whip,1.2,1.13,-0.07,0.07,changed,20260918T112310Z-8f8e01d8ec46,20260929T204833Z-5e0600df3416,2026-09-18T11:23:10+00:00,2026-09-29T20:48:33+00:00
0000005509,莊昕諺,樂天桃猿,投手,era,2.05,2.05,0.0,-0.0,unchanged,20260918T112310Z-8f8e01d8ec46,20260929T204833Z-5e0600df3416,2026-09-18T11:23:10+00:00,2026-09-29T20:48:33+00:00
0000005509,莊昕諺,樂天桃猿,投手,innings_pitched,44.0,44.0,0.0,0.0,unchanged,20260918T112310Z-8f8e01d8ec46,20260929T204833Z-5e0600df3416,2026-09-18T11:23:10+00:00,2026-09-29T20:48:33+00:00
0000005509,莊昕諺,樂天桃猿,投手,k_bb_ratio,1.39,1.39,0.0,0.0,unchanged,20260918T112310Z-8f8e01d8ec46,20260929T204833Z-5e0600df3416,2026-09-18T11:23:10+00:00,2026-09-29T20:48:33+00:00
0000005509,莊昕諺,樂天桃猿,投手,player_value_score,63.4,62.9,-0.5,-0.5,changed,20260918T112310Z-8f8e01d8ec46,20260929T204833Z-5e0600df3416,2026-09-18T11:23:10+00:00,2026-09-29T20:48:33+00:00
0000005509,莊昕諺,樂天桃猿,投手,strikeouts,25.0,25.0,0.0,0.0,unchanged,20260918T112310Z-8f8e01d8ec46,20260929T204833Z-5e0600df3416,2026-09-18T11:23:10+00:00,2026-09-29T20:48:33+00:00
0000005509,莊昕諺,樂天桃猿,投手,whip,1.23,1.23,0.0,-0.0,unchanged,20260918T112310Z-8f8e01d8ec46,20260929T204833Z-5e0600df3416,2026-09-18T11:23:10+00:00,2026-09-29T20:48:33+00:00
0000005558,蘇俊璋,樂天桃猿,投手,era,2.57,2.18,-0.39,0.39,changed,20260918T112310Z-8f8e01d8ec46,20260929T204833Z-5e0600df3416,2026-09-18T11:23:10+00:00,2026-09-29T20:48:33+00:00
0000005558,蘇俊璋,樂天桃猿,投手,innings_pitched,35.0,41.333,6.333,6.333,changed,20260918T112310Z-8f8e01d8ec46,20260929T204833Z-5e0600df3416,2026-09-18T11:23:10+00:00,2026-09-29T20:48:33+00:00
0000005558,蘇俊璋,樂天桃猿,投手,k_bb_ratio,3.5,3.89,0.39,0.39,changed,20260918T112310Z-8f8e01d8ec46,20260929T204833Z-5e0600df3416,2026-09-18T11:23:10+00:00,2026-09-29T20:48:33+00:00
0000005558,蘇俊璋,樂天桃猿,投手,player_value_score,72.3,72.5,0.2,0.2,changed,20260918T112310Z-8f8e01d8ec46,20260929T204833Z-5e0600df3416,2026-09-18T11:23:10+00:00,2026-09-29T20:48:33+00:00
0000005558,蘇俊璋,樂天桃猿,投手,strikeouts,28.0,35.0,7.0,7.0,changed,20260918T112310Z-8f8e01d8ec46,20260929T204833Z-5e0600df3416,2026-09-18T11:23:10+00:00,2026-09-29T20:48:33+00:00
0000005558,蘇俊璋,樂天桃猿,投手,whip,1.09,1.06,-0.03,0.03,changed,20260918T112310Z-8f8e01d8ec46,20260929T204833Z-5e0600df3416,2026-09-18T11:23:10+00:00,2026-09-29T20:48:33+00:00
0000007316,賴威誠,樂天桃猿,投手,era,3.0,2.57,-0.43,0.43,changed,20260918T112310Z-8f8e01d8ec46,20260929T204833Z-5e0600df3416,2026-09-18T11:23:10+00:00,2026-09-29T20:48:33+00:00
0000007316,賴威誠,樂天桃猿,投手,innings_pitched,6.0,7.0,1.0,1.0,changed,20260918T112310Z-8f8e01d8ec46,20260929T204833Z-5e0600df3416,2026-09-18T11:23:10+00:00,2026-09-29T20:48:33+00:00
0000007316,賴威誠,樂天桃猿,投手,k_bb_ratio,2.0,1.25,-0.75,-0.75,changed,20260918T112310Z-8f8e01d8ec46,20260929T204833Z-5e0600df3416,2026-09-18T11:23:10+00:00,2026-09-29T20:48:33+00:00
0000007316,賴威誠,樂天桃猿,投手,player_value_score,66.0,62.3,-3.7,-3.7,changed,20260918T112310Z-8f8e01d8ec46,20260929T204833Z-5e0600df3416,2026-09-18T11:23:10+00:00,2026-09-29T20:48:33+00:00
0000007316,賴威誠,樂天桃猿,投手,strikeouts,4.0,5.0,1.0,1.0,changed,20260918T112310Z-8f8e01d8ec46,20260929T204833Z-5e0600df3416,2026-09-18T11:23:10+00:00,2026-09-29T20:48:33+00:00
0000007316,賴威誠,樂天桃猿,投手,whip,1.33,1.57,0.24,-0.24,changed,20260918T112310Z-8f8e01d8ec46,20260929T204833Z-5e0600df3416,2026-09-18T11:23:10+00:00,2026-09-29T20:48:33+00:00
0000007073,賴胤豪,樂天桃猿,投手,era,6.11,7.36,1.25,-1.25,changed,20260918T112310Z-8f8e01d8ec46,20260929T204833Z-5e0600df3416,2026-09-18T11:23:10+00:00,2026-09-29T20:48:33+00:00
0000007073,賴胤豪,樂天桃猿,投手,innings_pitched,17.667,18.333,0.666,0.666,changed,20260918T112310Z-8f8e01d8ec46,20260929T204833Z-5e0600df3416,2026-09-18T11:23:10+00:00,2026-09-29T20:48:33+00:00
0000007073,賴胤豪,樂天桃猿,投手,k_bb_ratio,1.8,1.8,0.0,0.0,unchanged,20260918T112310Z-8f8e01d8ec46,20260929T204833Z-5e0600df3416,2026-09-18T11:23:10+00:00,2026-09-29T20:48:33+00:00
0000007073,賴胤豪,樂天桃猿,投手,player_value_score,61.8,60.3,-1.5,-1.5,changed,20260918T112310Z-8f8e01d8ec46,20260929T204833Z-5e0600df3416,2026-09-18T11:23:10+00:00,2026-09-29T20:48:33+00:00
0000007073,賴胤豪,樂天桃猿,投手,strikeouts,9.0,9.0,0.0,0.0,unchanged,20260918T112310Z-8f8e01d8ec46,20260929T204833Z-5e0600df3416,2026-09-18T11:23:10+00:00,2026-09-29T20:48:33+00:00
0000007073,賴胤豪,樂天桃猿,投手,whip,1.75,1.91,0.16,-0.16,changed,20260918T112310Z-8f8e01d8ec46,20260929T204833Z-5e0600df3416,2026-09-18T11:23:10+00:00,2026-09-29T20:48:33+00:00
0000006855,邱緯綸,樂天桃猿,投手,era,0.0,0.0,0.0,-0.0,unchanged,20260918T112310Z-8f8e01d8ec46,20260929T204833Z-5e0600df3416,2026-09-18T11:23:10+00:00,2026-09-29T20:48:33+00:00
0000006855,邱緯綸,樂天桃猿,投手,innings_pitched,1.0,2.0,1.0,1.0,changed,20260918T112310Z-8f8e01d8ec46,20260929T204833Z-5e0600df3416,2026-09-18T11:23:10+00:00,2026-09-29T20:48:33+00:00
0000006855,邱緯綸,樂天桃猿,投手,k_bb_ratio,2.0,2.0,0.0,0.0,unchanged,20260918T112310Z-8f8e01d8ec46,20260929T204833Z-5e0600df3416,2026-09-18T11:23:10+00:00,2026-09-29T20:48:33+00:00
0000006855,邱緯綸,樂天桃猿,投手,player_value_score,69.0,65.8,-3.2,-3.2,changed,20260918T112310Z-8f8e01d8ec46,20260929T204833Z-5e0600df3416,2026-09-18T11:23:10+00:00,2026-09-29T20:48:33+00:00
0000006855,邱緯綸,樂天桃猿,投手,strikeouts,2.0,2.0,0.0,0.0,unchanged,20260918T112310Z-8f8e01d8ec46,20260929T204833Z-5e0600df3416,2026-09-18T11:23:10+00:00,2026-09-29T20:48:33+00:00
0000006855,邱緯綸,樂天桃猿,投手,whip,3.0,2.0,-1.0,1.0,changed,20260918T112310Z-8f8e01d8ec46,20260929T204833Z-5e0600df3416,2026-09-18T11:23:10+00:00,2026-09-29T20:48:33+00:00
0000006720,邱駿威,樂天桃猿,投手,era,2.87,3.35,0.48,-0.48,changed,20260918T112310Z-8f8e01d8ec46,20260929T204833Z-5e0600df3416,2026-09-18T11:23:10+00:00,2026-09-29T20:48:33+00:00
0000006720,邱駿威,樂天桃猿,投手,innings_pitched,31.333,37.667,6.334,6.334,changed,20260918T112310Z-8f8e01d8ec46,20260929T204833Z-5e0600df3416,2026-09-18T11:23:10+00:00,2026-09-29T20:48:33+00:00
0000006720,邱駿威,樂天桃猿,投手,k_bb_ratio,1.45,1.75,0.3,0.3,changed,20260918T112310Z-8f8e01d8ec46,20260929T204833Z-5e0600df3416,2026-09-18T11:23:10+00:00,2026-09-29T20:48:33+00:00
0000006720,邱駿威,樂天桃猿,投手,player_value_score,62.6,63.3,0.7,0.7,changed,20260918T112310Z-8f8e01d8ec46,20260929T204833Z-5e0600df3416,2026-09-18T11:23:10+00:00,2026-09-29T20:48:33+00:00
0000006720,邱駿威,樂天桃猿,投手,strikeouts,16.0,21.0,5.0,5.0,changed,20260918T112310Z-8f8e01d8ec46,20260929T204833Z-5e0600df3416,2026-09-18T11:23:10+00:00,2026-09-29T20:48:33+00:00
0000006720,邱駿威,樂天桃猿,投手,whip,1.37,1.35,-0.02,0.02,changed,20260918T112310Z-8f8e01d8ec46,20260929T204833Z-5e0600df3416,2026-09-18T11:23:10+00:00,2026-09-29T20:48:33+00:00
0000004624,陳克羿,樂天桃猿,投手,era,3.77,3.96,0.19,-0.19,changed,20260918T112310Z-8f8e01d8ec46,20260929T204833Z-5e0600df3416,2026-09-18T11:23:10+00:00,2026-09-29T20:48:33+00:00
0000004624,陳克羿,樂天桃猿,投手,innings_pitched,76.333,86.333,10.0,10.0,changed,20260918T112310Z-8f8e01d8ec46,20260929T204833Z-5e0600df3416,2026-09-18T11:23:10+00:00,2026-09-29T20:48:33+00:00
0000004624,陳克羿,樂天桃猿,投手,k_bb_ratio,2.68,2.43,-0.25,-0.25,changed,20260918T112310Z-8f8e01d8ec46,20260929T204833Z-5e0600df3416,2026-09-18T11:23:10+00:00,2026-09-29T20:48:33+00:00
0000004624,陳克羿,樂天桃猿,投手,player_value_score,69.6,67.5,-2.1,-2.1,changed,20260918T112310Z-8f8e01d8ec46,20260929T204833Z-5e0600df3416,2026-09-18T11:23:10+00:00,2026-09-29T20:48:33+00:00
0000004624,陳克羿,樂天桃猿,投手,strikeouts,67.0,73.0,6.0,6.0,changed,20260918T112310Z-8f8e01d8ec46,20260929T204833Z-5e0600df3416,2026-09-18T11:23:10+00:00,2026-09-29T20:48:33+00:00
0000004624,陳克羿,樂天桃猿,投手,whip,1.3,1.37,0.07,-0.07,changed,20260918T112310Z-8f8e01d8ec46,20260929T204833Z-5e0600df3416,2026-09-18T11:23:10+00:00,2026-09-29T20:48:33+00:00
0000000941,陳冠宇,樂天桃猿,投手,era,1.72,2.26,0.54,-0.54,changed,20260918T112310Z-8f8e01d8ec46,20260929T204833Z-5e0600df3416,2026-09-18T11:23:10+00:00,2026-09-29T20:48:33+00:00
0000000941,陳冠宇,樂天桃猿,投手,innings_pitched,47.0,51.667,4.667,4.667,changed,20260918T112310Z-8f8e01d8ec46,20260929T204833Z-5e0600df3416,2026-09-18T11:23:10+00:00,2026-09-29T20:48:33+00:00
0000000941,陳冠宇,樂天桃猿,投手,k_bb_ratio,3.06,3.0,-0.06,-0.06,changed,20260918T112310Z-8f8e01d8ec46,20260929T204833Z-5e0600df3416,2026-09-18T11:23:10+00:00,2026-09-29T20:48:33+00:00
0000000941,陳冠宇,樂天桃猿,投手,player_value_score,74.6,72.8,-1.8,-1.8,changed,20260918T112310Z-8f8e01d8ec46,20260929T204833Z-5e0600df3416,2026-09-18T11:23:10+00:00,2026-09-29T20:48:33+00:00
0000000941,陳冠宇,樂天桃猿,投手,strikeouts,52.0,57.0,5.0,5.0,changed,20260918T112310Z-8f8e01d8ec46,20260929T204833Z-5e0600df3416,2026-09-18T11:23:10+00:00,2026-09-29T20:48:33+00:00
0000000941,陳冠宇,樂天桃猿,投手,whip,1.04,1.12,0.08,-0.08,changed,20260918T112310Z-8f8e01d8ec46,20260929T204833Z-5e0600df3416,2026-09-18T11:23:10+00:00,2026-09-29T20:48:33+00:00
0000000779,陳柏豪,樂天桃猿,投手,era,8.1,8.1,0.0,-0.0,unchanged,20260918T112310Z-8f8e01d8ec46,20260929T204833Z-5e0600df3416,2026-09-18T11:23:10+00:00,2026-09-29T20:48:33+00:00
0000000779,陳柏豪,樂天桃猿,投手,innings_pitched,6.667,6.667,0.0,0.0,unchanged,20260918T112310Z-8f8e01d8ec46,20260929T204833Z-5e0600df3416,2026-09-18T11:23:10+00:00,2026-09-29T20:48:33+00:00
0000000779,陳柏豪,樂天桃猿,投手,k_bb_ratio,2.0,2.0,0.0,0.0,unchanged,20260918T112310Z-8f8e01d8ec46,20260929T204833Z-5e0600df3416,2026-09-18T11:23:10+00:00,2026-09-29T20:48:33+00:00
0000000779,陳柏豪,樂天桃猿,投手,player_value_score,63.0,62.3,-0.7,-0.7,changed,20260918T112310Z-8f8e01d8ec46,20260929T204833Z-5e0600df3416,2026-09-18T11:23:10+00:00,2026-09-29T20:48:33+00:00
0000000779,陳柏豪,樂天桃猿,投手,strikeouts,6.0,6.0,0.0,0.0,unchanged,20260918T112310Z-8f8e01d8ec46,20260929T204833Z-5e0600df3416,2026-09-18T11:23:10+00:00,2026-09-29T20:48:33+00:00
0000000779,陳柏豪,樂天桃猿,投手,whip,2.4,2.4,0.0,-0.0,unchanged,20260918T112310Z-8f8e01d8ec46,20260929T204833Z-5e0600df3416,2026-09-18T11:23:10+00:00,2026-09-29T20:48:33+00:00
0000007790,魔爾曼,樂天桃猿,投手,era,2.7,2.7,0.0,-0.0,unchanged,20260918T112310Z-8f8e01d8ec46,20260929T204833Z-5e0600df3416,2026-09-18T11:23:10+00:00,2026-09-29T20:48:33+00:00
0000007790,魔爾曼,樂天桃猿,投手,innings_pitched,86.667,86.667,0.0,0.0,unchanged,20260918T112310Z-8f8e01d8ec46,20260929T204833Z-5e0600df3416,2026-09-18T11:23:10+00:00,2026-09-29T20:48:33+00:00
0000007790,魔爾曼,樂天桃猿,投手,k_bb_ratio,2.73,2.73,0.0,0.0,unchanged,20260918T112310Z-8f8e01d8ec46,20260929T204833Z-5e0600df3416,2026-09-18T11:23:10+00:00,2026-09-29T20:48:33+00:00
0000007790,魔爾曼,樂天桃猿,投手,player_value_score,69.7,68.7,-1.0,-1.0,changed,20260918T112310Z-8f8e01d8ec46,20260929T204833Z-5e0600df3416,2026-09-18T11:23:10+00:00,2026-09-29T20:48:33+00:00
0000007790,魔爾曼,樂天桃猿,投手,strikeouts,71.0,71.0,0.0,0.0,unchanged,20260918T112310Z-8f8e01d8ec46,20260929T204833Z-5e0600df3416,2026-09-18T11:23:10+00:00,2026-09-29T20:48:33+00:00
0000007790,魔爾曼,樂天桃猿,投手,whip,1.22,1.22,0.0,-0.0,unchanged,20260918T112310Z-8f8e01d8ec46,20260929T204833Z-5e0600df3416,2026-09-18T11:23:10+00:00,2026-09-29T20:48:33+00:00
0000007789,麥斯威尼,樂天桃猿,投手,era,5.08,5.08,0.0,-0.0,unchanged,20260918T112310Z-8f8e01d8ec46,20260929T204833Z-5e0600df3416,2026-09-18T11:23:10+00:00,2026-09-29T20:48:33+00:00
0000007789,麥斯威尼,樂天桃猿,投手,innings_pitched,44.333,44.333,0.0,0.0,unchanged,20260918T112310Z-8f8e01d8ec46,20260929T204833Z-5e0600df3416,2026-09-18T11:23:10+00:00,2026-09-29T20:48:33+00:00
0000007789,麥斯威尼,樂天桃猿,投手,k_bb_ratio,0.88,0.88,0.0,0.0,unchanged,20260918T112310Z-8f8e01d8ec46,20260929T204833Z-5e0600df3416,2026-09-18T11:23:10+00:00,2026-09-29T20:48:33+00:00
0000007789,麥斯威尼,樂天桃猿,投手,player_value_score,58.2,57.9,-0.3,-0.3,changed,20260918T112310Z-8f8e01d8ec46,20260929T204833Z-5e0600df3416,2026-09-18T11:23:10+00:00,2026-09-29T20:48:33+00:00
0000007789,麥斯威尼,樂天桃猿,投手,strikeouts,21.0,21.0,0.0,0.0,unchanged,20260918T112310Z-8f8e01d8ec46,20260929T204833Z-5e0600df3416,2026-09-18T11:23:10+00:00,2026-09-29T20:48:33+00:00
0000007789,麥斯威尼,樂天桃猿,投手,whip,1.74,1.74,0.0,-0.0,unchanged,20260918T112310Z-8f8e01d8ec46,20260929T204833Z-5e0600df3416,2026-09-18T11:23:10+00:00,2026-09-29T20:48:33+00:00
0000006222,劉予承,統一7-ELEVEn獅,投手,era,3.86,3.86,0.0,-0.0,unchanged,20260918T112310Z-8f8e01d8ec46,20260929T204833Z-5e0600df3416,2026-09-18T11:23:10+00:00,2026-09-29T20:48:33+00:00
0000006222,劉予承,統一7-ELEVEn獅,投手,innings_pitched,2.333,2.333,0.0,0.0,unchanged,20260918T112310Z-8f8e01d8ec46,20260929T204833Z-5e0600df3416,2026-09-18T11:23:10+00:00,2026-09-29T20:48:33+00:00
0000006222,劉予承,統一7-ELEVEn獅,投手,k_bb_ratio,0.0,0.0,0.0,0.0,unchanged,20260918T112310Z-8f8e01d8ec46,20260929T204833Z-5e0600df3416,2026-09-18T11:23:10+00:00,2026-09-29T20:48:33+00:00
0000006222,劉予承,統一7-ELEVEn獅,投手,player_value_score,60.5,60.5,0.0,0.0,unchanged,20260918T112310Z-8f8e01d8ec46,20260929T204833Z-5e0600df3416,2026-09-18T11:23:10+00:00,2026-09-29T20:48:33+00:00
0000006222,劉予承,統一7-ELEVEn獅,投手,strikeouts,2.0,2.0,0.0,0.0,unchanged,20260918T112310Z-8f8e01d8ec46,20260929T204833Z-5e0600df3416,2026-09-18T11:23:10+00:00,2026-09-29T20:48:33+00:00
0000006222,劉予承,統一7-ELEVEn獅,投手,whip,2.57,2.57,0.0,-0.0,unchanged,20260918T112310Z-8f8e01d8ec46,20260929T204833Z-5e0600df3416,2026-09-18T11:23:10+00:00,2026-09-29T20:48:33+00:00
0000004637,劉軒荅,統一7-ELEVEn獅,投手,era,2.0,2.0,0.0,-0.0,unchanged,20260918T112310Z-8f8e01d8ec46,20260929T204833Z-5e0600df3416,2026-09-18T11:23:10+00:00,2026-09-29T20:48:33+00:00
0000004637,劉軒荅,統一7-ELEVEn獅,投手,innings_pitched,9.0,9.0,0.0,0.0,unchanged,20260918T112310Z-8f8e01d8ec46,20260929T204833Z-5e0600df3416,2026-09-18T11:23:10+00:00,2026-09-29T20:48:33+00:00
0000004637,劉軒荅,統一7-ELEVEn獅,投手,k_bb_ratio,1.0,1.0,0.0,0.0,unchanged,20260918T112310Z-8f8e01d8ec46,20260929T204833Z-5e0600df3416,2026-09-18T11:23:10+00:00,2026-09-29T20:48:33+00:00
0000004637,劉軒荅,統一7-ELEVEn獅,投手,player_value_score,60.0,59.6,-0.4,-0.4,changed,20260918T112310Z-8f8e01d8ec46,20260929T204833Z-5e0600df3416,2026-09-18T11:23:10+00:00,2026-09-29T20:48:33+00:00
0000004637,劉軒荅,統一7-ELEVEn獅,投手,strikeouts,3.0,3.0,0.0,0.0,unchanged,20260918T112310Z-8f8e01d8ec46,20260929T204833Z-5e0600df3416,2026-09-18T11:23:10+00:00,2026-09-29T20:48:33+00:00
0000004637,劉軒荅,統一7-ELEVEn獅,投手,whip,1.33,1.33,0.0,-0.0,unchanged,20260918T112310Z-8f8e01d8ec46,20260929T204833Z-5e0600df3416,2026-09-18T11:23:10+00:00,2026-09-29T20:48:33+00:00
0000005482,吳承諭,統一7-ELEVEn獅,投手,era,2.34,2.11,-0.23,0.23,changed,20260918T112310Z-8f8e01d8ec46,20260929T204833Z-5e0600df3416,2026-09-18T11:23:10+00:00,2026-09-29T20:48:33+00:00
0000005482,吳承諭,統一7-ELEVEn獅,投手,innings_pitched,34.667,38.333,3.666,3.666,changed,20260918T112310Z-8f8e01d8ec46,20260929T204833Z-5e0600df3416,2026-09-18T11:23:10+00:00,2026-09-29T20:48:33+00:00
0000005482,吳承諭,統一7-ELEVEn獅,投手,k_bb_ratio,1.44,1.56,0.12,0.12,changed,20260918T112310Z-8f8e01d8ec46,20260929T204833Z-5e0600df3416,2026-09-18T11:23:10+00:00,2026-09-29T20:48:33+00:00
0000005482,吳承諭,統一7-ELEVEn獅,投手,player_value_score,62.3,62.2,-0.1,-0.1,changed,20260918T112310Z-8f8e01d8ec46,20260929T204833Z-5e0600df3416,2026-09-18T11:23:10+00:00,2026-09-29T20:48:33+00:00
0000005482,吳承諭,統一7-ELEVEn獅,投手,strikeouts,13.0,14.0,1.0,1.0,changed,20260918T112310Z-8f8e01d8ec46,20260929T204833Z-5e0600df3416,2026-09-18T11:23:10+00:00,2026-09-29T20:48:33+00:00
0000005482,吳承諭,統一7-ELEVEn獅,投手,whip,1.18,1.15,-0.03,0.03,changed,20260918T112310Z-8f8e01d8ec46,20260929T204833Z-5e0600df3416,2026-09-18T11:23:10+00:00,2026-09-29T20:48:33+00:00
0000007063,周彥農,統一7-ELEVEn獅,投手,era,4.5,3.27,-1.23,1.23,changed,20260918T112310Z-8f8e01d8ec46,20260929T204833Z-5e0600df3416,2026-09-18T11:23:10+00:00,2026-09-29T20:48:33+00:00
0000007063,周彥農,統一7-ELEVEn獅,投手,innings_pitched,4.0,11.0,7.0,7.0,changed,20260918T112310Z-8f8e01d8ec46,20260929T204833Z-5e0600df3416,2026-09-18T11:23:10+00:00,2026-09-29T20:48:33+00:00
0000007063,周彥農,統一7-ELEVEn獅,投手,k_bb_ratio,4.0,9.0,5.0,5.0,changed,20260918T112310Z-8f8e01d8ec46,20260929T204833Z-5e0600df3416,2026-09-18T11:23:10+00:00,2026-09-29T20:48:33+00:00
0000007063,周彥農,統一7-ELEVEn獅,投手,player_value_score,72.6,81.8,9.2,9.2,changed,20260918T112310Z-8f8e01d8ec46,20260929T204833Z-5e0600df3416,2026-09-18T11:23:10+00:00,2026-09-29T20:48:33+00:00
0000007063,周彥農,統一7-ELEVEn獅,投手,strikeouts,4.0,9.0,5.0,5.0,changed,20260918T112310Z-8f8e01d8ec46,20260929T204833Z-5e0600df3416,2026-09-18T11:23:10+00:00,2026-09-29T20:48:33+00:00
0000007063,周彥農,統一7-ELEVEn獅,投手,whip,1.75,1.0,-0.75,0.75,changed,20260918T112310Z-8f8e01d8ec46,20260929T204833Z-5e0600df3416,2026-09-18T11:23:10+00:00,2026-09-29T20:48:33+00:00
0000007778,喬登,統一7-ELEVEn獅,投手,era,1.45,1.69,0.24,-0.24,changed,20260918T112310Z-8f8e01d8ec46,20260929T204833Z-5e0600df3416,2026-09-18T11:23:10+00:00,2026-09-29T20:48:33+00:00
0000007778,喬登,統一7-ELEVEn獅,投手,innings_pitched,99.0,112.0,13.0,13.0,changed,20260918T112310Z-8f8e01d8ec46,20260929T204833Z-5e0600df3416,2026-09-18T11:23:10+00:00,2026-09-29T20:48:33+00:00
0000007778,喬登,統一7-ELEVEn獅,投手,k_bb_ratio,2.6,2.61,0.01,0.01,changed,20260918T112310Z-8f8e01d8ec46,20260929T204833Z-5e0600df3416,2026-09-18T11:23:10+00:00,2026-09-29T20:48:33+00:00
0000007778,喬登,統一7-ELEVEn獅,投手,player_value_score,73.1,71.8,-1.3,-1.3,changed,20260918T112310Z-8f8e01d8ec46,20260929T204833Z-5e0600df3416,2026-09-18T11:23:10+00:00,2026-09-29T20:48:33+00:00
0000007778,喬登,統一7-ELEVEn獅,投手,strikeouts,104.0,115.0,11.0,11.0,changed,20260918T112310Z-8f8e01d8ec46,20260929T204833Z-5e0600df3416,2026-09-18T11:23:10+00:00,2026-09-29T20:48:33+00:00
0000007778,喬登,統一7-ELEVEn獅,投手,whip,1.0,1.0,0.0,-0.0,unchanged,20260918T112310Z-8f8e01d8ec46,20260929T204833Z-5e0600df3416,2026-09-18T11:23:10+00:00,2026-09-29T20:48:33+00:00
0000005282,姚杰宏,統一7-ELEVEn獅,投手,era,5.4,5.4,0.0,-0.0,unchanged,20260918T112310Z-8f8e01d8ec46,20260929T204833Z-5e0600df3416,2026-09-18T11:23:10+00:00,2026-09-29T20:48:33+00:00
0000005282,姚杰宏,統一7-ELEVEn獅,投手,innings_pitched,1.667,1.667,0.0,0.0,unchanged,20260918T112310Z-8f8e01d8ec46,20260929T204833Z-5e0600df3416,2026-09-18T11:23:10+00:00,2026-09-29T20:48:33+00:00
0000005282,姚杰宏,統一7-ELEVEn獅,投手,k_bb_ratio,0.0,0.0,0.0,0.0,unchanged,20260918T112310Z-8f8e01d8ec46,20260929T204833Z-5e0600df3416,2026-09-18T11:23:10+00:00,2026-09-29T20:48:33+00:00
0000005282,姚杰宏,統一7-ELEVEn獅,投手,player_value_score,54.7,54.7,0.0,0.0,unchanged,20260918T112310Z-8f8e01d8ec46,20260929T204833Z-5e0600df3416,2026-09-18T11:23:10+00:00,2026-09-29T20:48:33+00:00
0000005282,姚杰宏,統一7-ELEVEn獅,投手,strikeouts,0.0,0.0,0.0,0.0,unchanged,20260918T112310Z-8f8e01d8ec46,20260929T204833Z-5e0600df3416,2026-09-18T11:23:10+00:00,2026-09-29T20:48:33+00:00
0000005282,姚杰宏,統一7-ELEVEn獅,投手,whip,1.8,1.8,0.0,-0.0,unchanged,20260918T112310Z-8f8e01d8ec46,20260929T204833Z-5e0600df3416,2026-09-18T11:23:10+00:00,2026-09-29T20:48:33+00:00
0000005731,布雷克,統一7-ELEVEn獅,投手,era,1.6,1.58,-0.02,0.02,changed,20260918T112310Z-8f8e01d8ec46,20260929T204833Z-5e0600df3416,2026-09-18T11:23:10+00:00,2026-09-29T20:48:33+00:00
0000005731,布雷克,統一7-ELEVEn獅,投手,innings_pitched,134.667,147.667,13.0,13.0,changed,20260918T112310Z-8f8e01d8ec46,20260929T204833Z-5e0600df3416,2026-09-18T11:23:10+00:00,2026-09-29T20:48:33+00:00
0000005731,布雷克,統一7-ELEVEn獅,投手,k_bb_ratio,5.79,5.62,-0.17,-0.17,changed,20260918T112310Z-8f8e01d8ec46,20260929T204833Z-5e0600df3416,2026-09-18T11:23:10+00:00,2026-09-29T20:48:33+00:00
0000005731,布雷克,統一7-ELEVEn獅,投手,player_value_score,76.2,74.0,-2.2,-2.2,changed,20260918T112310Z-8f8e01d8ec46,20260929T204833Z-5e0600df3416,2026-09-18T11:23:10+00:00,2026-09-29T20:48:33+00:00
0000005731,布雷克,統一7-ELEVEn獅,投手,strikeouts,81.0,90.0,9.0,9.0,changed,20260918T112310Z-8f8e01d8ec46,20260929T204833Z-5e0600df3416,2026-09-18T11:23:10+00:00,2026-09-29T20:48:33+00:00
0000005731,布雷克,統一7-ELEVEn獅,投手,whip,0.97,0.95,-0.02,0.02,changed,20260918T112310Z-8f8e01d8ec46,20260929T204833Z-5e0600df3416,2026-09-18T11:23:10+00:00,2026-09-29T20:48:33+00:00
0000007290,張宥謙,統一7-ELEVEn獅,投手,era,5.6,5.6,0.0,-0.0,unchanged,20260918T112310Z-8f8e01d8ec46,20260929T204833Z-5e0600df3416,2026-09-18T11:23:10+00:00,2026-09-29T20:48:33+00:00
0000007290,張宥謙,統一7-ELEVEn獅,投手,innings_pitched,17.667,17.667,0.0,0.0,unchanged,20260918T112310Z-8f8e01d8ec46,20260929T204833Z-5e0600df3416,2026-09-18T11:23:10+00:00,2026-09-29T20:48:33+00:00
0000007290,張宥謙,統一7-ELEVEn獅,投手,k_bb_ratio,0.64,0.64,0.0,0.0,unchanged,20260918T112310Z-8f8e01d8ec46,20260929T204833Z-5e0600df3416,2026-09-18T11:23:10+00:00,2026-09-29T20:48:33+00:00
0000007290,張宥謙,統一7-ELEVEn獅,投手,player_value_score,56.4,56.2,-0.2,-0.2,changed,20260918T112310Z-8f8e01d8ec46,20260929T204833Z-5e0600df3416,2026-09-18T11:23:10+00:00,2026-09-29T20:48:33+00:00
0000007290,張宥謙,統一7-ELEVEn獅,投手,strikeouts,7.0,7.0,0.0,0.0,unchanged,20260918T112310Z-8f8e01d8ec46,20260929T204833Z-5e0600df3416,2026-09-18T11:23:10+00:00,2026-09-29T20:48:33+00:00
0000007290,張宥謙,統一7-ELEVEn獅,投手,whip,1.7,1.7,0.0,-0.0,unchanged,20260918T112310Z-8f8e01d8ec46,20260929T204833Z-5e0600df3416,2026-09-18T11:23:10+00:00,2026-09-29T20:48:33+00:00
0000006127,李其峰,統一7-ELEVEn獅,投手,era,2.83,3.19,0.36,-0.36,changed,20260918T112310Z-8f8e01d8ec46,20260929T204833Z-5e0600df3416,2026-09-18T11:23:10+00:00,2026-09-29T20:48:33+00:00
0000006127,李其峰,統一7-ELEVEn獅,投手,innings_pitched,28.667,31.0,2.333,2.333,changed,20260918T112310Z-8f8e01d8ec46,20260929T204833Z-5e0600df3416,2026-09-18T11:23:10+00:00,2026-09-29T20:48:33+00:00
0000006127,李其峰,統一7-ELEVEn獅,投手,k_bb_ratio,1.62,1.57,-0.05,-0.05,changed,20260918T112310Z-8f8e01d8ec46,20260929T204833Z-5e0600df3416,2026-09-18T11:23:10+00:00,2026-09-29T20:48:33+00:00
0000006127,李其峰,統一7-ELEVEn獅,投手,player_value_score,63.9,62.9,-1.0,-1.0,changed,20260918T112310Z-8f8e01d8ec46,20260929T204833Z-5e0600df3416,2026-09-18T11:23:10+00:00,2026-09-29T20:48:33+00:00
0000006127,李其峰,統一7-ELEVEn獅,投手,strikeouts,21.0,22.0,1.0,1.0,changed,20260918T112310Z-8f8e01d8ec46,20260929T204833Z-5e0600df3416,2026-09-18T11:23:10+00:00,2026-09-29T20:48:33+00:00
0000006127,李其峰,統一7-ELEVEn獅,投手,whip,1.64,1.65,0.01,-0.01,changed,20260918T112310Z-8f8e01d8ec46,20260929T204833Z-5e0600df3416,2026-09-18T11:23:10+00:00,2026-09-29T20:48:33+00:00
0000007292,李軍,統一7-ELEVEn獅,投手,era,3.28,3.42,0.14,-0.14,changed,20260918T112310Z-8f8e01d8ec46,20260929T204833Z-5e0600df3416,2026-09-18T11:23:10+00:00,2026-09-29T20:48:33+00:00
0000007292,李軍,統一7-ELEVEn獅,投手,innings_pitched,24.667,26.333,1.666,1.666,changed,20260918T112310Z-8f8e01d8ec46,20260929T204833Z-5e0600df3416,2026-09-18T11:23:10+00:00,2026-09-29T20:48:33+00:00
0000007292,李軍,統一7-ELEVEn獅,投手,k_bb_ratio,2.0,2.18,0.18,0.18,changed,20260918T112310Z-8f8e01d8ec46,20260929T204833Z-5e0600df3416,2026-09-18T11:23:10+00:00,2026-09-29T20:48:33+00:00
0000007292,李軍,統一7-ELEVEn獅,投手,player_value_score,67.8,67.5,-0.3,-0.3,changed,20260918T112310Z-8f8e01d8ec46,20260929T204833Z-5e0600df3416,2026-09-18T11:23:10+00:00,2026-09-29T20:48:33+00:00
0000007292,李軍,統一7-ELEVEn獅,投手,strikeouts,22.0,24.0,2.0,2.0,changed,20260918T112310Z-8f8e01d8ec46,20260929T204833Z-5e0600df3416,2026-09-18T11:23:10+00:00,2026-09-29T20:48:33+00:00
0000007292,李軍,統一7-ELEVEn獅,投手,whip,1.22,1.29,0.07,-0.07,changed,20260918T112310Z-8f8e01d8ec46,20260929T204833Z-5e0600df3416,2026-09-18T11:23:10+00:00,2026-09-29T20:48:33+00:00
0000002695,林子崴,統一7-ELEVEn獅,投手,era,0.0,0.0,0.0,-0.0,unchanged,20260918T112310Z-8f8e01d8ec46,20260929T204833Z-5e0600df3416,2026-09-18T11:23:10+00:00,2026-09-29T20:48:33+00:00
0000002695,林子崴,統一7-ELEVEn獅,投手,innings_pitched,6.333,6.333,0.0,0.0,unchanged,20260918T112310Z-8f8e01d8ec46,20260929T204833Z-5e0600df3416,2026-09-18T11:23:10+00:00,2026-09-29T20:48:33+00:00
0000002695,林子崴,統一7-ELEVEn獅,投手,k_bb_ratio,0.0,0.0,0.0,0.0,unchanged,20260918T112310Z-8f8e01d8ec46,20260929T204833Z-5e0600df3416,2026-09-18T11:23:10+00:00,2026-09-29T20:48:33+00:00
0000002695,林子崴,統一7-ELEVEn獅,投手,player_value_score,65.8,65.8,0.0,0.0,unchanged,20260918T112310Z-8f8e01d8ec46,20260929T204833Z-5e0600df3416,2026-09-18T11:23:10+00:00,2026-09-29T20:48:33+00:00
0000002695,林子崴,統一7-ELEVEn獅,投手,strikeouts,4.0,4.0,0.0,0.0,unchanged,20260918T112310Z-8f8e01d8ec46,20260929T204833Z-5e0600df3416,2026-09-18T11:23:10+00:00,2026-09-29T20:48:33+00:00
0000002695,林子崴,統一7-ELEVEn獅,投手,whip,1.11,1.11,0.0,-0.0,unchanged,20260918T112310Z-8f8e01d8ec46,20260929T204833Z-5e0600df3416,2026-09-18T11:23:10+00:00,2026-09-29T20:48:33+00:00
0000007294,林易霆,統一7-ELEVEn獅,投手,era,2.89,2.89,0.0,-0.0,unchanged,20260918T112310Z-8f8e01d8ec46,20260929T204833Z-5e0600df3416,2026-09-18T11:23:10+00:00,2026-09-29T20:48:33+00:00
0000007294,林易霆,統一7-ELEVEn獅,投手,innings_pitched,9.333,9.333,0.0,0.0,unchanged,20260918T112310Z-8f8e01d8ec46,20260929T204833Z-5e0600df3416,2026-09-18T11:23:10+00:00,2026-09-29T20:48:33+00:00
0000007294,林易霆,統一7-ELEVEn獅,投手,k_bb_ratio,1.4,1.4,0.0,0.0,unchanged,20260918T112310Z-8f8e01d8ec46,20260929T204833Z-5e0600df3416,2026-09-18T11:23:10+00:00,2026-09-29T20:48:33+00:00
0000007294,林易霆,統一7-ELEVEn獅,投手,player_value_score,64.6,64.1,-0.5,-0.5,changed,20260918T112310Z-8f8e01d8ec46,20260929T204833Z-5e0600df3416,2026-09-18T11:23:10+00:00,2026-09-29T20:48:33+00:00
0000007294,林易霆,統一7-ELEVEn獅,投手,strikeouts,7.0,7.0,0.0,0.0,unchanged,20260918T112310Z-8f8e01d8ec46,20260929T204833Z-5e0600df3416,2026-09-18T11:23:10+00:00,2026-09-29T20:48:33+00:00
0000007294,林易霆,統一7-ELEVEn獅,投手,whip,1.18,1.18,0.0,-0.0,unchanged,20260918T112310Z-8f8e01d8ec46,20260929T204833Z-5e0600df3416,2026-09-18T11:23:10+00:00,2026-09-29T20:48:33+00:00
0000001339,林祖傑,統一7-ELEVEn獅,投手,era,,0.0,,,new,20260918T112310Z-8f8e01d8ec46,20260929T204833Z-5e0600df3416,2026-09-18T11:23:10+00:00,2026-09-29T20:48:33+00:00
0000001339,林祖傑,統一7-ELEVEn獅,投手,innings_pitched,,0.667,,,new,20260918T112310Z-8f8e01d8ec46,20260929T204833Z-5e0600df3416,2026-09-18T11:23:10+00:00,2026-09-29T20:48:33+00:00
0000001339,林祖傑,統一7-ELEVEn獅,投手,k_bb_ratio,,0.0,,,new,20260918T112310Z-8f8e01d8ec46,20260929T204833Z-5e0600df3416,2026-09-18T11:23:10+00:00,2026-09-29T20:48:33+00:00
0000001339,林祖傑,統一7-ELEVEn獅,投手,player_value_score,,60.0,,,new,20260918T112310Z-8f8e01d8ec46,20260929T204833Z-5e0600df3416,2026-09-18T11:23:10+00:00,2026-09-29T20:48:33+00:00
0000001339,林祖傑,統一7-ELEVEn獅,投手,strikeouts,,0.0,,,new,20260918T112310Z-8f8e01d8ec46,20260929T204833Z-5e0600df3416,2026-09-18T11:23:10+00:00,2026-09-29T20:48:33+00:00
0000001339,林祖傑,統一7-ELEVEn獅,投手,whip,,0.0,,,new,20260918T112310Z-8f8e01d8ec46,20260929T204833Z-5e0600df3416,2026-09-18T11:23:10+00:00,2026-09-29T20:48:33+00:00
0000006848,林詔恩,統一7-ELEVEn獅,投手,era,2.96,2.96,0.0,-0.0,unchanged,20260918T112310Z-8f8e01d8ec46,20260929T204833Z-5e0600df3416,2026-09-18T11:23:10+00:00,2026-09-29T20:48:33+00:00
0000006848,林詔恩,統一7-ELEVEn獅,投手,innings_pitched,70.0,70.0,0.0,0.0,unchanged,20260918T112310Z-8f8e01d8ec46,20260929T204833Z-5e0600df3416,2026-09-18T11:23:10+00:00,2026-09-29T20:48:33+00:00
0000006848,林詔恩,統一7-ELEVEn獅,投手,k_bb_ratio,2.0,2.0,0.0,0.0,unchanged,20260918T112310Z-8f8e01d8ec46,20260929T204833Z-5e0600df3416,2026-09-18T11:23:10+00:00,2026-09-29T20:48:33+00:00
0000006848,林詔恩,統一7-ELEVEn獅,投手,player_value_score,67.3,66.5,-0.8,-0.8,changed,20260918T112310Z-8f8e01d8ec46,20260929T204833Z-5e0600df3416,2026-09-18T11:23:10+00:00,2026-09-29T20:48:33+00:00
0000006848,林詔恩,統一7-ELEVEn獅,投手,strikeouts,54.0,54.0,0.0,0.0,unchanged,20260918T112310Z-8f8e01d8ec46,20260929T204833Z-5e0600df3416,2026-09-18T11:23:10+00:00,2026-09-29T20:48:33+00:00
0000006848,林詔恩,統一7-ELEVEn獅,投手,whip,1.21,1.21,0.0,-0.0,unchanged,20260918T112310Z-8f8e01d8ec46,20260929T204833Z-5e0600df3416,2026-09-18T11:23:10+00:00,2026-09-29T20:48:33+00:00
0000001412,江少慶,統一7-ELEVEn獅,投手,era,0.9,6.35,5.45,-5.45,changed,20260918T112310Z-8f8e01d8ec46,20260929T204833Z-5e0600df3416,2026-09-18T11:23:10+00:00,2026-09-29T20:48:33+00:00
0000001412,江少慶,統一7-ELEVEn獅,投手,innings_pitched,10.0,11.333,1.333,1.333,changed,20260918T112310Z-8f8e01d8ec46,20260929T204833Z-5e0600df3416,2026-09-18T11:23:10+00:00,2026-09-29T20:48:33+00:00
0000001412,江少慶,統一7-ELEVEn獅,投手,k_bb_ratio,1.5,1.33,-0.17,-0.17,changed,20260918T112310Z-8f8e01d8ec46,20260929T204833Z-5e0600df3416,2026-09-18T11:23:10+00:00,2026-09-29T20:48:33+00:00
0000001412,江少慶,統一7-ELEVEn獅,投手,player_value_score,64.1,60.5,-3.6,-3.6,changed,20260918T112310Z-8f8e01d8ec46,20260929T204833Z-5e0600df3416,2026-09-18T11:23:10+00:00,2026-09-29T20:48:33+00:00
0000001412,江少慶,統一7-ELEVEn獅,投手,strikeouts,6.0,8.0,2.0,2.0,changed,20260918T112310Z-8f8e01d8ec46,20260929T204833Z-5e0600df3416,2026-09-18T11:23:10+00:00,2026-09-29T20:48:33+00:00
0000001412,江少慶,統一7-ELEVEn獅,投手,whip,1.4,1.94,0.54,-0.54,changed,20260918T112310Z-8f8e01d8ec46,20260929T204833Z-5e0600df3416,2026-09-18T11:23:10+00:00,2026-09-29T20:48:33+00:00
0000003620,江承峰,統一7-ELEVEn獅,投手,era,0.0,0.0,0.0,-0.0,unchanged,20260918T112310Z-8f8e01d8ec46,20260929T204833Z-5e0600df3416,2026-09-18T11:23:10+00:00,2026-09-29T20:48:33+00:00
0000003620,江承峰,統一7-ELEVEn獅,投手,innings_pitched,3.667,3.667,0.0,0.0,unchanged,20260918T112310Z-8f8e01d8ec46,20260929T204833Z-5e0600df3416,2026-09-18T11:23:10+00:00,2026-09-29T20:48:33+00:00
0000003620,江承峰,統一7-ELEVEn獅,投手,k_bb_ratio,1.0,1.0,0.0,0.0,unchanged,20260918T112310Z-8f8e01d8ec46,20260929T204833Z-5e0600df3416,2026-09-18T11:23:10+00:00,2026-09-29T20:48:33+00:00
0000003620,江承峰,統一7-ELEVEn獅,投手,player_value_score,60.2,59.8,-0.4,-0.4,changed,20260918T112310Z-8f8e01d8ec46,20260929T204833Z-5e0600df3416,2026-09-18T11:23:10+00:00,2026-09-29T20:48:33+00:00
0000003620,江承峰,統一7-ELEVEn獅,投手,strikeouts,1.0,1.0,0.0,0.0,unchanged,20260918T112310Z-8f8e01d8ec46,20260929T204833Z-5e0600df3416,2026-09-18T11:23:10+00:00,2026-09-29T20:48:33+00:00
0000003620,江承峰,統一7-ELEVEn獅,投手,whip,1.36,1.36,0.0,-0.0,unchanged,20260918T112310Z-8f8e01d8ec46,20260929T204833Z-5e0600df3416,2026-09-18T11:23:10+00:00,2026-09-29T20:48:33+00:00
0000007597,獅帝芬,統一7-ELEVEn獅,投手,era,2.7,2.71,0.01,-0.01,changed,20260918T112310Z-8f8e01d8ec46,20260929T204833Z-5e0600df3416,2026-09-18T11:23:10+00:00,2026-09-29T20:48:33+00:00
0000007597,獅帝芬,統一7-ELEVEn獅,投手,innings_pitched,110.0,123.0,13.0,13.0,changed,20260918T112310Z-8f8e01d8ec46,20260929T204833Z-5e0600df3416,2026-09-18T11:23:10+00:00,2026-09-29T20:48:33+00:00
0000007597,獅帝芬,統一7-ELEVEn獅,投手,k_bb_ratio,2.21,1.77,-0.44,-0.44,changed,20260918T112310Z-8f8e01d8ec46,20260929T204833Z-5e0600df3416,2026-09-18T11:23:10+00:00,2026-09-29T20:48:33+00:00
0000007597,獅帝芬,統一7-ELEVEn獅,投手,player_value_score,67.2,64.6,-2.6,-2.6,changed,20260918T112310Z-8f8e01d8ec46,20260929T204833Z-5e0600df3416,2026-09-18T11:23:10+00:00,2026-09-29T20:48:33+00:00
0000007597,獅帝芬,統一7-ELEVEn獅,投手,strikeouts,75.0,78.0,3.0,3.0,changed,20260918T112310Z-8f8e01d8ec46,20260929T204833Z-5e0600df3416,2026-09-18T11:23:10+00:00,2026-09-29T20:48:33+00:00
0000007597,獅帝芬,統一7-ELEVEn獅,投手,whip,1.2,1.24,0.04,-0.04,changed,20260918T112310Z-8f8e01d8ec46,20260929T204833Z-5e0600df3416,2026-09-18T11:23:10+00:00,2026-09-29T20:48:33+00:00
0000003393,王鏡銘,統一7-ELEVEn獅,投手,era,2.03,2.35,0.32,-0.32,changed,20260918T112310Z-8f8e01d8ec46,20260929T204833Z-5e0600df3416,2026-09-18T11:23:10+00:00,2026-09-29T20:48:33+00:00
0000003393,王鏡銘,統一7-ELEVEn獅,投手,innings_pitched,13.333,15.333,2.0,2.0,changed,20260918T112310Z-8f8e01d8ec46,20260929T204833Z-5e0600df3416,2026-09-18T11:23:10+00:00,2026-09-29T20:48:33+00:00
0000003393,王鏡銘,統一7-ELEVEn獅,投手,k_bb_ratio,0.8,1.0,0.2,0.2,changed,20260918T112310Z-8f8e01d8ec46,20260929T204833Z-5e0600df3416,2026-09-18T11:23:10+00:00,2026-09-29T20:48:33+00:00
0000003393,王鏡銘,統一7-ELEVEn獅,投手,player_value_score,59.5,60.1,0.6,0.6,changed,20260918T112310Z-8f8e01d8ec46,20260929T204833Z-5e0600df3416,2026-09-18T11:23:10+00:00,2026-09-29T20:48:33+00:00
0000003393,王鏡銘,統一7-ELEVEn獅,投手,strikeouts,4.0,5.0,1.0,1.0,changed,20260918T112310Z-8f8e01d8ec46,20260929T204833Z-5e0600df3416,2026-09-18T11:23:10+00:00,2026-09-29T20:48:33+00:00
0000003393,王鏡銘,統一7-ELEVEn獅,投手,whip,1.13,1.17,0.04,-0.04,changed,20260918T112310Z-8f8e01d8ec46,20260929T204833Z-5e0600df3416,2026-09-18T11:23:10+00:00,2026-09-29T20:48:33+00:00
0000001719,胡智爲,統一7-ELEVEn獅,投手,era,7.68,7.68,0.0,-0.0,unchanged,20260918T112310Z-8f8e01d8ec46,20260929T204833Z-5e0600df3416,2026-09-18T11:23:10+00:00,2026-09-29T20:48:33+00:00
0000001719,胡智爲,統一7-ELEVEn獅,投手,innings_pitched,38.667,38.667,0.0,0.0,unchanged,20260918T112310Z-8f8e01d8ec46,20260929T204833Z-5e0600df3416,2026-09-18T11:23:10+00:00,2026-09-29T20:48:33+00:00
0000001719,胡智爲,統一7-ELEVEn獅,投手,k_bb_ratio,1.62,1.62,0.0,0.0,unchanged,20260918T112310Z-8f8e01d8ec46,20260929T204833Z-5e0600df3416,2026-09-18T11:23:10+00:00,2026-09-29T20:48:33+00:00
0000001719,胡智爲,統一7-ELEVEn獅,投手,player_value_score,61.1,60.5,-0.6,-0.6,changed,20260918T112310Z-8f8e01d8ec46,20260929T204833Z-5e0600df3416,2026-09-18T11:23:10+00:00,2026-09-29T20:48:33+00:00
0000001719,胡智爲,統一7-ELEVEn獅,投手,strikeouts,21.0,21.0,0.0,0.0,unchanged,20260918T112310Z-8f8e01d8ec46,20260929T204833Z-5e0600df3416,2026-09-18T11:23:10+00:00,2026-09-29T20:48:33+00:00
0000001719,胡智爲,統一7-ELEVEn獅,投手,whip,1.81,1.81,0.0,-0.0,unchanged,20260918T112310Z-8f8e01d8ec46,20260929T204833Z-5e0600df3416,2026-09-18T11:23:10+00:00,2026-09-29T20:48:33+00:00
0000007061,辛俊昇,統一7-ELEVEn獅,投手,era,7.27,7.2,-0.07,0.07,changed,20260918T112310Z-8f8e01d8ec46,20260929T204833Z-5e0600df3416,2026-09-18T11:23:10+00:00,2026-09-29T20:48:33+00:00
0000007061,辛俊昇,統一7-ELEVEn獅,投手,innings_pitched,8.667,10.0,1.333,1.333,changed,20260918T112310Z-8f8e01d8ec46,20260929T204833Z-5e0600df3416,2026-09-18T11:23:10+00:00,2026-09-29T20:48:33+00:00
0000007061,辛俊昇,統一7-ELEVEn獅,投手,k_bb_ratio,0.71,0.88,0.17,0.17,changed,20260918T112310Z-8f8e01d8ec46,20260929T204833Z-5e0600df3416,2026-09-18T11:23:10+00:00,2026-09-29T20:48:33+00:00
0000007061,辛俊昇,統一7-ELEVEn獅,投手,player_value_score,56.3,57.2,0.9,0.9,changed,20260918T112310Z-8f8e01d8ec46,20260929T204833Z-5e0600df3416,2026-09-18T11:23:10+00:00,2026-09-29T20:48:33+00:00
0000007061,辛俊昇,統一7-ELEVEn獅,投手,strikeouts,5.0,7.0,2.0,2.0,changed,20260918T112310Z-8f8e01d8ec46,20260929T204833Z-5e0600df3416,2026-09-18T11:23:10+00:00,2026-09-29T20:48:33+00:00
0000007061,辛俊昇,統一7-ELEVEn獅,投手,whip,1.96,2.1,0.14,-0.14,changed,20260918T112310Z-8f8e01d8ec46,20260929T204833Z-5e0600df3416,2026-09-18T11:23:10+00:00,2026-09-29T20:48:33+00:00
0000000998,邱浩鈞,統一7-ELEVEn獅,投手,era,2.67,2.75,0.08,-0.08,changed,20260918T112310Z-8f8e01d8ec46,20260929T204833Z-5e0600df3416,2026-09-18T11:23:10+00:00,2026-09-29T20:48:33+00:00
0000000998,邱浩鈞,統一7-ELEVEn獅,投手,innings_pitched,33.667,36.0,2.333,2.333,changed,20260918T112310Z-8f8e01d8ec46,20260929T204833Z-5e0600df3416,2026-09-18T11:23:10+00:00,2026-09-29T20:48:33+00:00
0000000998,邱浩鈞,統一7-ELEVEn獅,投手,k_bb_ratio,1.1,1.04,-0.06,-0.06,changed,20260918T112310Z-8f8e01d8ec46,20260929T204833Z-5e0600df3416,2026-09-18T11:23:10+00:00,2026-09-29T20:48:33+00:00
0000000998,邱浩鈞,統一7-ELEVEn獅,投手,player_value_score,61.8,60.9,-0.9,-0.9,changed,20260918T112310Z-8f8e01d8ec46,20260929T204833Z-5e0600df3416,2026-09-18T11:23:10+00:00,2026-09-29T20:48:33+00:00
0000000998,邱浩鈞,統一7-ELEVEn獅,投手,strikeouts,23.0,24.0,1.0,1.0,changed,20260918T112310Z-8f8e01d8ec46,20260929T204833Z-5e0600df3416,2026-09-18T11:23:10+00:00,2026-09-29T20:48:33+00:00
0000000998,邱浩鈞,統一7-ELEVEn獅,投手,whip,1.46,1.5,0.04,-0.04,changed,20260918T112310Z-8f8e01d8ec46,20260929T204833Z-5e0600df3416,2026-09-18T11:23:10+00:00,2026-09-29T20:48:33+00:00
0000001260,郭俊麟,統一7-ELEVEn獅,投手,era,4.2,4.14,-0.06,0.06,changed,20260918T112310Z-8f8e01d8ec46,20260929T204833Z-5e0600df3416,2026-09-18T11:23:10+00:00,2026-09-29T20:48:33+00:00
0000001260,郭俊麟,統一7-ELEVEn獅,投手,innings_pitched,40.667,45.667,5.0,5.0,changed,20260918T112310Z-8f8e01d8ec46,20260929T204833Z-5e0600df3416,2026-09-18T11:23:10+00:00,2026-09-29T20:48:33+00:00
0000001260,郭俊麟,統一7-ELEVEn獅,投手,k_bb_ratio,1.15,1.18,0.03,0.03,changed,20260918T112310Z-8f8e01d8ec46,20260929T204833Z-5e0600df3416,2026-09-18T11:23:10+00:00,2026-09-29T20:48:33+00:00
0000001260,郭俊麟,統一7-ELEVEn獅,投手,player_value_score,61.2,61.0,-0.2,-0.2,changed,20260918T112310Z-8f8e01d8ec46,20260929T204833Z-5e0600df3416,2026-09-18T11:23:10+00:00,2026-09-29T20:48:33+00:00
0000001260,郭俊麟,統一7-ELEVEn獅,投手,strikeouts,23.0,26.0,3.0,3.0,changed,20260918T112310Z-8f8e01d8ec46,20260929T204833Z-5e0600df3416,2026-09-18T11:23:10+00:00,2026-09-29T20:48:33+00:00
0000001260,郭俊麟,統一7-ELEVEn獅,投手,whip,1.43,1.42,-0.01,0.01,changed,20260918T112310Z-8f8e01d8ec46,20260929T204833Z-5e0600df3416,2026-09-18T11:23:10+00:00,2026-09-29T20:48:33+00:00
0000006850,鄭副豪,統一7-ELEVEn獅,投手,era,6.35,6.35,0.0,-0.0,unchanged,20260918T112310Z-8f8e01d8ec46,20260929T204833Z-5e0600df3416,2026-09-18T11:23:10+00:00,2026-09-29T20:48:33+00:00
0000006850,鄭副豪,統一7-ELEVEn獅,投手,innings_pitched,11.333,11.333,0.0,0.0,unchanged,20260918T112310Z-8f8e01d8ec46,20260929T204833Z-5e0600df3416,2026-09-18T11:23:10+00:00,2026-09-29T20:48:33+00:00
0000006850,鄭副豪,統一7-ELEVEn獅,投手,k_bb_ratio,0.45,0.45,0.0,0.0,unchanged,20260918T112310Z-8f8e01d8ec46,20260929T204833Z-5e0600df3416,2026-09-18T11:23:10+00:00,2026-09-29T20:48:33+00:00
0000006850,鄭副豪,統一7-ELEVEn獅,投手,player_value_score,54.0,53.9,-0.1,-0.1,changed,20260918T112310Z-8f8e01d8ec46,20260929T204833Z-5e0600df3416,2026-09-18T11:23:10+00:00,2026-09-29T20:48:33+00:00
0000006850,鄭副豪,統一7-ELEVEn獅,投手,strikeouts,5.0,5.0,0.0,0.0,unchanged,20260918T112310Z-8f8e01d8ec46,20260929T204833Z-5e0600df3416,2026-09-18T11:23:10+00:00,2026-09-29T20:48:33+00:00
0000006850,鄭副豪,統一7-ELEVEn獅,投手,whip,1.76,1.76,0.0,-0.0,unchanged,20260918T112310Z-8f8e01d8ec46,20260929T204833Z-5e0600df3416,2026-09-18T11:23:10+00:00,2026-09-29T20:48:33+00:00
0000007044,鄭澔,統一7-ELEVEn獅,投手,era,4.35,4.97,0.62,-0.62,changed,20260918T112310Z-8f8e01d8ec46,20260929T204833Z-5e0600df3416,2026-09-18T11:23:10+00:00,2026-09-29T20:48:33+00:00
0000007044,鄭澔,統一7-ELEVEn獅,投手,innings_pitched,20.667,25.333,4.666,4.666,changed,20260918T112310Z-8f8e01d8ec46,20260929T204833Z-5e0600df3416,2026-09-18T11:23:10+00:00,2026-09-29T20:48:33+00:00
0000007044,鄭澔,統一7-ELEVEn獅,投手,k_bb_ratio,2.18,2.08,-0.1,-0.1,changed,20260918T112310Z-8f8e01d8ec46,20260929T204833Z-5e0600df3416,2026-09-18T11:23:10+00:00,2026-09-29T20:48:33+00:00
0000007044,鄭澔,統一7-ELEVEn獅,投手,player_value_score,70.1,67.8,-2.3,-2.3,changed,20260918T112310Z-8f8e01d8ec46,20260929T204833Z-5e0600df3416,2026-09-18T11:23:10+00:00,2026-09-29T20:48:33+00:00
0000007044,鄭澔,統一7-ELEVEn獅,投手,strikeouts,24.0,25.0,1.0,1.0,changed,20260918T112310Z-8f8e01d8ec46,20260929T204833Z-5e0600df3416,2026-09-18T11:23:10+00:00,2026-09-29T20:48:33+00:00
0000007044,鄭澔,統一7-ELEVEn獅,投手,whip,1.35,1.3,-0.05,0.05,changed,20260918T112310Z-8f8e01d8ec46,20260929T204833Z-5e0600df3416,2026-09-18T11:23:10+00:00,2026-09-29T20:48:33+00:00
0000002276,鄭鈞仁,統一7-ELEVEn獅,投手,era,1.8,1.8,0.0,-0.0,unchanged,20260918T112310Z-8f8e01d8ec46,20260929T204833Z-5e0600df3416,2026-09-18T11:23:10+00:00,2026-09-29T20:48:33+00:00
0000002276,鄭鈞仁,統一7-ELEVEn獅,投手,innings_pitched,5.0,5.0,0.0,0.0,unchanged,20260918T112310Z-8f8e01d8ec46,20260929T204833Z-5e0600df3416,2026-09-18T11:23:10+00:00,2026-09-29T20:48:33+00:00
0000002276,鄭鈞仁,統一7-ELEVEn獅,投手,k_bb_ratio,2.0,2.0,0.0,0.0,unchanged,20260918T112310Z-8f8e01d8ec46,20260929T204833Z-5e0600df3416,2026-09-18T11:23:10+00:00,2026-09-29T20:48:33+00:00
0000002276,鄭鈞仁,統一7-ELEVEn獅,投手,player_value_score,68.8,68.1,-0.7,-0.7,changed,20260918T112310Z-8f8e01d8ec46,20260929T204833Z-5e0600df3416,2026-09-18T11:23:10+00:00,2026-09-29T20:48:33+00:00
0000002276,鄭鈞仁,統一7-ELEVEn獅,投手,strikeouts,4.0,4.0,0.0,0.0,unchanged,20260918T112310Z-8f8e01d8ec46,20260929T204833Z-5e0600df3416,2026-09-18T11:23:10+00:00,2026-09-29T20:48:33+00:00
0000002276,鄭鈞仁,統一7-ELEVEn獅,投手,whip,0.8,0.8,0.0,-0.0,unchanged,20260918T112310Z-8f8e01d8ec46,20260929T204833Z-5e0600df3416,2026-09-18T11:23:10+00:00,2026-09-29T20:48:33+00:00
0000006295,銳力獅,統一7-ELEVEn獅,投手,era,2.66,2.66,0.0,-0.0,unchanged,20260918T112310Z-8f8e01d8ec46,20260929T204833Z-5e0600df3416,2026-09-18T11:23:10+00:00,2026-09-29T20:48:33+00:00
0000006295,銳力獅,統一7-ELEVEn獅,投手,innings_pitched,84.667,84.667,0.0,0.0,unchanged,20260918T112310Z-8f8e01d8ec46,20260929T204833Z-5e0600df3416,2026-09-18T11:23:10+00:00,2026-09-29T20:48:33+00:00
0000006295,銳力獅,統一7-ELEVEn獅,投手,k_bb_ratio,4.43,4.43,0.0,0.0,unchanged,20260918T112310Z-8f8e01d8ec46,20260929T204833Z-5e0600df3416,2026-09-18T11:23:10+00:00,2026-09-29T20:48:33+00:00
0000006295,銳力獅,統一7-ELEVEn獅,投手,player_value_score,73.9,72.3,-1.6,-1.6,changed,20260918T112310Z-8f8e01d8ec46,20260929T204833Z-5e0600df3416,2026-09-18T11:23:10+00:00,2026-09-29T20:48:33+00:00
0000006295,銳力獅,統一7-ELEVEn獅,投手,strikeouts,62.0,62.0,0.0,0.0,unchanged,20260918T112310Z-8f8e01d8ec46,20260929T204833Z-5e0600df3416,2026-09-18T11:23:10+00:00,2026-09-29T20:48:33+00:00
0000006295,銳力獅,統一7-ELEVEn獅,投手,whip,1.06,1.06,0.0,-0.0,unchanged,20260918T112310Z-8f8e01d8ec46,20260929T204833Z-5e0600df3416,2026-09-18T11:23:10+00:00,2026-09-29T20:48:33+00:00
0000007293,鍾允華,統一7-ELEVEn獅,投手,era,2.47,2.77,0.3,-0.3,changed,20260918T112310Z-8f8e01d8ec46,20260929T204833Z-5e0600df3416,2026-09-18T11:23:10+00:00,2026-09-29T20:48:33+00:00
0000007293,鍾允華,統一7-ELEVEn獅,投手,innings_pitched,43.667,48.667,5.0,5.0,changed,20260918T112310Z-8f8e01d8ec46,20260929T204833Z-5e0600df3416,2026-09-18T11:23:10+00:00,2026-09-29T20:48:33+00:00
0000007293,鍾允華,統一7-ELEVEn獅,投手,k_bb_ratio,2.29,2.2,-0.09,-0.09,changed,20260918T112310Z-8f8e01d8ec46,20260929T204833Z-5e0600df3416,2026-09-18T11:23:10+00:00,2026-09-29T20:48:33+00:00
0000007293,鍾允華,統一7-ELEVEn獅,投手,player_value_score,69.2,67.9,-1.3,-1.3,changed,20260918T112310Z-8f8e01d8ec46,20260929T204833Z-5e0600df3416,2026-09-18T11:23:10+00:00,2026-09-29T20:48:33+00:00
0000007293,鍾允華,統一7-ELEVEn獅,投手,strikeouts,39.0,44.0,5.0,5.0,changed,20260918T112310Z-8f8e01d8ec46,20260929T204833Z-5e0600df3416,2026-09-18T11:23:10+00:00,2026-09-29T20:48:33+00:00
0000007293,鍾允華,統一7-ELEVEn獅,投手,whip,1.24,1.29,0.05,-0.05,changed,20260918T112310Z-8f8e01d8ec46,20260929T204833Z-5e0600df3416,2026-09-18T11:23:10+00:00,2026-09-29T20:48:33+00:00
0000002661,陳鏞基,統一7-ELEVEn獅,投手,era,,0.0,,,new,20260918T112310Z-8f8e01d8ec46,20260929T204833Z-5e0600df3416,2026-09-18T11:23:10+00:00,2026-09-29T20:48:33+00:00
0000002661,陳鏞基,統一7-ELEVEn獅,投手,innings_pitched,,0.333,,,new,20260918T112310Z-8f8e01d8ec46,20260929T204833Z-5e0600df3416,2026-09-18T11:23:10+00:00,2026-09-29T20:48:33+00:00
0000002661,陳鏞基,統一7-ELEVEn獅,投手,k_bb_ratio,,0.0,,,new,20260918T112310Z-8f8e01d8ec46,20260929T204833Z-5e0600df3416,2026-09-18T11:23:10+00:00,2026-09-29T20:48:33+00:00
0000002661,陳鏞基,統一7-ELEVEn獅,投手,player_value_score,,46.5,,,new,20260918T112310Z-8f8e01d8ec46,20260929T204833Z-5e0600df3416,2026-09-18T11:23:10+00:00,2026-09-29T20:48:33+00:00
0000002661,陳鏞基,統一7-ELEVEn獅,投手,strikeouts,,0.0,,,new,20260918T112310Z-8f8e01d8ec46,20260929T204833Z-5e0600df3416,2026-09-18T11:23:10+00:00,2026-09-29T20:48:33+00:00
0000002661,陳鏞基,統一7-ELEVEn獅,投手,whip,,6.0,,,new,20260918T112310Z-8f8e01d8ec46,20260929T204833Z-5e0600df3416,2026-09-18T11:23:10+00:00,2026-09-29T20:48:33+00:00
0000002688,陳韻文,統一7-ELEVEn獅,投手,era,0.0,0.0,0.0,-0.0,unchanged,20260918T112310Z-8f8e01d8ec46,20260929T204833Z-5e0600df3416,2026-09-18T11:23:10+00:00,2026-09-29T20:48:33+00:00
0000002688,陳韻文,統一7-ELEVEn獅,投手,innings_pitched,2.0,2.0,0.0,0.0,unchanged,20260918T112310Z-8f8e01d8ec46,20260929T204833Z-5e0600df3416,2026-09-18T11:23:10+00:00,2026-09-29T20:48:33+00:00
0000002688,陳韻文,統一7-ELEVEn獅,投手,k_bb_ratio,0.0,0.0,0.0,0.0,unchanged,20260918T112310Z-8f8e01d8ec46,20260929T204833Z-5e0600df3416,2026-09-18T11:23:10+00:00,2026-09-29T20:48:33+00:00
0000002688,陳韻文,統一7-ELEVEn獅,投手,player_value_score,80.3,80.3,0.0,0.0,unchanged,20260918T112310Z-8f8e01d8ec46,20260929T204833Z-5e0600df3416,2026-09-18T11:23:10+00:00,2026-09-29T20:48:33+00:00
0000002688,陳韻文,統一7-ELEVEn獅,投手,strikeouts,3.0,3.0,0.0,0.0,unchanged,20260918T112310Z-8f8e01d8ec46,20260929T204833Z-5e0600df3416,2026-09-18T11:23:10+00:00,2026-09-29T20:48:33+00:00
0000002688,陳韻文,統一7-ELEVEn獅,投手,whip,0.5,0.5,0.0,-0.0,unchanged,20260918T112310Z-8f8e01d8ec46,20260929T204833Z-5e0600df3416,2026-09-18T11:23:10+00:00,2026-09-29T20:48:33+00:00
0000005315,高偉強,統一7-ELEVEn獅,投手,era,5.4,5.82,0.42,-0.42,changed,20260918T112310Z-8f8e01d8ec46,20260929T204833Z-5e0600df3416,2026-09-18T11:23:10+00:00,2026-09-29T20:48:33+00:00
0000005315,高偉強,統一7-ELEVEn獅,投手,innings_pitched,16.667,17.0,0.333,0.333,changed,20260918T112310Z-8f8e01d8ec46,20260929T204833Z-5e0600df3416,2026-09-18T11:23:10+00:00,2026-09-29T20:48:33+00:00
0000005315,高偉強,統一7-ELEVEn獅,投手,k_bb_ratio,0.69,0.71,0.02,0.02,changed,20260918T112310Z-8f8e01d8ec46,20260929T204833Z-5e0600df3416,2026-09-18T11:23:10+00:00,2026-09-29T20:48:33+00:00
0000005315,高偉強,統一7-ELEVEn獅,投手,player_value_score,57.2,56.6,-0.6,-0.6,changed,20260918T112310Z-8f8e01d8ec46,20260929T204833Z-5e0600df3416,2026-09-18T11:23:10+00:00,2026-09-29T20:48:33+00:00
0000005315,高偉強,統一7-ELEVEn獅,投手,strikeouts,9.0,10.0,1.0,1.0,changed,20260918T112310Z-8f8e01d8ec46,20260929T204833Z-5e0600df3416,2026-09-18T11:23:10+00:00,2026-09-29T20:48:33+00:00
0000005315,高偉強,統一7-ELEVEn獅,投手,whip,1.68,1.88,0.2,-0.2,changed,20260918T112310Z-8f8e01d8ec46,20260929T204833Z-5e0600df3416,2026-09-18T11:23:10+00:00,2026-09-29T20:48:33+00:00
0000006818,髙塩將樹,統一7-ELEVEn獅,投手,era,2.41,2.15,-0.26,0.26,changed,20260918T112310Z-8f8e01d8ec46,20260929T204833Z-5e0600df3416,2026-09-18T11:23:10+00:00,2026-09-29T20:48:33+00:00
0000006818,髙塩將樹,統一7-ELEVEn獅,投手,innings_pitched,41.0,46.0,5.0,5.0,changed,20260918T112310Z-8f8e01d8ec46,20260929T204833Z-5e0600df3416,2026-09-18T11:23:10+00:00,2026-09-29T20:48:33+00:00
0000006818,髙塩將樹,統一7-ELEVEn獅,投手,k_bb_ratio,1.73,1.81,0.08,0.08,changed,20260918T112310Z-8f8e01d8ec46,20260929T204833Z-5e0600df3416,2026-09-18T11:23:10+00:00,2026-09-29T20:48:33+00:00
0000006818,髙塩將樹,統一7-ELEVEn獅,投手,player_value_score,65.0,64.9,-0.1,-0.1,changed,20260918T112310Z-8f8e01d8ec46,20260929T204833Z-5e0600df3416,2026-09-18T11:23:10+00:00,2026-09-29T20:48:33+00:00
0000006818,髙塩將樹,統一7-ELEVEn獅,投手,strikeouts,26.0,29.0,3.0,3.0,changed,20260918T112310Z-8f8e01d8ec46,20260929T204833Z-5e0600df3416,2026-09-18T11:23:10+00:00,2026-09-29T20:48:33+00:00
0000006818,髙塩將樹,統一7-ELEVEn獅,投手,whip,1.27,1.2,-0.07,0.07,changed,20260918T112310Z-8f8e01d8ec46,20260929T204833Z-5e0600df3416,2026-09-18T11:23:10+00:00,2026-09-29T20:48:33+00:00
0000002303,黃竣彥,統一7-ELEVEn獅,投手,era,5.4,5.4,0.0,-0.0,unchanged,20260918T112310Z-8f8e01d8ec46,20260929T204833Z-5e0600df3416,2026-09-18T11:23:10+00:00,2026-09-29T20:48:33+00:00
0000002303,黃竣彥,統一7-ELEVEn獅,投手,innings_pitched,11.667,11.667,0.0,0.0,unchanged,20260918T112310Z-8f8e01d8ec46,20260929T204833Z-5e0600df3416,2026-09-18T11:23:10+00:00,2026-09-29T20:48:33+00:00
0000002303,黃竣彥,統一7-ELEVEn獅,投手,k_bb_ratio,1.5,1.5,0.0,0.0,unchanged,20260918T112310Z-8f8e01d8ec46,20260929T204833Z-5e0600df3416,2026-09-18T11:23:10+00:00,2026-09-29T20:48:33+00:00
0000002303,黃竣彥,統一7-ELEVEn獅,投手,player_value_score,60.8,60.3,-0.5,-0.5,changed,20260918T112310Z-8f8e01d8ec46,20260929T204833Z-5e0600df3416,2026-09-18T11:23:10+00:00,2026-09-29T20:48:33+00:00
0000002303,黃竣彥,統一7-ELEVEn獅,投手,strikeouts,6.0,6.0,0.0,0.0,unchanged,20260918T112310Z-8f8e01d8ec46,20260929T204833Z-5e0600df3416,2026-09-18T11:23:10+00:00,2026-09-29T20:48:33+00:00
0000002303,黃竣彥,統一7-ELEVEn獅,投手,whip,1.89,1.89,0.0,-0.0,unchanged,20260918T112310Z-8f8e01d8ec46,20260929T204833Z-5e0600df3416,2026-09-18T11:23:10+00:00,2026-09-29T20:48:33+00:00
