snapshot_id,captured_at,season,player_id,player_name,team,player_type,role_or_position,pa,ab,hits,home_runs,walks,strikeouts,batting_average,obp,slg,ops,iso,bb_rate,k_rate,hr_rate,bb_k_ratio,contact_score,power_score,discipline_score,hitter_value_score,innings_pitched,earned_runs,hits_allowed,home_runs_allowed,era,whip,k_bb_ratio,hr_allowed_rate,run_prevention_score,strikeout_score,command_score,pitcher_value_score,player_value_score
20260806T062528Z-205080b25390,2026-08-06T06:25:28+00:00,2026,0000006927,曾子祐,台鋼雄鷹,打者,野手,340.0,295.0,88.0,2.0,31,32,0.298,0.367,0.386,0.753,0.088,0.0912,0.0941,0.0059,1.06,29.8,17.3,58.7,35.2,,,,,,,,,,,,,35.2
20260806T062528Z-205080b25390,2026-08-06T06:25:28+00:00,2026,0000005549,郭天信,味全龍,打者,野手,344.0,309.0,90.0,9.0,24,29,0.291,0.344,0.427,0.771,0.136,0.0669,0.0843,0.0262,0.93,29.1,33.0,53.4,37.8,,,,,,,,,,,,,37.8
20260806T062528Z-205080b25390,2026-08-06T06:25:28+00:00,2026,0000007239,魔鷹,台鋼雄鷹,打者,野手,329.0,289.0,85.0,14.0,33,54,0.294,0.362,0.54,0.902,0.246,0.079,0.1641,0.0426,0.63,29.4,58.0,49.8,45.2,,,,,,,,,,,,,45.2
20260806T062528Z-205080b25390,2026-08-06T06:25:28+00:00,2026,0000005542,張政禹,味全龍,打者,野手,285.0,253.0,71.0,1.0,27,36,0.281,0.348,0.336,0.684,0.055,0.0877,0.1263,0.0035,0.75,28.1,10.7,53.9,31.2,,,,,,,,,,,,,31.2
20260806T062528Z-205080b25390,2026-08-06T06:25:28+00:00,2026,0000005545,劉基鴻,味全龍,打者,野手,329.0,302.0,70.0,5.0,22,49,0.232,0.292,0.328,0.62,0.096,0.0638,0.1489,0.0152,0.53,23.200000000000003,22.1,46.6,30.0,,,,,,,,,,,,,30.0
20260806T062528Z-205080b25390,2026-08-06T06:25:28+00:00,2026,0000004633,陳晨威,樂天桃猿,打者,野手,320.0,284.0,84.0,6.0,29,28,0.296,0.356,0.408,0.764,0.112,0.0844,0.0875,0.0187,1.04,29.6,26.1,57.5,37.0,,,,,,,,,,,,,37.0
20260806T062528Z-205080b25390,2026-08-06T06:25:28+00:00,2026,0000002352,范國宸,富邦悍將,打者,野手,280.0,250.0,65.0,10.0,25,50,0.26,0.329,0.424,0.753,0.164,0.0821,0.1786,0.0357,0.54,26.0,41.4,48.9,37.8,,,,,,,,,,,,,37.8
20260806T062528Z-205080b25390,2026-08-06T06:25:28+00:00,2026,0000006240,馬傑森,樂天桃猿,打者,野手,263.0,236.0,57.0,1.0,9,33,0.242,0.286,0.309,0.595,0.067,0.0342,0.1255,0.0038,0.48,24.2,12.9,41.6,27.0,,,,,,,,,,,,,27.0
20260806T062528Z-205080b25390,2026-08-06T06:25:28+00:00,2026,0000007089,王念好,富邦悍將,打者,野手,260.0,226.0,47.0,6.0,31,63,0.208,0.304,0.35,0.654,0.142,0.1192,0.2423,0.0231,0.51,20.8,32.9,53.1,33.4,,,,,,,,,,,,,33.4
20260806T062528Z-205080b25390,2026-08-06T06:25:28+00:00,2026,0000005540,李凱威,味全龍,打者,野手,290.0,246.0,64.0,3.0,32,36,0.26,0.354,0.333,0.687,0.073,0.1103,0.1241,0.0103,1.06,26.0,16.3,61.1,33.1,,,,,,,,,,,,,33.1
20260806T062528Z-205080b25390,2026-08-06T06:25:28+00:00,2026,0000002707,潘傑楷,統一7-ELEVEn獅,打者,野手,282.0,239.0,66.0,2.0,36,42,0.276,0.379,0.36,0.739,0.084,0.1277,0.1489,0.0071,0.95,27.6,17.0,62.3,34.9,,,,,,,,,,,,,34.9
20260806T062528Z-205080b25390,2026-08-06T06:25:28+00:00,2026,0000001318,朱育賢,味全龍,打者,野手,305.0,273.0,66.0,11.0,18,60,0.242,0.308,0.396,0.704,0.154,0.059,0.1967,0.0361,0.47,24.2,39.8,43.4,35.2,,,,,,,,,,,,,35.2
20260806T062528Z-205080b25390,2026-08-06T06:25:28+00:00,2026,0000007268,陳聖平,統一7-ELEVEn獅,打者,野手,249.0,229.0,51.0,4.0,12,34,0.223,0.262,0.319,0.581,0.096,0.0482,0.1365,0.0161,0.41,22.3,22.4,43.0,28.5,,,,,,,,,,,,,28.5
20260806T062528Z-205080b25390,2026-08-06T06:25:28+00:00,2026,0000006854,宋嘉翔,樂天桃猿,打者,野手,206.0,189.0,40.0,2.0,6,34,0.212,0.241,0.254,0.495,0.042,0.0291,0.165,0.0097,0.24,21.2,10.8,36.9,23.1,,,,,,,,,,,,,23.1
20260806T062528Z-205080b25390,2026-08-06T06:25:28+00:00,2026,0000003649,吳念庭,台鋼雄鷹,打者,野手,298.0,255.0,75.0,0.0,39,31,0.294,0.386,0.353,0.739,0.059,0.1309,0.104,0.0,1.29,29.4,10.1,67.8,34.7,,,,,,,,,,,,,34.7
20260806T062528Z-205080b25390,2026-08-06T06:25:28+00:00,2026,0000000935,王柏融,台鋼雄鷹,打者,野手,270.0,243.0,64.0,6.0,17,56,0.263,0.319,0.391,0.71,0.128,0.063,0.2074,0.0222,0.39,26.3,30.2,43.0,33.7,,,,,,,,,,,,,33.7
20260806T062528Z-205080b25390,2026-08-06T06:25:28+00:00,2026,0000004645,戴培峰,富邦悍將,打者,野手,202.0,170.0,36.0,1.0,25,27,0.212,0.313,0.276,0.589,0.064,0.1238,0.1337,0.005,0.96,21.2,12.8,62.2,29.4,,,,,,,,,,,,,29.4
20260806T062528Z-205080b25390,2026-08-06T06:25:28+00:00,2026,0000006888,張育成,富邦悍將,打者,野手,288.0,243.0,74.0,12.0,35,50,0.305,0.403,0.523,0.926,0.218,0.1146,0.1736,0.0417,0.84,30.5,52.8,58.0,46.2,,,,,,,,,,,,,46.2
20260806T062528Z-205080b25390,2026-08-06T06:25:28+00:00,2026,0000007079,劉俊緯,味全龍,打者,野手,208.0,188.0,51.0,2.0,13,26,0.271,0.325,0.351,0.676,0.08,0.0577,0.125,0.0096,0.62,27.1,17.3,47.2,31.2,,,,,,,,,,,,,31.2
20260806T062528Z-205080b25390,2026-08-06T06:25:28+00:00,2026,0000001474,蘇智傑,統一7-ELEVEn獅,打者,野手,273.0,252.0,66.0,8.0,15,30,0.262,0.308,0.425,0.733,0.163,0.0549,0.1099,0.0293,0.6,26.200000000000003,38.8,47.0,36.5,,,,,,,,,,,,,36.5
20260806T062528Z-205080b25390,2026-08-06T06:25:28+00:00,2026,0000006223,林子豪,統一7-ELEVEn獅,打者,野手,227.0,211.0,56.0,2.0,14,34,0.265,0.313,0.36,0.673,0.095,0.0617,0.1498,0.0088,0.44,26.5,19.5,45.3,31.1,,,,,,,,,,,,,31.1
20260806T062528Z-205080b25390,2026-08-06T06:25:28+00:00,2026,0000000929,王威晨,中信兄弟,打者,野手,252.0,231.0,61.0,1.0,17,25,0.264,0.317,0.338,0.655,0.074,0.0675,0.0992,0.004,0.76,26.4,14.2,51.3,30.6,,,,,,,,,,,,,30.6
20260806T062528Z-205080b25390,2026-08-06T06:25:28+00:00,2026,0000001618,林子偉,樂天桃猿,打者,野手,274.0,253.0,64.0,3.0,13,33,0.253,0.293,0.344,0.637,0.091,0.0474,0.1204,0.0109,0.45,25.3,19.6,43.8,29.9,,,,,,,,,,,,,29.9
20260806T062528Z-205080b25390,2026-08-06T06:25:28+00:00,2026,0000005340,王博玄,台鋼雄鷹,打者,野手,241.0,221.0,69.0,1.0,11,43,0.312,0.349,0.353,0.702,0.041,0.0456,0.1784,0.0041,0.3,31.2,8.5,40.0,29.7,,,,,,,,,,,,,29.7
20260806T062528Z-205080b25390,2026-08-06T06:25:28+00:00,2026,0000002285,高宇杰,中信兄弟,打者,野手,222.0,195.0,53.0,0.0,17,33,0.272,0.33,0.282,0.612,0.01,0.0766,0.1486,0.0,0.55,27.200000000000003,1.7,49.1,26.9,,,,,,,,,,,,,26.9
20260806T062528Z-205080b25390,2026-08-06T06:25:28+00:00,2026,0000005531,邱智呈,統一7-ELEVEn獅,打者,野手,241.0,201.0,51.0,3.0,36,33,0.254,0.378,0.343,0.721,0.089,0.1494,0.1369,0.0124,1.21,25.4,19.9,69.2,35.7,,,,,,,,,,,,,35.7
20260806T062528Z-205080b25390,2026-08-06T06:25:28+00:00,2026,0000006235,林政華,樂天桃猿,打者,野手,197.0,167.0,41.0,2.0,15,34,0.246,0.321,0.311,0.632,0.065,0.0761,0.1726,0.0102,0.56,24.6,14.9,48.3,29.4,,,,,,,,,,,,,29.4
20260806T062528Z-205080b25390,2026-08-06T06:25:28+00:00,2026,0000000743,陳子豪,味全龍,打者,野手,237.0,212.0,39.0,3.0,21,46,0.184,0.262,0.278,0.54,0.094,0.0886,0.1941,0.0127,0.5,18.4,20.8,49.2,27.4,,,,,,,,,,,,,27.4
20260806T062528Z-205080b25390,2026-08-06T06:25:28+00:00,2026,0000005571,岳政華,中信兄弟,打者,野手,248.0,214.0,48.0,3.0,20,49,0.224,0.297,0.322,0.619,0.098,0.0806,0.1976,0.0121,0.47,22.4,21.3,47.3,29.8,,,,,,,,,,,,,29.8
20260806T062528Z-205080b25390,2026-08-06T06:25:28+00:00,2026,0000006216,王順和,味全龍,打者,野手,219.0,189.0,54.0,3.0,21,57,0.286,0.372,0.413,0.785,0.127,0.0959,0.2603,0.0137,0.47,28.6,26.8,47.9,35.9,,,,,,,,,,,,,35.9
20260806T062528Z-205080b25390,2026-08-06T06:25:28+00:00,2026,0000006730,張仁瑋,中信兄弟,打者,野手,252.0,233.0,76.0,3.0,14,28,0.326,0.36,0.425,0.785,0.099,0.0556,0.1111,0.0119,0.5,32.6,21.4,46.1,35.4,,,,,,,,,,,,,35.4
20260806T062528Z-205080b25390,2026-08-06T06:25:28+00:00,2026,0000006929,紀慶然,台鋼雄鷹,打者,野手,190.0,174.0,44.0,0.0,14,32,0.253,0.307,0.282,0.589,0.029,0.0737,0.1684,0.0,0.44,25.3,5.0,46.8,26.3,,,,,,,,,,,,,26.3
20260806T062528Z-205080b25390,2026-08-06T06:25:28+00:00,2026,0000005298,黃韋盛,中信兄弟,打者,野手,223.0,200.0,49.0,2.0,19,35,0.245,0.309,0.335,0.644,0.09,0.0852,0.157,0.009,0.57,24.5,18.8,50.5,30.7,,,,,,,,,,,,,30.7
20260806T062528Z-205080b25390,2026-08-06T06:25:28+00:00,2026,0000002291,岳東華,中信兄弟,打者,野手,219.0,197.0,57.0,2.0,16,38,0.289,0.346,0.411,0.757,0.122,0.0731,0.1735,0.0091,0.47,28.9,24.3,46.8,34.7,,,,,,,,,,,,,34.7
20260806T062528Z-205080b25390,2026-08-06T06:25:28+00:00,2026,0000006225,宋晟睿,中信兄弟,打者,野手,202.0,176.0,46.0,5.0,15,35,0.261,0.33,0.432,0.762,0.171,0.0743,0.1733,0.0248,0.57,26.1,38.5,48.0,37.3,,,,,,,,,,,,,37.3
20260806T062528Z-205080b25390,2026-08-06T06:25:28+00:00,2026,0000007076,李勛傑,樂天桃猿,打者,野手,212.0,185.0,45.0,6.0,24,64,0.243,0.33,0.395,0.725,0.152,0.1132,0.3019,0.0283,0.39,24.3,36.6,48.7,35.8,,,,,,,,,,,,,35.8
20260806T062528Z-205080b25390,2026-08-06T06:25:28+00:00,2026,0000005522,朱迦恩,統一7-ELEVEn獅,打者,野手,205.0,185.0,55.0,4.0,12,45,0.297,0.35,0.438,0.788,0.141,0.0585,0.2195,0.0195,0.36,29.7,31.4,41.4,36.2,,,,,,,,,,,,,36.2
20260806T062528Z-205080b25390,2026-08-06T06:25:28+00:00,2026,0000004636,江坤宇,中信兄弟,打者,野手,238.0,201.0,56.0,2.0,19,24,0.279,0.365,0.353,0.718,0.074,0.0798,0.1008,0.0084,1.17,27.9,15.8,57.5,33.5,,,,,,,,,,,,,33.5
20260806T062528Z-205080b25390,2026-08-06T06:25:28+00:00,2026,0000000772,陳文杰,台鋼雄鷹,打者,野手,274.0,247.0,73.0,1.0,20,32,0.296,0.357,0.397,0.754,0.101,0.073,0.1168,0.0036,0.75,29.6,18.6,51.6,34.3,,,,,,,,,,,,,34.3
20260806T062528Z-205080b25390,2026-08-06T06:25:28+00:00,2026,0000002298,陳重羽,統一7-ELEVEn獅,打者,野手,189.0,158.0,45.0,0.0,20,28,0.285,0.374,0.329,0.703,0.044,0.1058,0.1481,0.0,0.82,28.5,7.5,57.1,31.6,,,,,,,,,,,,,31.6
20260806T062528Z-205080b25390,2026-08-06T06:25:28+00:00,2026,0000006736,王苡丞,富邦悍將,打者,野手,222.0,205.0,55.0,4.0,11,40,0.268,0.312,0.371,0.683,0.103,0.0495,0.1802,0.018,0.35,26.8,24.3,41.1,31.8,,,,,,,,,,,,,31.8
20260806T062528Z-205080b25390,2026-08-06T06:25:28+00:00,2026,0000003467,林泓育,樂天桃猿,打者,野手,232.0,216.0,58.0,1.0,13,34,0.269,0.31,0.366,0.676,0.097,0.056,0.1466,0.0043,0.41,26.9,18.2,44.0,30.8,,,,,,,,,,,,,30.8
20260806T062528Z-205080b25390,2026-08-06T06:25:28+00:00,2026,0000005291,蔣少宏,味全龍,打者,野手,174.0,164.0,37.0,2.0,5,32,0.226,0.26,0.311,0.571,0.085,0.0287,0.1839,0.0115,0.25,22.6,18.8,36.2,26.6,,,,,,,,,,,,,26.6
20260806T062528Z-205080b25390,2026-08-06T06:25:28+00:00,2026,0000007301,曾昱磬,台鋼雄鷹,打者,野手,173.0,130.0,24.0,1.0,34,28,0.185,0.371,0.215,0.586,0.03,0.1965,0.1618,0.0058,1.39,18.5,7.3,78.6,30.1,,,,,,,,,,,,,30.1
20260806T062528Z-205080b25390,2026-08-06T06:25:28+00:00,2026,0000001804,陳傑憲,統一7-ELEVEn獅,打者,野手,230.0,193.0,62.0,3.0,30,20,0.321,0.405,0.409,0.814,0.088,0.113,0.087,0.013,1.5,32.1,19.9,67.3,38.8,,,,,,,,,,,,,38.8
20260806T062528Z-205080b25390,2026-08-06T06:25:28+00:00,2026,0000003345,林智平,樂天桃猿,打者,野手,201.0,185.0,53.0,1.0,11,20,0.286,0.335,0.341,0.676,0.055,0.0498,0.0995,0.005,0.7,28.6,11.3,47.5,30.3,,,,,,,,,,,,,30.3
20260806T062528Z-205080b25390,2026-08-06T06:25:28+00:00,2026,0000005510,林澤彬,富邦悍將,打者,野手,206.0,176.0,53.0,0.0,16,16,0.301,0.359,0.375,0.734,0.074,0.0777,0.0777,0.0,1.13,30.1,12.7,57.6,33.7,,,,,,,,,,,,,33.7
20260806T062528Z-205080b25390,2026-08-06T06:25:28+00:00,2026,0000006738,孔念恩,富邦悍將,打者,野手,196.0,183.0,57.0,1.0,5,47,0.311,0.327,0.415,0.742,0.104,0.0255,0.2398,0.0051,0.15,31.1,19.7,32.7,31.8,,,,,,,,,,,,,31.8
20260806T062528Z-205080b25390,2026-08-06T06:25:28+00:00,2026,0000006806,池恩齊,富邦悍將,打者,野手,197.0,177.0,39.0,0.0,11,54,0.22,0.265,0.26,0.525,0.04,0.0558,0.2741,0.0,0.2,22.0,6.8,37.5,23.2,,,,,,,,,,,,,23.2
20260806T062528Z-205080b25390,2026-08-06T06:25:28+00:00,2026,0000002297,詹子賢,中信兄弟,打者,野手,204.0,186.0,47.0,2.0,16,29,0.253,0.314,0.339,0.653,0.086,0.0784,0.1422,0.0098,0.59,25.3,18.4,50.0,30.9,,,,,,,,,,,,,30.9
20260806T062528Z-205080b25390,2026-08-06T06:25:28+00:00,2026,0000001291,郭阜林,台鋼雄鷹,打者,野手,150.0,140.0,35.0,1.0,7,32,0.25,0.3,0.307,0.607,0.057,0.0467,0.2133,0.0067,0.31,25.0,12.2,39.0,26.9,,,,,,,,,,,,,26.9
20260806T062528Z-205080b25390,2026-08-06T06:25:28+00:00,2026,0000007071,林泓弦,統一7-ELEVEn獅,打者,野手,118.0,108.0,22.0,0.0,7,15,0.204,0.259,0.259,0.518,0.055,0.0593,0.1271,0.0,0.53,20.4,9.4,46.5,24.6,,,,,,,,,,,,,24.6
20260806T062528Z-205080b25390,2026-08-06T06:25:28+00:00,2026,0000001258,劉時豪,台鋼雄鷹,打者,野手,162.0,131.0,31.0,1.0,22,21,0.237,0.375,0.282,0.657,0.045,0.1358,0.1296,0.0062,1.38,23.7,10.0,68.7,31.8,,,,,,,,,,,,,31.8
20260806T062528Z-205080b25390,2026-08-06T06:25:28+00:00,2026,0000006217,林辰勳,味全龍,打者,野手,112.0,95.0,26.0,0.0,8,23,0.274,0.318,0.326,0.644,0.052,0.0714,0.2054,0.0,0.35,27.4,8.9,44.2,28.4,,,,,,,,,,,,,28.4
20260806T062528Z-205080b25390,2026-08-06T06:25:28+00:00,2026,0000007018,劉子杰,樂天桃猿,打者,野手,174.0,166.0,42.0,1.0,6,14,0.253,0.277,0.307,0.584,0.054,0.0345,0.0805,0.0057,0.43,25.3,11.4,42.7,26.9,,,,,,,,,,,,,26.9
20260806T062528Z-205080b25390,2026-08-06T06:25:28+00:00,2026,0000000362,申皓瑋,富邦悍將,打者,野手,165.0,148.0,35.0,2.0,11,40,0.236,0.303,0.324,0.627,0.088,0.0667,0.2424,0.0121,0.38,23.6,19.6,42.3,29.1,,,,,,,,,,,,,29.1
20260806T062528Z-205080b25390,2026-08-06T06:25:28+00:00,2026,0000002307,王政順,中信兄弟,打者,野手,128.0,110.0,27.0,0.0,12,28,0.245,0.331,0.264,0.595,0.019,0.0938,0.2188,0.0,0.54,24.5,3.2,49.6,26.4,,,,,,,,,,,,,26.4
20260806T062528Z-205080b25390,2026-08-06T06:25:28+00:00,2026,0000004641,李丞齡,統一7-ELEVEn獅,打者,野手,134.0,128.0,30.0,3.0,5,22,0.234,0.261,0.32,0.581,0.086,0.0373,0.1642,0.0224,0.23,23.4,23.1,38.3,28.1,,,,,,,,,,,,,28.1
20260806T062528Z-205080b25390,2026-08-06T06:25:28+00:00,2026,0000003609,陳俊秀,中信兄弟,打者,野手,170.0,142.0,35.0,3.0,26,32,0.246,0.359,0.345,0.704,0.099,0.1529,0.1882,0.0176,0.81,24.6,23.5,64.0,35.1,,,,,,,,,,,,,35.1
20260806T062528Z-205080b25390,2026-08-06T06:25:28+00:00,2026,0000007288,何品室融,樂天桃猿,打者,野手,143.0,124.0,23.0,1.0,13,35,0.185,0.287,0.25,0.537,0.065,0.0909,0.2448,0.007,0.51,18.5,13.7,47.9,25.7,,,,,,,,,,,,,25.7
20260806T062528Z-205080b25390,2026-08-06T06:25:28+00:00,2026,0000007064,陳世嘉,台鋼雄鷹,打者,野手,87.0,79.0,8.0,0.0,3,15,0.101,0.155,0.114,0.269,0.013,0.0345,0.1724,0.0,0.33,10.1,2.2,38.5,14.3,,,,,,,,,,,,,14.3
20260806T062528Z-205080b25390,2026-08-06T06:25:28+00:00,2026,0000007085,張士綸,中信兄弟,打者,野手,175.0,162.0,51.0,1.0,8,17,0.315,0.341,0.364,0.705,0.049,0.0457,0.0971,0.0057,0.47,31.5,10.5,44.5,30.9,,,,,,,,,,,,,30.9
20260806T062528Z-205080b25390,2026-08-06T06:25:28+00:00,2026,0000000159,成晉,樂天桃猿,打者,野手,122.0,106.0,22.0,0.0,7,15,0.208,0.294,0.236,0.53,0.028,0.0574,0.123,0.0,0.87,20.8,4.8,49.7,24.5,,,,,,,,,,,,,24.5
20260806T062528Z-205080b25390,2026-08-06T06:25:28+00:00,2026,0000006868,周佳樂,富邦悍將,打者,野手,38.0,34.0,7.0,0.0,4,7,0.206,0.289,0.294,0.583,0.088,0.1053,0.1842,0.0,0.57,20.6,15.1,53.2,28.2,,,,,,,,,,,,,28.2
20260806T062528Z-205080b25390,2026-08-06T06:25:28+00:00,2026,0000003625,吉力吉撈．鞏冠,味全龍,打者,野手,139.0,119.0,29.0,2.0,15,31,0.244,0.338,0.328,0.666,0.084,0.1007,0.223,0.0144,0.58,24.4,19.7,51.1,31.5,,,,,,,,,,,,,31.5
20260806T062528Z-205080b25390,2026-08-06T06:25:28+00:00,2026,0000007278,許庭綸,中信兄弟,打者,野手,96.0,84.0,15.0,1.0,7,15,0.179,0.271,0.286,0.557,0.107,0.0729,0.1563,0.0104,0.73,17.9,22.2,50.0,28.1,,,,,,,,,,,,,28.1
20260806T062528Z-205080b25390,2026-08-06T06:25:28+00:00,2026,0000007302,宋柏翰,台鋼雄鷹,打者,野手,88.0,73.0,19.0,2.0,10,17,0.26,0.333,0.411,0.744,0.151,0.1136,0.1932,0.0227,0.59,26.0,34.3,54.6,37.0,,,,,,,,,,,,,37.0
20260806T062528Z-205080b25390,2026-08-06T06:25:28+00:00,2026,0000006716,張翔,統一7-ELEVEn獅,打者,野手,88.0,85.0,19.0,1.0,2,17,0.224,0.25,0.318,0.568,0.094,0.0227,0.1932,0.0114,0.18,22.4,20.3,34.1,26.4,,,,,,,,,,,,,26.4
20260806T062528Z-205080b25390,2026-08-06T06:25:28+00:00,2026,0000005569,曾頌恩,中信兄弟,打者,野手,96.0,85.0,20.0,3.0,10,18,0.235,0.313,0.365,0.678,0.13,0.1042,0.1875,0.0312,0.56,23.5,33.9,52.8,34.7,,,,,,,,,,,,,34.7
20260806T062528Z-205080b25390,2026-08-06T06:25:28+00:00,2026,0000001119,許基宏,中信兄弟,打者,野手,132.0,108.0,20.0,0.0,20,29,0.185,0.326,0.25,0.576,0.065,0.1515,0.2197,0.0,0.79,18.5,11.1,62.5,28.3,,,,,,,,,,,,,28.3
20260806T062528Z-205080b25390,2026-08-06T06:25:28+00:00,2026,0000006737,董子恩,富邦悍將,打者,野手,121.0,110.0,31.0,0.0,8,8,0.282,0.333,0.355,0.688,0.073,0.0661,0.0661,0.0,1.13,28.2,12.5,55.9,32.0,,,,,,,,,,,,,32.0
20260806T062528Z-205080b25390,2026-08-06T06:25:28+00:00,2026,0000007037,張皓崴,統一7-ELEVEn獅,打者,野手,59.0,54.0,19.0,0.0,5,9,0.352,0.407,0.444,0.851,0.092,0.0847,0.1525,0.0,0.56,35.2,15.7,50.5,36.9,,,,,,,,,,,,,36.9
20260806T062528Z-205080b25390,2026-08-06T06:25:28+00:00,2026,0000006725,張祐嘉,味全龍,打者,野手,60.0,57.0,14.0,0.0,1,16,0.246,0.271,0.263,0.534,0.017,0.0167,0.2667,0.0,0.13,24.6,2.9,30.0,22.0,,,,,,,,,,,,,22.0
20260806T062528Z-205080b25390,2026-08-06T06:25:28+00:00,2026,0000000132,梁家榮,樂天桃猿,打者,野手,107.0,96.0,21.0,0.0,10,16,0.219,0.292,0.292,0.584,0.073,0.0935,0.1495,0.0,0.63,21.9,12.5,52.9,28.0,,,,,,,,,,,,,28.0
20260806T062528Z-205080b25390,2026-08-06T06:25:28+00:00,2026,0000004032,嚴宏鈞,樂天桃猿,打者,野手,44.0,34.0,5.0,0.0,3,12,0.147,0.256,0.206,0.462,0.059,0.0682,0.2727,0.0,0.42,14.7,10.1,41.9,21.6,,,,,,,,,,,,,21.6
20260806T062528Z-205080b25390,2026-08-06T06:25:28+00:00,2026,0000006851,林培緯,統一7-ELEVEn獅,打者,野手,93.0,88.0,19.0,0.0,3,20,0.216,0.247,0.273,0.52,0.057,0.0323,0.2151,0.0,0.2,21.6,9.8,35.3,23.3,,,,,,,,,,,,,23.3
20260806T062528Z-205080b25390,2026-08-06T06:25:28+00:00,2026,0000006861,蔡佳諺,富邦悍將,打者,野手,54.0,52.0,10.0,0.0,1,16,0.192,0.204,0.192,0.396,0.0,0.0185,0.2963,0.0,0.06,19.2,0.0,28.6,17.0,,,,,,,,,,,,,17.0
20260806T062528Z-205080b25390,2026-08-06T06:25:28+00:00,2026,0000006743,劉俊豪,富邦悍將,打者,野手,29.0,24.0,4.0,0.0,4,4,0.167,0.286,0.167,0.453,0.0,0.1379,0.1379,0.0,1.0,16.7,0.0,65.0,23.3,,,,,,,,,,,,,23.3
20260806T062528Z-205080b25390,2026-08-06T06:25:28+00:00,2026,0000007304,曾聖安,味全龍,打者,野手,81.0,70.0,12.0,1.0,9,21,0.171,0.263,0.214,0.477,0.043,0.1111,0.2593,0.0123,0.43,17.1,11.9,50.2,24.1,,,,,,,,,,,,,24.1
20260806T062528Z-205080b25390,2026-08-06T06:25:28+00:00,2026,0000006229,葉子霆,富邦悍將,打者,野手,81.0,67.0,11.0,0.0,4,8,0.164,0.234,0.224,0.458,0.06,0.0494,0.0988,0.0,0.88,16.400000000000002,10.3,49.2,23.0,,,,,,,,,,,,,23.0
20260806T062528Z-205080b25390,2026-08-06T06:25:28+00:00,2026,0000006936,高聖恩,台鋼雄鷹,打者,野手,53.0,49.0,13.0,0.0,1,15,0.265,0.288,0.286,0.574,0.021,0.0189,0.283,0.0,0.13,26.5,3.6,29.8,23.4,,,,,,,,,,,,,23.4
20260806T062528Z-205080b25390,2026-08-06T06:25:28+00:00,2026,0000005548,林孝程,味全龍,打者,野手,44.0,38.0,9.0,0.0,5,11,0.237,0.341,0.316,0.657,0.079,0.1136,0.25,0.0,0.55,23.7,13.5,52.2,30.1,,,,,,,,,,,,,30.1
20260806T062528Z-205080b25390,2026-08-06T06:25:28+00:00,2026,0000005336,童堉誠,富邦悍將,打者,野手,89.0,72.0,17.0,0.0,12,26,0.236,0.371,0.278,0.649,0.042,0.1348,0.2921,0.0,0.62,23.6,7.2,55.2,29.0,,,,,,,,,,,,,29.0
20260806T062528Z-205080b25390,2026-08-06T06:25:28+00:00,2026,0000007070,林佳緯,統一7-ELEVEn獅,打者,野手,92.0,89.0,15.0,0.0,2,27,0.169,0.196,0.18,0.376,0.011,0.0217,0.2935,0.0,0.11,16.900000000000002,1.9,29.7,16.7,,,,,,,,,,,,,16.7
20260806T062528Z-205080b25390,2026-08-06T06:25:28+00:00,2026,0000004642,林靖凱,統一7-ELEVEn獅,打者,野手,60.0,55.0,7.0,1.0,3,10,0.127,0.186,0.182,0.368,0.055,0.05,0.1667,0.0167,0.4,12.7,15.6,42.2,20.3,,,,,,,,,,,,,20.3
20260806T062528Z-205080b25390,2026-08-06T06:25:28+00:00,2026,0000001473,李宗賢,富邦悍將,打者,野手,64.0,58.0,13.0,0.0,5,8,0.224,0.297,0.259,0.556,0.035,0.0781,0.125,0.0,0.75,22.4,6.0,52.2,26.0,,,,,,,,,,,,,26.0
20260806T062528Z-205080b25390,2026-08-06T06:25:28+00:00,2026,0000006939,顏郁軒,台鋼雄鷹,打者,野手,64.0,56.0,8.0,2.0,2,11,0.143,0.197,0.25,0.447,0.107,0.0313,0.1719,0.0312,0.36,14.3,29.9,38.2,24.6,,,,,,,,,,,,,24.6
20260806T062528Z-205080b25390,2026-08-06T06:25:28+00:00,2026,0000001754,林書逸,富邦悍將,打者,野手,51.0,45.0,10.0,0.0,5,15,0.222,0.3,0.311,0.611,0.089,0.098,0.2941,0.0,0.33,22.2,15.2,45.6,28.1,,,,,,,,,,,,,28.1
20260806T062528Z-205080b25390,2026-08-06T06:25:28+00:00,2026,0000002289,陳重廷,統一7-ELEVEn獅,打者,野手,42.0,42.0,8.0,0.0,0,7,0.19,0.19,0.238,0.428,0.048,0.0,0.1667,0.0,0.0,19.0,8.2,29.2,19.4,,,,,,,,,,,,,19.4
20260806T062528Z-205080b25390,2026-08-06T06:25:28+00:00,2026,0000006928,林家鋐,台鋼雄鷹,打者,野手,51.0,39.0,7.0,0.0,6,11,0.179,0.34,0.179,0.519,0.0,0.1176,0.2157,0.0,0.91,17.9,0.0,57.7,23.9,,,,,,,,,,,,,23.9
20260806T062528Z-205080b25390,2026-08-06T06:25:28+00:00,2026,0000003563,余德龍,樂天桃猿,打者,野手,40.0,34.0,4.0,1.0,2,10,0.118,0.162,0.206,0.368,0.088,0.05,0.25,0.025,0.2,11.8,24.4,37.2,21.1,,,,,,,,,,,,,21.1
20260806T062528Z-205080b25390,2026-08-06T06:25:28+00:00,2026,0000001606,林岱安,富邦悍將,打者,野手,31.0,29.0,1.0,0.0,1,7,0.034,0.067,0.034,0.101,0.0,0.0323,0.2258,0.0,0.14,3.4000000000000004,0.0,34.3,8.1,,,,,,,,,,,,,8.1
20260806T062528Z-205080b25390,2026-08-06T06:25:28+00:00,2026,0000002286,林立,樂天桃猿,打者,野手,83.0,79.0,24.0,1.0,2,8,0.304,0.321,0.405,0.726,0.101,0.012,0.0964,0.012,0.25,30.4,21.8,36.3,32.2,,,,,,,,,,,,,32.2
20260806T062528Z-205080b25390,2026-08-06T06:25:28+00:00,2026,0000002661,陳鏞基,統一7-ELEVEn獅,打者,野手,57.0,52.0,14.0,0.0,5,7,0.269,0.333,0.269,0.602,0.0,0.0877,0.1228,0.0,0.71,26.9,0.0,53.6,27.0,,,,,,,,,,,,,27.0
20260806T062528Z-205080b25390,2026-08-06T06:25:28+00:00,2026,0000000361,張洺瑀,富邦悍將,打者,野手,74.0,63.0,14.0,0.0,11,18,0.222,0.338,0.27,0.608,0.048,0.1486,0.2432,0.0,0.61,22.2,8.2,59.3,28.7,,,,,,,,,,,,,28.7
20260806T062528Z-205080b25390,2026-08-06T06:25:28+00:00,2026,0000006872,林岳谷,富邦悍將,打者,野手,66.0,59.0,17.0,0.0,4,9,0.288,0.328,0.322,0.65,0.034,0.0606,0.1364,0.0,0.44,28.8,5.8,45.5,28.4,,,,,,,,,,,,,28.4
20260806T062528Z-205080b25390,2026-08-06T06:25:28+00:00,2026,0000000153,林承飛,樂天桃猿,打者,野手,69.0,64.0,12.0,0.0,4,13,0.188,0.235,0.203,0.438,0.015,0.058,0.1884,0.0,0.31,18.8,2.6,41.9,20.4,,,,,,,,,,,,,20.4
20260806T062528Z-205080b25390,2026-08-06T06:25:28+00:00,2026,0000005306,許哲晏,統一7-ELEVEn獅,打者,野手,49.0,41.0,3.0,0.0,4,6,0.073,0.149,0.098,0.247,0.025,0.0816,0.1224,0.0,0.67,7.3,4.3,52.1,15.7,,,,,,,,,,,,,15.7
20260806T062528Z-205080b25390,2026-08-06T06:25:28+00:00,2026,0000007589,許賀捷,樂天桃猿,打者,野手,29.0,25.0,1.0,0.0,3,9,0.04,0.143,0.04,0.183,0.0,0.1034,0.3103,0.0,0.33,4.0,0.0,46.1,11.8,,,,,,,,,,,,,11.8
20260806T062528Z-205080b25390,2026-08-06T06:25:28+00:00,2026,0000003533,藍寅倫,台鋼雄鷹,打者,野手,43.0,38.0,13.0,1.0,4,8,0.342,0.395,0.421,0.816,0.079,0.093,0.186,0.0233,0.5,34.2,22.2,50.2,37.2,,,,,,,,,,,,,37.2
20260806T062528Z-205080b25390,2026-08-06T06:25:28+00:00,2026,0000005546,拿莫．伊漾,味全龍,打者,野手,32.0,29.0,9.0,3.0,2,11,0.31,0.375,0.69,1.065,0.38,0.0625,0.3438,0.0938,0.27,31.0,100.0,36.9,55.7,,,,,,,,,,,,,55.7
20260806T062528Z-205080b25390,2026-08-06T06:25:28+00:00,2026,BAT0001,邦力多,富邦悍將,打者,野手,75.0,70.0,16.0,0.0,5,13,0.229,0.28,0.271,0.551,0.042,0.0667,0.1733,0.0,0.38,22.9,7.2,44.7,25.1,,,,,,,,,,,,,25.1
20260806T062528Z-205080b25390,2026-08-06T06:25:28+00:00,2026,0000006726,李展毅,味全龍,打者,野手,54.0,50.0,12.0,0.0,4,12,0.24,0.296,0.34,0.636,0.1,0.0741,0.2222,0.0,0.33,24.0,17.1,43.9,29.1,,,,,,,,,,,,,29.1
20260806T062528Z-205080b25390,2026-08-06T06:25:28+00:00,2026,0000007591,張育豪,富邦悍將,打者,野手,40.0,33.0,6.0,0.0,4,13,0.182,0.27,0.212,0.482,0.03,0.1,0.325,0.0,0.31,18.2,5.1,44.7,22.2,,,,,,,,,,,,,22.2
20260806T062528Z-205080b25390,2026-08-06T06:25:28+00:00,2026,0000006879,冉皓燐,味全龍,打者,野手,24.0,23.0,4.0,0.0,1,5,0.174,0.208,0.217,0.425,0.043,0.0417,0.2083,0.0,0.2,17.4,7.4,37.2,20.1,,,,,,,,,,,,,20.1
20260806T062528Z-205080b25390,2026-08-06T06:25:28+00:00,2026,0000006732,陳統恩,中信兄弟,打者,野手,32.0,27.0,4.0,0.0,4,4,0.148,0.281,0.148,0.429,0.0,0.125,0.125,0.0,1.25,14.8,0.0,65.6,22.5,,,,,,,,,,,,,22.5
20260806T062528Z-205080b25390,2026-08-06T06:25:28+00:00,2026,0000005333,湯家豪,台鋼雄鷹,打者,野手,27.0,22.0,6.0,0.0,5,3,0.273,0.407,0.273,0.68,0.0,0.1852,0.1111,0.0,1.67,27.3,0.0,81.1,32.9,,,,,,,,,,,,,32.9
20260806T062528Z-205080b25390,2026-08-06T06:25:28+00:00,2026,0000006847,田子杰,統一7-ELEVEn獅,打者,野手,53.0,49.0,9.0,1.0,3,13,0.184,0.231,0.286,0.517,0.102,0.0566,0.2453,0.0189,0.23,18.4,24.5,38.9,26.0,,,,,,,,,,,,,26.0
20260806T062528Z-205080b25390,2026-08-06T06:25:28+00:00,2026,0000006858,陳佳樂,樂天桃猿,打者,野手,56.0,52.0,9.0,1.0,1,12,0.173,0.214,0.231,0.445,0.058,0.0179,0.2143,0.0179,0.25,17.299999999999997,16.6,33.2,21.8,,,,,,,,,,,,,21.8
20260806T062528Z-205080b25390,2026-08-06T06:25:28+00:00,2026,0000007631,朱盟,台鋼雄鷹,打者,野手,28.0,27.0,4.0,0.0,0,6,0.148,0.148,0.185,0.333,0.037,0.0,0.2143,0.0,0.0,14.8,6.3,27.5,15.8,,,,,,,,,,,,,15.8
20260806T062528Z-205080b25390,2026-08-06T06:25:28+00:00,2026,0000006843,潘磊,統一7-ELEVEn獅,打者,野手,39.0,37.0,5.0,1.0,0,11,0.135,0.154,0.216,0.37,0.081,0.0,0.2821,0.0256,0.09,13.5,23.4,26.0,19.6,,,,,,,,,,,,,19.6
20260806T062528Z-205080b25390,2026-08-06T06:25:28+00:00,2026,0000001339,林祖傑,統一7-ELEVEn獅,打者,野手,36.0,30.0,4.0,0.0,4,7,0.133,0.235,0.2,0.435,0.067,0.1111,0.1944,0.0,0.57,13.3,11.5,53.9,22.8,,,,,,,,,,,,,22.8
20260806T062528Z-205080b25390,2026-08-06T06:25:28+00:00,2026,0000003211,王勝偉,富邦悍將,打者,野手,36.0,29.0,6.0,1.0,4,8,0.207,0.324,0.31,0.634,0.103,0.1111,0.2222,0.0278,0.63,20.7,28.0,53.5,32.0,,,,,,,,,,,,,32.0
20260806T062528Z-205080b25390,2026-08-06T06:25:28+00:00,2026,0000006931,黃劼希,台鋼雄鷹,打者,野手,34.0,29.0,6.0,1.0,3,8,0.207,0.324,0.379,0.703,0.172,0.0882,0.2353,0.0294,0.63,20.7,40.4,48.9,35.4,,,,,,,,,,,,,35.4
20260806T062528Z-205080b25390,2026-08-06T06:25:28+00:00,2026,0000003183,張志豪,中信兄弟,打者,野手,50.0,43.0,6.0,0.0,3,9,0.14,0.18,0.163,0.343,0.023,0.06,0.18,0.0,0.33,14.000000000000002,3.9,42.8,17.7,,,,,,,,,,,,,17.7
20260806T062528Z-205080b25390,2026-08-06T06:25:28+00:00,2026,0000004643,胡冠俞,台鋼雄鷹,打者,野手,30.0,26.0,5.0,0.0,2,9,0.192,0.276,0.231,0.507,0.039,0.0667,0.3,0.0,0.33,19.2,6.7,39.8,22.6,,,,,,,,,,,,,22.6
20260806T062528Z-205080b25390,2026-08-06T06:25:28+00:00,2026,0000005553,張祐銘,味全龍,打者,野手,26.0,23.0,6.0,0.0,1,4,0.261,0.346,0.391,0.737,0.13,0.0385,0.1538,0.0,0.75,26.1,22.2,44.0,32.8,,,,,,,,,,,,,32.8
20260806T062528Z-205080b25390,2026-08-06T06:25:28+00:00,2026,0000006835,顏清浤,台鋼雄鷹,打者,野手,18.0,16.0,4.0,0.0,1,4,0.25,0.294,0.25,0.544,0.0,0.0556,0.2222,0.0,0.25,25.0,0.0,39.7,23.2,,,,,,,,,,,,,23.2
20260806T062528Z-205080b25390,2026-08-06T06:25:28+00:00,2026,0000006926,陳致嘉,台鋼雄鷹,打者,野手,13.0,12.0,2.0,0.0,0,4,0.167,0.167,0.25,0.417,0.083,0.0,0.3077,0.0,0.0,16.7,14.2,24.2,19.2,,,,,,,,,,,,,19.2
20260806T062528Z-205080b25390,2026-08-06T06:25:28+00:00,2026,0000007312,張趙紘,樂天桃猿,打者,野手,38.0,32.0,4.0,0.0,6,10,0.125,0.263,0.188,0.451,0.063,0.1579,0.2632,0.0,0.6,12.5,10.8,60.2,23.8,,,,,,,,,,,,,23.8
20260806T062528Z-205080b25390,2026-08-06T06:25:28+00:00,2026,0000006728,陳思仲,味全龍,打者,野手,18.0,16.0,1.0,0.0,1,7,0.063,0.167,0.063,0.23,0.0,0.0556,0.3889,0.0,0.29,6.3,0.0,34.3,11.6,,,,,,,,,,,,,11.6
20260806T062528Z-205080b25390,2026-08-06T06:25:28+00:00,2026,0000006224,林吳晉瑋,中信兄弟,打者,野手,15.0,11.0,3.0,0.0,3,2,0.273,0.429,0.273,0.702,0.0,0.2,0.1333,0.0,1.5,27.3,0.0,81.3,33.4,,,,,,,,,,,,,33.4
20260806T062528Z-205080b25390,2026-08-06T06:25:28+00:00,2026,0000007822,威克,樂天桃猿,打者,野手,45.0,42.0,12.0,3.0,2,7,0.286,0.333,0.524,0.857,0.238,0.0444,0.1556,0.0667,0.43,28.6,65.6,41.8,44.4,,,,,,,,,,,,,44.4
20260806T062528Z-205080b25390,2026-08-06T06:25:28+00:00,2026,0000002282,張閔勛,樂天桃猿,打者,野手,25.0,21.0,3.0,0.0,4,2,0.143,0.28,0.143,0.423,0.0,0.12,0.08,0.0,2.0,14.3,0.0,73.8,23.4,,,,,,,,,,,,,23.4
20260806T062528Z-205080b25390,2026-08-06T06:25:28+00:00,2026,0000005496,辛元旭,富邦悍將,打者,野手,18.0,18.0,2.0,0.0,0,5,0.111,0.111,0.111,0.222,0.0,0.0,0.2778,0.0,0.0,11.1,0.0,25.3,11.0,,,,,,,,,,,,,11.0
20260806T062528Z-205080b25390,2026-08-06T06:25:28+00:00,2026,0000005656,李聖裕,中信兄弟,打者,野手,21.0,19.0,5.0,0.0,2,7,0.263,0.333,0.263,0.596,0.0,0.0952,0.3333,0.0,0.29,26.3,0.0,43.4,25.2,,,,,,,,,,,,,25.2
20260806T062528Z-205080b25390,2026-08-06T06:25:28+00:00,2026,0000005567,林瑞鈞,中信兄弟,打者,野手,20.0,17.0,4.0,1.0,2,6,0.235,0.35,0.471,0.821,0.236,0.1,0.3,0.05,0.5,23.5,59.0,47.5,42.1,,,,,,,,,,,,,42.1
20260806T062528Z-205080b25390,2026-08-06T06:25:28+00:00,2026,0000002304,吳明鴻,台鋼雄鷹,打者,野手,14.0,13.0,2.0,0.0,0,3,0.154,0.154,0.154,0.308,0.0,0.0,0.2143,0.0,0.0,15.4,0.0,27.5,14.1,,,,,,,,,,,,,14.1
20260806T062528Z-205080b25390,2026-08-06T06:25:28+00:00,2026,0000000910,張進德,富邦悍將,打者,野手,15.0,14.0,1.0,0.0,1,3,0.071,0.133,0.071,0.204,0.0,0.0667,0.2,0.0,0.33,7.1,0.0,43.3,12.5,,,,,,,,,,,,,12.5
20260806T062528Z-205080b25390,2026-08-06T06:25:28+00:00,2026,0000007605,王翾祐,統一7-ELEVEn獅,打者,野手,31.0,27.0,10.0,0.0,3,4,0.37,0.433,0.481,0.914,0.111,0.0968,0.129,0.0,0.75,37.0,19.0,55.4,40.1,,,,,,,,,,,,,40.1
20260806T062528Z-205080b25390,2026-08-06T06:25:28+00:00,2026,0000003174,郭永維,台鋼雄鷹,打者,野手,18.0,17.0,5.0,0.0,1,3,0.294,0.333,0.294,0.627,0.0,0.0556,0.1667,0.0,0.33,29.4,0.0,42.5,26.4,,,,,,,,,,,,,26.4
20260806T062528Z-205080b25390,2026-08-06T06:25:28+00:00,2026,0000006213,何恆佑,統一7-ELEVEn獅,打者,野手,21.0,20.0,2.0,0.0,0,8,0.1,0.1,0.1,0.2,0.0,0.0,0.381,0.0,0.0,10.0,0.0,21.7,9.8,,,,,,,,,,,,,9.8
20260806T062528Z-205080b25390,2026-08-06T06:25:28+00:00,2026,0000002305,王正棠,富邦悍將,打者,野手,13.0,12.0,1.0,0.0,1,1,0.083,0.154,0.083,0.237,0.0,0.0769,0.0769,0.0,1.0,8.3,0.0,56.2,15.4,,,,,,,,,,,,,15.4
20260806T062528Z-205080b25390,2026-08-06T06:25:28+00:00,2026,0000007282,陳九登,中信兄弟,打者,野手,18.0,15.0,5.0,0.0,3,4,0.333,0.444,0.4,0.844,0.067,0.1667,0.2222,0.0,0.75,33.300000000000004,11.5,64.7,37.7,,,,,,,,,,,,,37.7
20260806T062528Z-205080b25390,2026-08-06T06:25:28+00:00,2026,0000007036,戴伯丞,統一7-ELEVEn獅,打者,野手,16.0,15.0,2.0,0.0,0,5,0.133,0.133,0.133,0.266,0.0,0.0,0.3125,0.0,0.0,13.3,0.0,24.1,12.3,,,,,,,,,,,,,12.3
20260806T062528Z-205080b25390,2026-08-06T06:25:28+00:00,2026,0000007091,高捷,富邦悍將,打者,野手,9.0,8.0,2.0,0.0,1,2,0.25,0.333,0.25,0.583,0.0,0.1111,0.2222,0.0,0.5,25.0,0.0,52.2,25.9,,,,,,,,,,,,,25.9
20260806T062528Z-205080b25390,2026-08-06T06:25:28+00:00,2026,0000007806,道威聖,樂天桃猿,打者,野手,23.0,21.0,3.0,0.0,1,9,0.143,0.217,0.143,0.36,0.0,0.0435,0.3913,0.0,0.22,14.3,0.0,31.3,15.7,,,,,,,,,,,,,15.7
20260806T062528Z-205080b25390,2026-08-06T06:25:28+00:00,2026,0000006909,豊暐,富邦悍將,打者,野手,7.0,7.0,0.0,0.0,0,3,0.0,0.0,0.0,0.0,0.0,0.0,0.4286,0.0,0.0,0.0,0.0,20.0,3.0,,,,,,,,,,,,,3.0
20260806T062528Z-205080b25390,2026-08-06T06:25:28+00:00,2026,0000000356,石翔宇,味全龍,打者,野手,3.0,3.0,0.0,0.0,0,2,0.0,0.0,0.0,0.0,0.0,0.0,0.6667,0.0,0.0,0.0,0.0,11.7,1.8,,,,,,,,,,,,,1.8
20260806T062528Z-205080b25390,2026-08-06T06:25:28+00:00,2026,0000007308,許博閎,味全龍,打者,野手,3.0,3.0,1.0,0.0,0,0,0.333,0.333,0.333,0.666,0.0,0.0,0.0,0.0,0.0,33.300000000000004,0.0,35.0,26.9,,,,,,,,,,,,,26.9
20260806T062528Z-205080b25390,2026-08-06T06:25:28+00:00,2026,0000007313,曾冠傑,樂天桃猿,打者,野手,9.0,8.0,2.0,0.0,1,3,0.25,0.333,0.25,0.583,0.0,0.1111,0.3333,0.0,0.33,25.0,0.0,46.6,25.1,,,,,,,,,,,,,25.1
20260806T062528Z-205080b25390,2026-08-06T06:25:28+00:00,2026,0000005310,陳真,富邦悍將,打者,野手,15.0,15.0,3.0,0.0,0,5,0.2,0.2,0.2,0.4,0.0,0.0,0.3333,0.0,0.0,20.0,0.0,23.3,16.5,,,,,,,,,,,,,16.5
20260806T062528Z-205080b25390,2026-08-06T06:25:28+00:00,2026,0000003645,柯育民,統一7-ELEVEn獅,打者,野手,11.0,10.0,0.0,0.0,0,4,0.0,0.0,0.0,0.0,0.0,0.0,0.3636,0.0,0.0,0.0,0.0,22.3,3.3,,,,,,,,,,,,,3.3
20260806T062528Z-205080b25390,2026-08-06T06:25:28+00:00,2026,0000000753,杜家明,台鋼雄鷹,打者,野手,12.0,12.0,1.0,0.0,0,1,0.083,0.083,0.083,0.166,0.0,0.0,0.0833,0.0,0.0,8.3,0.0,32.1,10.2,,,,,,,,,,,,,10.2
20260806T062528Z-205080b25390,2026-08-06T06:25:28+00:00,2026,0000007629,顏采丞,台鋼雄鷹,打者,野手,9.0,9.0,0.0,0.0,0,2,0.0,0.0,0.0,0.0,0.0,0.0,0.2222,0.0,0.0,0.0,0.0,27.2,4.1,,,,,,,,,,,,,4.1
20260806T062528Z-205080b25390,2026-08-06T06:25:28+00:00,2026,0000005536,歐晉,樂天桃猿,打者,野手,8.0,6.0,0.0,0.0,2,1,0.0,0.25,0.0,0.25,0.0,0.25,0.125,0.0,2.0,0.0,0.0,95.6,20.0,,,,,,,,,,,,,20.0
20260806T062528Z-205080b25390,2026-08-06T06:25:28+00:00,2026,0000007086,楊祥禾,中信兄弟,打者,野手,2.0,2.0,0.0,0.0,0,1,0.0,0.0,0.0,0.0,0.0,0.0,0.5,0.0,0.0,0.0,0.0,17.5,2.6,,,,,,,,,,,,,2.6
20260806T062528Z-205080b25390,2026-08-06T06:25:28+00:00,2026,0000006938,吳柏萱,台鋼雄鷹,打者,野手,9.0,9.0,3.0,0.0,0,2,0.333,0.333,0.333,0.666,0.0,0.0,0.2222,0.0,0.0,33.300000000000004,0.0,27.2,25.7,,,,,,,,,,,,,25.7
20260806T062528Z-205080b25390,2026-08-06T06:25:28+00:00,2026,0000001118,高國麟,富邦悍將,打者,野手,6.0,6.0,2.0,0.0,0,0,0.333,0.333,0.333,0.666,0.0,0.0,0.0,0.0,0.0,33.300000000000004,0.0,35.0,26.9,,,,,,,,,,,,,26.9
20260806T062528Z-205080b25390,2026-08-06T06:25:28+00:00,2026,0000007291,全紹凱,統一7-ELEVEn獅,打者,野手,10.0,10.0,3.0,0.0,0,1,0.3,0.3,0.3,0.6,0.0,0.0,0.1,0.0,0.0,30.0,0.0,31.5,24.2,,,,,,,,,,,,,24.2
20260806T062528Z-205080b25390,2026-08-06T06:25:28+00:00,2026,0000005296,董秉軒,台鋼雄鷹,打者,野手,5.0,5.0,1.0,0.0,0,0,0.2,0.2,0.2,0.4,0.0,0.0,0.0,0.0,0.0,20.0,0.0,35.0,18.2,,,,,,,,,,,,,18.2
20260806T062528Z-205080b25390,2026-08-06T06:25:28+00:00,2026,0000006955,余羿賢,統一7-ELEVEn獅,打者,野手,2.0,2.0,1.0,0.0,0,1,0.5,0.5,0.5,1.0,0.0,0.0,0.5,0.0,0.0,50.0,0.0,17.5,35.1,,,,,,,,,,,,,35.1
20260806T062528Z-205080b25390,2026-08-06T06:25:28+00:00,2026,0000006770,邱邦,樂天桃猿,打者,野手,2.0,2.0,1.0,0.0,0,0,0.5,0.5,0.5,1.0,0.0,0.0,0.0,0.0,0.0,50.0,0.0,35.0,37.8,,,,,,,,,,,,,37.8
20260806T062528Z-205080b25390,2026-08-06T06:25:28+00:00,2026,0000006856,董順傑,樂天桃猿,打者,野手,5.0,5.0,0.0,0.0,0,3,0.0,0.0,0.0,0.0,0.0,0.0,0.6,0.0,0.0,0.0,0.0,14.0,2.1,,,,,,,,,,,,,2.1
20260806T062528Z-205080b25390,2026-08-06T06:25:28+00:00,2026,0000007297,楊泯貽,富邦悍將,打者,野手,5.0,5.0,0.0,0.0,0,0,0.0,0.0,0.0,0.0,0.0,0.0,0.0,0.0,0.0,0.0,0.0,35.0,5.2,,,,,,,,,,,,,5.2
20260806T062528Z-205080b25390,2026-08-06T06:25:28+00:00,2026,0000007013,陳飛霖,台鋼雄鷹,打者,野手,4.0,3.0,0.0,0.0,1,1,0.0,0.25,0.0,0.25,0.0,0.25,0.25,0.0,1.0,0.0,0.0,81.2,17.8,,,,,,,,,,,,,17.8
20260806T062528Z-205080b25390,2026-08-06T06:25:28+00:00,2026,0000006930,黃秉揚,台鋼雄鷹,打者,野手,3.0,3.0,0.0,0.0,0,1,0.0,0.0,0.0,0.0,0.0,0.0,0.3333,0.0,0.0,0.0,0.0,23.3,3.5,,,,,,,,,,,,,3.5
20260806T062528Z-205080b25390,2026-08-06T06:25:28+00:00,2026,0000005563,姚冠瑋,味全龍,打者,野手,2.0,2.0,0.0,0.0,0,1,0.0,0.0,0.0,0.0,0.0,0.0,0.5,0.0,0.0,0.0,0.0,17.5,2.6,,,,,,,,,,,,,2.6
20260806T062528Z-205080b25390,2026-08-06T06:25:28+00:00,2026,0000003339,林哲瑄,富邦悍將,打者,野手,1.0,1.0,1.0,0.0,0,0,1.0,1.0,1.0,2.0,0.0,0.0,0.0,0.0,0.0,100.0,0.0,35.0,70.2,,,,,,,,,,,,,70.2
20260806T062528Z-205080b25390,2026-08-06T06:25:28+00:00,2026,0000007610,吳承皓,味全龍,打者,野手,4.0,3.0,1.0,0.0,1,0,0.333,0.5,0.333,0.833,0.0,0.25,0.0,0.0,0.0,33.300000000000004,0.0,80.0,37.4,,,,,,,,,,,,,37.4
20260806T062528Z-205080b25390,2026-08-06T06:25:28+00:00,2026,0000007315,游承勳,樂天桃猿,打者,野手,4.0,4.0,0.0,0.0,0,1,0.0,0.0,0.0,0.0,0.0,0.0,0.25,0.0,0.0,0.0,0.0,26.2,3.9,,,,,,,,,,,,,3.9
20260806T062528Z-205080b25390,2026-08-06T06:25:28+00:00,2026,0000007298,盧柏華,富邦悍將,打者,野手,2.0,2.0,0.0,0.0,0,0,0.0,0.0,0.0,0.0,0.0,0.0,0.0,0.0,0.0,0.0,0.0,35.0,5.2,,,,,,,,,,,,,5.2
20260806T062528Z-205080b25390,2026-08-06T06:25:28+00:00,2026,0000005538,黃柏豪,味全龍,打者,野手,1.0,1.0,0.0,0.0,0,1,0.0,0.0,0.0,0.0,0.0,0.0,1.0,0.0,0.0,0.0,0.0,0.0,0.0,,,,,,,,,,,,,0.0
20260806T062528Z-205080b25390,2026-08-06T06:25:28+00:00,2026,0000000771,陳琥,中信兄弟,打者,野手,1.0,1.0,0.0,0.0,0,0,0.0,0.0,0.0,0.0,0.0,0.0,0.0,0.0,0.0,0.0,0.0,35.0,5.2,,,,,,,,,,,,,5.2
20260806T062528Z-205080b25390,2026-08-06T06:25:28+00:00,2026,0000001232,江忠城,中信兄弟,打者,野手,1.0,1.0,0.0,0.0,0,0,0.0,0.0,0.0,0.0,0.0,0.0,0.0,0.0,0.0,0.0,0.0,35.0,5.2,,,,,,,,,,,,,5.2
20260806T062528Z-205080b25390,2026-08-06T06:25:28+00:00,2026,0000007602,吳柏賢,統一7-ELEVEn獅,打者,野手,1.0,1.0,0.0,0.0,0,0,0.0,0.0,0.0,0.0,0.0,0.0,0.0,0.0,0.0,0.0,0.0,35.0,5.2,,,,,,,,,,,,,5.2
20260806T062528Z-205080b25390,2026-08-06T06:25:28+00:00,2026,0000006221,劉貴元,中信兄弟,打者,野手,0.0,0.0,0.0,0.0,0,0,0.0,0.0,0.0,0.0,0.0,0.0,0.0,0.0,0.0,0.0,0.0,35.0,5.2,,,,,,,,,,,,,5.2
20260806T062528Z-205080b25390,2026-08-06T06:25:28+00:00,2026,0000007088,徐博瑋,中信兄弟,打者,野手,0.0,0.0,0.0,0.0,0,0,0.0,0.0,0.0,0.0,0.0,0.0,0.0,0.0,0.0,0.0,0.0,35.0,5.2,,,,,,,,,,,,,5.2
20260806T062528Z-205080b25390,2026-08-06T06:25:28+00:00,2026,0000005555,陳冠偉,味全龍,投手,投手,,,,,7,25,,,,,,0.0507,0.1812,,,,,,,36.333,7.0,26.0,1.0,1.73,0.91,3.57,0.0072,91.9,36.2,63.5,69.5,69.5
20260806T062528Z-205080b25390,2026-08-06T06:25:28+00:00,2026,0000005788,林凱威,味全龍,投手,投手,,,,,10,23,,,,,,0.0649,0.1494,,,,,,,37.0,12.0,33.0,2.0,2.92,1.16,2.3,0.013,88.3,29.9,55.5,63.9,63.9
20260806T062528Z-205080b25390,2026-08-06T06:25:28+00:00,2026,0000005561,李建勳,富邦悍將,投手,投手,,,,,15,29,,,,,,0.1,0.1933,,,,,,,32.667,18.0,36.0,2.0,4.96,1.56,1.93,0.0133,82.1,38.7,50.0,61.6,61.6
20260806T062528Z-205080b25390,2026-08-06T06:25:28+00:00,2026,0000000941,陳冠宇,樂天桃猿,投手,投手,,,,,13,41,,,,,,0.0929,0.2929,,,,,,,35.333,9.0,24.0,2.0,2.29,1.05,3.15,0.0143,90.1,58.6,57.1,72.3,72.3
20260806T062528Z-205080b25390,2026-08-06T06:25:28+00:00,2026,0000006832,陳柏清,台鋼雄鷹,投手,投手,,,,,12,26,,,,,,0.0805,0.1745,,,,,,,37.667,10.0,29.0,1.0,2.39,1.09,2.17,0.0067,89.7,34.9,53.2,65.1,65.1
20260806T062528Z-205080b25390,2026-08-06T06:25:28+00:00,2026,0000005790,張奕,富邦悍將,投手,投手,,,,,13,27,,,,,,0.0897,0.1862,,,,,,,35.0,8.0,32.0,2.0,2.06,1.29,2.08,0.0138,89.4,37.2,51.8,65.1,65.1
20260806T062528Z-205080b25390,2026-08-06T06:25:28+00:00,2026,0000006870,林栚呈,富邦悍將,投手,投手,,,,,16,16,,,,,,0.1103,0.1103,,,,,,,33.667,11.0,28.0,2.0,2.94,1.31,1.0,0.0138,87.5,22.1,44.2,58.2,58.2
20260806T062528Z-205080b25390,2026-08-06T06:25:28+00:00,2026,0000003639,呂彥青,中信兄弟,投手,投手,,,,,6,29,,,,,,0.0488,0.2358,,,,,,,33.0,5.0,20.0,1.0,1.36,0.79,4.83,0.0081,93.3,47.2,70.2,74.8,74.8
20260806T062528Z-205080b25390,2026-08-06T06:25:28+00:00,2026,0000002280,廖任磊,富邦悍將,投手,投手,,,,,15,9,,,,,,0.1119,0.0672,,,,,,,30.333,15.0,31.0,0.0,4.45,1.52,0.6,0.0,83.3,13.4,41.9,53.4,53.4
20260806T062528Z-205080b25390,2026-08-06T06:25:28+00:00,2026,0000001821,林子昱,味全龍,投手,投手,,,,,6,15,,,,,,0.0465,0.1163,,,,,,,31.333,10.0,32.0,1.0,2.87,1.21,2.5,0.0078,88.1,23.3,58.3,63.0,63.0
20260806T062528Z-205080b25390,2026-08-06T06:25:28+00:00,2026,0000007293,鍾允華,統一7-ELEVEn獅,投手,投手,,,,,14,33,,,,,,0.0979,0.2308,,,,,,,33.667,10.0,30.0,1.0,2.67,1.31,2.36,0.007,88.0,46.2,52.5,66.9,66.9
20260806T062528Z-205080b25390,2026-08-06T06:25:28+00:00,2026,0000006818,髙塩將樹,統一7-ELEVEn獅,投手,投手,,,,,9,17,,,,,,0.0687,0.1298,,,,,,,30.333,11.0,31.0,1.0,3.26,1.32,1.89,0.0076,86.8,26.0,53.0,61.5,61.5
20260806T062528Z-205080b25390,2026-08-06T06:25:28+00:00,2026,0000005509,莊昕諺,樂天桃猿,投手,投手,,,,,16,20,,,,,,0.1151,0.1439,,,,,,,33.333,6.0,24.0,1.0,1.62,1.2,1.25,0.0072,90.7,28.8,45.0,61.5,61.5
20260806T062528Z-205080b25390,2026-08-06T06:25:28+00:00,2026,0000005558,蘇俊璋,樂天桃猿,投手,投手,,,,,7,21,,,,,,0.0654,0.1963,,,,,,,26.667,9.0,23.0,0.0,3.04,1.13,3.0,0.0,88.2,39.3,59.1,67.2,67.2
20260806T062528Z-205080b25390,2026-08-06T06:25:28+00:00,2026,0000006227,曾峻岳,富邦悍將,投手,投手,,,,,7,45,,,,,,0.0538,0.3462,,,,,,,33.667,5.0,26.0,1.0,1.34,0.98,6.43,0.0077,92.4,69.2,78.0,82.3,82.3
20260806T062528Z-205080b25390,2026-08-06T06:25:28+00:00,2026,0000000771,陳琥,中信兄弟,投手,投手,,,,,14,28,,,,,,0.0966,0.1931,,,,,,,35.667,11.0,30.0,3.0,2.78,1.23,2.0,0.0207,88.2,38.6,50.7,64.6,64.6
20260806T062528Z-205080b25390,2026-08-06T06:25:28+00:00,2026,0000000778,蔡齊哲,中信兄弟,投手,投手,,,,,10,14,,,,,,0.102,0.1429,,,,,,,24.0,6.0,16.0,2.0,2.25,1.08,1.4,0.0204,90.0,28.6,47.1,61.8,61.8
20260806T062528Z-205080b25390,2026-08-06T06:25:28+00:00,2026,0000001232,江忠城,中信兄弟,投手,投手,,,,,10,12,,,,,,0.0926,0.1111,,,,,,,25.333,4.0,23.0,0.0,1.42,1.3,1.2,0.0,90.6,22.2,47.0,60.4,60.4
20260806T062528Z-205080b25390,2026-08-06T06:25:28+00:00,2026,0000006982,黃群,台鋼雄鷹,投手,投手,,,,,13,24,,,,,,0.115,0.2124,,,,,,,27.0,6.0,18.0,0.0,2.0,1.15,1.85,0.0,90.2,42.5,48.1,65.6,65.6
20260806T062528Z-205080b25390,2026-08-06T06:25:28+00:00,2026,0000006160,李超,味全龍,投手,投手,,,,,9,18,,,,,,0.0857,0.1714,,,,,,,25.667,6.0,23.0,1.0,2.1,1.25,2.0,0.0095,89.5,34.3,51.8,64.4,64.4
20260806T062528Z-205080b25390,2026-08-06T06:25:28+00:00,2026,0000003331,李振昌,中信兄弟,投手,投手,,,,,10,16,,,,,,0.0971,0.1553,,,,,,,24.0,11.0,22.0,3.0,4.13,1.33,1.6,0.0291,84.9,31.1,48.6,60.6,60.6
20260806T062528Z-205080b25390,2026-08-06T06:25:28+00:00,2026,0000006228,王志煊,樂天桃猿,投手,投手,,,,,5,11,,,,,,0.0926,0.2037,,,,,,,12.667,3.0,12.0,0.0,2.13,1.34,2.2,0.0,89.0,40.7,52.2,65.9,65.9
20260806T062528Z-205080b25390,2026-08-06T06:25:28+00:00,2026,0000006127,李其峰,統一7-ELEVEn獅,投手,投手,,,,,11,20,,,,,,0.0991,0.1802,,,,,,,24.0,5.0,29.0,2.0,1.88,1.67,1.82,0.018,87.8,36.0,49.5,63.4,63.4
20260806T062528Z-205080b25390,2026-08-06T06:25:28+00:00,2026,0000000128,朱承洋,樂天桃猿,投手,投手,,,,,6,21,,,,,,0.0583,0.2039,,,,,,,25.667,8.0,23.0,1.0,2.81,1.13,3.5,0.0097,88.6,40.8,62.4,68.8,68.8
20260806T062528Z-205080b25390,2026-08-06T06:25:28+00:00,2026,0000006949,林詩翔,台鋼雄鷹,投手,投手,,,,,12,17,,,,,,0.1081,0.1532,,,,,,,24.667,8.0,23.0,1.0,2.92,1.42,1.42,0.009,87.0,30.6,46.6,60.8,60.8
20260806T062528Z-205080b25390,2026-08-06T06:25:28+00:00,2026,0000006833,陳宇宏,台鋼雄鷹,投手,投手,,,,,10,20,,,,,,0.0641,0.1282,,,,,,,35.0,18.0,42.0,2.0,4.63,1.49,2.0,0.0128,83.1,25.6,54.0,60.0,60.0
20260806T062528Z-205080b25390,2026-08-06T06:25:28+00:00,2026,0000000998,邱浩鈞,統一7-ELEVEn獅,投手,投手,,,,,11,15,,,,,,0.1134,0.1546,,,,,,,23.0,3.0,17.0,0.0,1.17,1.22,1.36,0.0,91.5,30.9,45.7,62.6,62.6
20260806T062528Z-205080b25390,2026-08-06T06:25:28+00:00,2026,0000003292,賴鴻誠,富邦悍將,投手,投手,,,,,9,10,,,,,,0.09,0.1,,,,,,,21.0,15.0,31.0,3.0,6.43,1.9,1.11,0.03,77.4,20.0,46.8,53.9,53.9
20260806T062528Z-205080b25390,2026-08-06T06:25:28+00:00,2026,0000000773,李吳永勤,富邦悍將,投手,投手,,,,,9,11,,,,,,0.1034,0.1264,,,,,,,17.333,12.0,22.0,0.0,6.23,1.79,1.22,0.0,78.4,25.3,46.0,55.4,55.4
20260806T062528Z-205080b25390,2026-08-06T06:25:28+00:00,2026,0000005789,林鋅杰,味全龍,投手,投手,,,,,13,11,,,,,,0.134,0.1134,,,,,,,22.333,9.0,24.0,2.0,3.63,1.66,0.85,0.0206,84.3,22.7,41.0,55.9,55.9
20260806T062528Z-205080b25390,2026-08-06T06:25:28+00:00,2026,0000005482,吳承諭,統一7-ELEVEn獅,投手,投手,,,,,6,10,,,,,,0.06,0.1,,,,,,,24.667,7.0,20.0,2.0,2.55,1.05,1.67,0.02,89.6,20.0,52.7,61.1,61.1
20260806T062528Z-205080b25390,2026-08-06T06:25:28+00:00,2026,0000006237,林子崴,樂天桃猿,投手,投手,,,,,10,25,,,,,,0.0559,0.1397,,,,,,,45.667,7.0,39.0,0.0,1.38,1.07,2.5,0.0,91.8,27.9,57.4,65.5,65.5
20260806T062528Z-205080b25390,2026-08-06T06:25:28+00:00,2026,0000005285,許峻暘,台鋼雄鷹,投手,投手,,,,,4,15,,,,,,0.05,0.1875,,,,,,,20.333,5.0,15.0,1.0,2.21,0.93,3.75,0.0125,90.8,37.5,64.5,69.6,69.6
20260806T062528Z-205080b25390,2026-08-06T06:25:28+00:00,2026,0000002348,施子謙,台鋼雄鷹,投手,投手,,,,,7,9,,,,,,0.0875,0.1125,,,,,,,17.667,9.0,19.0,3.0,4.58,1.47,1.29,0.0375,83.3,22.5,48.0,57.5,57.5
20260806T062528Z-205080b25390,2026-08-06T06:25:28+00:00,2026,0000001390,王躍霖,台鋼雄鷹,投手,投手,,,,,7,10,,,,,,0.0921,0.1316,,,,,,,16.0,9.0,21.0,1.0,5.06,1.75,1.43,0.0132,80.9,26.3,48.2,57.4,57.4
20260806T062528Z-205080b25390,2026-08-06T06:25:28+00:00,2026,0000007292,李軍,統一7-ELEVEn獅,投手,投手,,,,,10,14,,,,,,0.1351,0.1892,,,,,,,18.333,4.0,9.0,0.0,1.96,1.04,1.4,0.0,90.8,37.8,43.8,63.4,63.4
20260806T062528Z-205080b25390,2026-08-06T06:25:28+00:00,2026,0000006918,李欣穎,台鋼雄鷹,投手,投手,,,,,4,25,,,,,,0.0449,0.2809,,,,,,,19.667,6.0,22.0,2.0,2.75,1.32,6.25,0.0225,87.8,56.2,78.0,77.0,77.0
20260806T062528Z-205080b25390,2026-08-06T06:25:28+00:00,2026,0000007580,韋宏亮,台鋼雄鷹,投手,投手,,,,,7,11,,,,,,0.0843,0.1325,,,,,,,18.333,11.0,21.0,0.0,5.4,1.53,1.57,0.0,81.4,26.5,49.7,58.2,58.2
20260806T062528Z-205080b25390,2026-08-06T06:25:28+00:00,2026,0000006857,舒治浩,樂天桃猿,投手,投手,,,,,8,7,,,,,,0.1081,0.0946,,,,,,,18.667,4.0,13.0,0.0,1.93,1.13,0.88,0.0,90.4,18.9,43.8,58.5,58.5
20260806T062528Z-205080b25390,2026-08-06T06:25:28+00:00,2026,0000006720,邱駿威,樂天桃猿,投手,投手,,,,,8,10,,,,,,0.0851,0.1064,,,,,,,19.333,9.0,26.0,1.0,4.19,1.76,1.25,0.0106,82.7,21.3,48.0,56.9,56.9
20260806T062528Z-205080b25390,2026-08-06T06:25:28+00:00,2026,0000002303,黃竣彥,統一7-ELEVEn獅,投手,投手,,,,,4,6,,,,,,0.0727,0.1091,,,,,,,11.667,7.0,18.0,1.0,5.4,1.89,1.5,0.0182,79.6,21.8,50.5,56.4,56.4
20260806T062528Z-205080b25390,2026-08-06T06:25:28+00:00,2026,0000007044,鄭澔,統一7-ELEVEn獅,投手,投手,,,,,6,16,,,,,,0.1111,0.2963,,,,,,,13.333,3.0,7.0,0.0,2.03,0.98,2.67,0.0,91.0,59.3,52.8,71.6,71.6
20260806T062528Z-205080b25390,2026-08-06T06:25:28+00:00,2026,0000005151,羅戈,中信兄弟,投手,投手,,,,,26,79,,,,,,0.0621,0.1885,,,,,,,102.0,37.0,96.0,3.0,3.26,1.2,3.04,0.0072,87.4,37.7,59.6,66.6,66.6
20260806T062528Z-205080b25390,2026-08-06T06:25:28+00:00,2026,0000006749,魔力藍,富邦悍將,投手,投手,,,,,25,62,,,,,,0.0613,0.152,,,,,,,96.0,33.0,98.0,3.0,3.09,1.28,2.48,0.0074,87.3,30.4,56.8,63.9,63.9
20260806T062528Z-205080b25390,2026-08-06T06:25:28+00:00,2026,0000002347,王浩原,富邦悍將,投手,投手,,,,,8,4,,,,,,0.127,0.0635,,,,,,,12.667,6.0,19.0,0.0,4.26,2.13,0.5,0.0,80.7,12.7,39.9,51.5,51.5
20260806T062528Z-205080b25390,2026-08-06T06:25:28+00:00,2026,0000006215,趙璟榮,味全龍,投手,投手,,,,,10,8,,,,,,0.1538,0.1231,,,,,,,15.0,6.0,14.0,0.0,3.6,1.6,0.8,0.0,84.7,24.6,38.8,55.9,55.9
20260806T062528Z-205080b25390,2026-08-06T06:25:28+00:00,2026,0000006497,鋼龍,味全龍,投手,投手,,,,,19,93,,,,,,0.048,0.2348,,,,,,,98.333,23.0,87.0,6.0,2.11,1.08,4.89,0.0152,90.3,47.0,70.6,73.6,73.6
20260806T062528Z-205080b25390,2026-08-06T06:25:28+00:00,2026,0000007597,獅帝芬,統一7-ELEVEn獅,投手,投手,,,,,29,66,,,,,,0.0751,0.171,,,,,,,93.333,28.0,82.0,3.0,2.7,1.19,2.28,0.0078,88.6,34.2,54.3,64.7,64.7
20260806T062528Z-205080b25390,2026-08-06T06:25:28+00:00,2026,0000005315,高偉強,統一7-ELEVEn獅,投手,投手,,,,,13,9,,,,,,0.1688,0.1169,,,,,,,16.667,10.0,15.0,1.0,5.4,1.68,0.69,0.013,80.6,23.4,36.7,53.1,53.1
20260806T062528Z-205080b25390,2026-08-06T06:25:28+00:00,2026,0000006906,艾菩樂,樂天桃猿,投手,投手,,,,,21,68,,,,,,0.0492,0.1593,,,,,,,100.0,41.0,106.0,11.0,3.69,1.27,3.24,0.0258,86.1,31.9,61.9,65.3,65.3
20260806T062528Z-205080b25390,2026-08-06T06:25:28+00:00,2026,0000007053,艾速特,台鋼雄鷹,投手,投手,,,,,30,90,,,,,,0.0798,0.2394,,,,,,,92.667,17.0,62.0,1.0,1.65,0.99,3.0,0.0027,91.7,47.9,57.6,70.5,70.5
20260806T062528Z-205080b25390,2026-08-06T06:25:28+00:00,2026,0000002274,黃子鵬,台鋼雄鷹,投手,投手,,,,,14,42,,,,,,0.0354,0.1063,,,,,,,100.333,21.0,81.0,2.0,1.88,0.95,3.0,0.0051,91.4,21.3,62.1,65.1,65.1
20260806T062528Z-205080b25390,2026-08-06T06:25:28+00:00,2026,0000007074,曾家輝,樂天桃猿,投手,投手,,,,,20,60,,,,,,0.0613,0.184,,,,,,,79.667,23.0,67.0,3.0,2.6,1.09,3.0,0.0092,89.3,36.8,59.5,67.2,67.2
20260806T062528Z-205080b25390,2026-08-06T06:25:28+00:00,2026,0000007790,魔爾曼,樂天桃猿,投手,投手,,,,,26,71,,,,,,0.0708,0.1935,,,,,,,86.667,26.0,80.0,2.0,2.7,1.22,2.73,0.0054,88.4,38.7,57.1,66.6,66.6
20260806T062528Z-205080b25390,2026-08-06T06:25:28+00:00,2026,0000005604,勝騎士,中信兄弟,投手,投手,,,,,8,77,,,,,,0.0204,0.1959,,,,,,,96.0,38.0,101.0,11.0,3.56,1.14,9.62,0.028,87.0,39.2,98.0,78.4,78.4
20260806T062528Z-205080b25390,2026-08-06T06:25:28+00:00,2026,0000006555,梅賽鍶,味全龍,投手,投手,,,,,16,58,,,,,,0.0436,0.158,,,,,,,92.667,21.0,84.0,4.0,2.04,1.08,3.62,0.0109,90.4,31.6,64.5,67.9,67.9
20260806T062528Z-205080b25390,2026-08-06T06:25:28+00:00,2026,0000007779,蔣銲,味全龍,投手,投手,,,,,31,99,,,,,,0.0829,0.2647,,,,,,,95.667,14.0,54.0,3.0,1.32,0.89,3.19,0.008,92.9,52.9,58.3,72.5,72.5
20260806T062528Z-205080b25390,2026-08-06T06:25:28+00:00,2026,0000005552,呂偉晟,味全龍,投手,投手,,,,,9,5,,,,,,0.15,0.0833,,,,,,,11.0,3.0,13.0,0.0,2.45,2.0,0.56,0.0,85.0,16.7,37.9,53.8,53.8
20260806T062528Z-205080b25390,2026-08-06T06:25:28+00:00,2026,0000006910,王伯洋,味全龍,投手,投手,,,,,9,11,,,,,,0.1765,0.2157,,,,,,,11.0,3.0,6.0,0.0,2.45,1.36,1.22,0.0,88.2,43.1,38.7,62.1,62.1
20260806T062528Z-205080b25390,2026-08-06T06:25:28+00:00,2026,0000007228,鈴木駿輔,富邦悍將,投手,投手,,,,,21,81,,,,,,0.0588,0.2269,,,,,,,88.333,21.0,76.0,4.0,2.14,1.1,3.86,0.0112,90.1,45.4,64.2,71.2,71.2
20260806T062528Z-205080b25390,2026-08-06T06:25:28+00:00,2026,0000001524,劉昱言,富邦悍將,投手,投手,,,,,4,4,,,,,,0.0909,0.0909,,,,,,,10.333,5.0,11.0,1.0,4.35,1.45,1.0,0.0227,83.9,18.2,46.1,56.1,56.1
20260806T062528Z-205080b25390,2026-08-06T06:25:28+00:00,2026,0000006739,李東洺,富邦悍將,投手,投手,,,,,30,44,,,,,,0.085,0.1246,,,,,,,85.0,22.0,70.0,6.0,2.33,1.18,1.47,0.017,89.4,24.9,49.1,61.2,61.2
20260806T062528Z-205080b25390,2026-08-06T06:25:28+00:00,2026,0000006507,後勁,台鋼雄鷹,投手,投手,,,,,40,62,,,,,,0.1102,0.1708,,,,,,,80.0,43.0,85.0,1.0,4.84,1.56,1.55,0.0028,82.3,34.2,47.0,59.7,59.7
20260806T062528Z-205080b25390,2026-08-06T06:25:28+00:00,2026,0000002345,鄭浩均,中信兄弟,投手,投手,,,,,31,59,,,,,,0.0966,0.1838,,,,,,,72.333,54.0,75.0,10.0,6.72,1.47,1.9,0.0312,79.0,36.8,50.2,59.8,59.8
20260806T062528Z-205080b25390,2026-08-06T06:25:28+00:00,2026,0000007276,伍立辰,中信兄弟,投手,投手,,,,,15,20,,,,,,0.0882,0.1176,,,,,,,38.333,24.0,39.0,4.0,5.63,1.41,1.33,0.0235,81.5,23.5,48.1,57.0,57.0
20260806T062528Z-205080b25390,2026-08-06T06:25:28+00:00,2026,0000005731,布雷克,統一7-ELEVEn獅,投手,投手,,,,,11,55,,,,,,0.0302,0.1511,,,,,,,95.0,20.0,82.0,5.0,1.89,0.98,5.0,0.0137,91.2,30.2,73.0,70.5,70.5
20260806T062528Z-205080b25390,2026-08-06T06:25:28+00:00,2026,0000006850,鄭副豪,統一7-ELEVEn獅,投手,投手,,,,,11,5,,,,,,0.2,0.0909,,,,,,,11.333,8.0,9.0,0.0,6.35,1.76,0.45,0.0,78.3,18.2,32.3,49.5,49.5
20260806T062528Z-205080b25390,2026-08-06T06:25:28+00:00,2026,0000002679,江承諺,台鋼雄鷹,投手,投手,,,,,21,36,,,,,,0.0633,0.1084,,,,,,,78.0,25.0,79.0,3.0,2.88,1.28,1.71,0.009,87.7,21.7,52.6,60.7,60.7
20260806T062528Z-205080b25390,2026-08-06T06:25:28+00:00,2026,0000007778,喬登,統一7-ELEVEn獅,投手,投手,,,,,28,78,,,,,,0.1022,0.2847,,,,,,,70.667,12.0,40.0,1.0,1.53,0.96,2.79,0.0036,92.1,56.9,54.3,72.0,72.0
20260806T062528Z-205080b25390,2026-08-06T06:25:28+00:00,2026,0000007622,錢可倫,中信兄弟,投手,投手,,,,,4,7,,,,,,0.08,0.14,,,,,,,10.0,9.0,14.0,0.0,8.1,1.8,1.75,0.0,74.5,28.0,51.1,55.9,55.9
20260806T062528Z-205080b25390,2026-08-06T06:25:28+00:00,2026,0000006176,余謙,中信兄弟,投手,投手,,,,,5,7,,,,,,0.0658,0.0921,,,,,,,17.333,13.0,24.0,0.0,6.75,1.67,1.4,0.0,77.9,18.4,50.7,54.9,54.9
20260806T062528Z-205080b25390,2026-08-06T06:25:28+00:00,2026,0000000762,伍鐸,味全龍,投手,投手,,,,,17,26,,,,,,0.0545,0.0833,,,,,,,75.333,34.0,76.0,5.0,4.06,1.23,1.53,0.016,85.6,16.7,52.5,58.4,58.4
20260806T062528Z-205080b25390,2026-08-06T06:25:28+00:00,2026,0000006767,許育銘,台鋼雄鷹,投手,投手,,,,,8,8,,,,,,0.1509,0.1509,,,,,,,11.667,4.0,10.0,1.0,3.09,1.54,1.0,0.0189,86.0,30.2,40.1,58.3,58.3
20260806T062528Z-205080b25390,2026-08-06T06:25:28+00:00,2026,0000007264,魔神龍,味全龍,投手,投手,,,,,17,42,,,,,,0.0584,0.1443,,,,,,,70.333,14.0,68.0,1.0,1.79,1.21,2.47,0.0034,90.3,28.9,57.0,65.0,65.0
20260806T062528Z-205080b25390,2026-08-06T06:25:28+00:00,2026,0000007299,陳品宏,富邦悍將,投手,投手,,,,,19,27,,,,,,0.1005,0.1429,,,,,,,41.0,22.0,44.0,3.0,4.83,1.54,1.42,0.0159,82.5,28.6,47.3,58.5,58.5
20260806T062528Z-205080b25390,2026-08-06T06:25:28+00:00,2026,0000006006,德保拉,中信兄弟,投手,投手,,,,,9,41,,,,,,0.0305,0.139,,,,,,,74.667,25.0,67.0,2.0,3.01,1.02,4.56,0.0068,88.8,27.8,70.7,68.1,68.1
20260806T062528Z-205080b25390,2026-08-06T06:25:28+00:00,2026,0000005572,魏碩成,中信兄弟,投手,投手,,,,,13,5,,,,,,0.1512,0.0581,,,,,,,16.667,12.0,17.0,0.0,6.48,1.8,0.38,0.0,77.8,11.6,36.9,49.0,49.0
20260806T062528Z-205080b25390,2026-08-06T06:25:28+00:00,2026,0000006295,銳力獅,統一7-ELEVEn獅,投手,投手,,,,,12,51,,,,,,0.0411,0.1747,,,,,,,71.667,23.0,69.0,3.0,2.89,1.13,4.25,0.0103,88.5,34.9,68.0,69.0,69.0
20260806T062528Z-205080b25390,2026-08-06T06:25:28+00:00,2026,0000007062,威能帝,樂天桃猿,投手,投手,,,,,10,71,,,,,,0.036,0.2554,,,,,,,69.333,16.0,60.0,3.0,2.08,1.01,7.1,0.0108,90.7,51.1,83.3,78.6,78.6
20260806T062528Z-205080b25390,2026-08-06T06:25:28+00:00,2026,0000007073,賴胤豪,樂天桃猿,投手,投手,,,,,3,7,,,,,,0.0545,0.1273,,,,,,,11.667,9.0,17.0,1.0,6.94,1.71,2.33,0.0182,77.3,25.5,56.7,58.2,58.2
20260806T062528Z-205080b25390,2026-08-06T06:25:28+00:00,2026,0000004637,劉軒荅,統一7-ELEVEn獅,投手,投手,,,,,3,3,,,,,,0.0732,0.0732,,,,,,,9.0,2.0,9.0,0.0,2.0,1.33,1.0,0.0,89.3,14.6,47.9,58.2,58.2
20260806T062528Z-205080b25390,2026-08-06T06:25:28+00:00,2026,0000003506,謝榮豪,中信兄弟,投手,投手,,,,,7,3,,,,,,0.1489,0.0638,,,,,,,9.667,8.0,10.0,3.0,7.45,1.76,0.43,0.0638,76.0,12.8,37.3,48.6,48.6
20260806T062528Z-205080b25390,2026-08-06T06:25:28+00:00,2026,0000000776,王凱程,中信兄弟,投手,投手,,,,,1,4,,,,,,0.0189,0.0755,,,,,,,11.0,7.0,19.0,4.0,5.73,1.82,4.0,0.0755,79.2,15.1,68.9,60.1,60.1
20260806T062528Z-205080b25390,2026-08-06T06:25:28+00:00,2026,0000007593,石梓霖,富邦悍將,投手,投手,,,,,4,5,,,,,,0.0714,0.0893,,,,,,,13.0,7.0,14.0,0.0,4.85,1.38,1.25,0.0,83.2,17.9,49.4,56.7,56.7
20260806T062528Z-205080b25390,2026-08-06T06:25:28+00:00,2026,0000007570,坎南,台鋼雄鷹,投手,投手,,,,,13,55,,,,,,0.0444,0.1877,,,,,,,72.333,18.0,67.0,1.0,2.24,1.11,4.23,0.0034,89.9,37.5,67.5,70.1,70.1
20260806T062528Z-205080b25390,2026-08-06T06:25:28+00:00,2026,0000007783,阿部雄大,富邦悍將,投手,投手,,,,,20,41,,,,,,0.0935,0.1916,,,,,,,50.667,25.0,47.0,3.0,4.44,1.32,2.05,0.014,84.4,38.3,51.3,62.9,62.9
20260806T062528Z-205080b25390,2026-08-06T06:25:28+00:00,2026,0000006923,曾品洋,中信兄弟,投手,投手,,,,,10,6,,,,,,0.2174,0.1304,,,,,,,9.667,3.0,12.0,1.0,2.79,2.28,0.6,0.0217,82.9,26.1,31.4,53.3,53.3
20260806T062528Z-205080b25390,2026-08-06T06:25:28+00:00,2026,0000007283,陳冠穎,中信兄弟,投手,投手,,,,,4,7,,,,,,0.1176,0.2059,,,,,,,8.667,1.0,5.0,0.0,1.04,1.04,1.75,0.0,92.7,41.2,47.3,66.2,66.2
20260806T062528Z-205080b25390,2026-08-06T06:25:28+00:00,2026,0000006848,林詔恩,統一7-ELEVEn獅,投手,投手,,,,,20,35,,,,,,0.1205,0.2108,,,,,,,40.333,16.0,30.0,0.0,3.57,1.24,1.75,0.0,86.5,42.2,47.0,63.6,63.6
20260806T062528Z-205080b25390,2026-08-06T06:25:28+00:00,2026,0000007789,麥斯威尼,樂天桃猿,投手,投手,,,,,24,21,,,,,,0.1132,0.0991,,,,,,,44.333,25.0,53.0,4.0,5.08,1.74,0.88,0.0189,81.0,19.8,43.3,54.4,54.4
20260806T062528Z-205080b25390,2026-08-06T06:25:28+00:00,2026,0000002272,賴智垣,台鋼雄鷹,投手,投手,,,,,10,5,,,,,,0.2564,0.1282,,,,,,,7.333,3.0,6.0,0.0,3.68,2.18,0.5,0.0,81.6,25.6,27.0,51.2,51.2
20260806T062528Z-205080b25390,2026-08-06T06:25:28+00:00,2026,0000004624,陳克羿,樂天桃猿,投手,投手,,,,,15,43,,,,,,0.0781,0.224,,,,,,,46.333,20.0,41.0,0.0,3.88,1.21,2.87,0.0,86.0,44.8,57.1,67.0,67.0
20260806T062528Z-205080b25390,2026-08-06T06:25:28+00:00,2026,0000004625,吳俊偉,中信兄弟,投手,投手,,,,,3,6,,,,,,0.0833,0.1667,,,,,,,7.667,5.0,11.0,0.0,5.87,1.83,2.0,0.0,78.9,33.3,52.1,59.5,59.5
20260806T062528Z-205080b25390,2026-08-06T06:25:28+00:00,2026,0000006723,張鈞守,味全龍,投手,投手,,,,,7,7,,,,,,0.2121,0.2121,,,,,,,8.667,0.0,3.0,0.0,0.0,1.15,1.0,0.0,94.3,42.4,34.0,63.2,63.2
20260806T062528Z-205080b25390,2026-08-06T06:25:28+00:00,2026,0000005479,江國豪,富邦悍將,投手,投手,,,,,14,10,,,,,,0.1094,0.0781,,,,,,,27.0,13.0,31.0,1.0,4.33,1.67,0.71,0.0078,82.8,15.6,42.8,54.0,54.0
20260806T062528Z-205080b25390,2026-08-06T06:25:28+00:00,2026,0000000779,陳柏豪,樂天桃猿,投手,投手,,,,,3,6,,,,,,0.0882,0.1765,,,,,,,6.667,6.0,13.0,1.0,8.1,2.4,2.0,0.0294,71.5,35.3,51.6,56.5,56.5
20260806T062528Z-205080b25390,2026-08-06T06:25:28+00:00,2026,0000001719,胡智爲,統一7-ELEVEn獅,投手,投手,,,,,10,19,,,,,,0.0662,0.1258,,,,,,,33.333,24.0,45.0,4.0,6.48,1.65,1.9,0.0265,78.6,25.2,53.3,57.7,57.7
20260806T062528Z-205080b25390,2026-08-06T06:25:28+00:00,2026,0000005372,呂詠臻,樂天桃猿,投手,投手,,,,,5,2,,,,,,0.1786,0.0714,,,,,,,7.0,2.0,4.0,0.0,2.57,1.29,0.4,0.0,88.3,14.3,34.2,53.6,53.6
20260806T062528Z-205080b25390,2026-08-06T06:25:28+00:00,2026,0000007281,游竣宥,中信兄弟,投手,投手,,,,,5,6,,,,,,0.1042,0.125,,,,,,,10.0,6.0,15.0,1.0,5.4,2.0,1.2,0.0208,79.0,25.0,45.8,55.5,55.5
20260806T062528Z-205080b25390,2026-08-06T06:25:28+00:00,2026,0000007787,黎克,中信兄弟,投手,投手,,,,,15,20,,,,,,0.1103,0.1471,,,,,,,29.333,16.0,35.0,4.0,4.91,1.7,1.33,0.0294,81.5,29.4,45.9,57.8,57.8
20260806T062528Z-205080b25390,2026-08-06T06:25:28+00:00,2026,0000007581,黃暐傑,味全龍,投手,投手,,,,,4,3,,,,,,0.0976,0.0732,,,,,,,8.333,3.0,11.0,0.0,3.24,1.8,0.75,0.0,84.4,14.6,44.1,54.9,54.9
20260806T062528Z-205080b25390,2026-08-06T06:25:28+00:00,2026,0000003608,曾仁和,味全龍,投手,投手,,,,,9,21,,,,,,0.0726,0.1694,,,,,,,28.667,8.0,31.0,1.0,2.51,1.4,2.33,0.0081,87.9,33.9,54.9,64.5,64.5
20260806T062528Z-205080b25390,2026-08-06T06:25:28+00:00,2026,0000007782,威戈神,富邦悍將,投手,投手,,,,,8,22,,,,,,0.065,0.1789,,,,,,,28.0,16.0,33.0,1.0,5.14,1.46,2.75,0.0081,82.2,35.8,57.8,63.3,63.3
20260806T062528Z-205080b25390,2026-08-06T06:25:28+00:00,2026,0000007560,菲力士,中信兄弟,投手,投手,,,,,24,28,,,,,,0.1655,0.1931,,,,,,,30.0,20.0,34.0,2.0,6.0,1.93,1.17,0.0138,78.1,38.6,39.5,56.6,56.6
20260806T062528Z-205080b25390,2026-08-06T06:25:28+00:00,2026,0000007047,盧冠宇,樂天桃猿,投手,投手,,,,,3,1,,,,,,0.12,0.04,,,,,,,5.333,3.0,7.0,0.0,5.06,1.88,0.33,0.0,80.3,8.0,39.7,50.0,50.0
20260806T062528Z-205080b25390,2026-08-06T06:25:28+00:00,2026,0000001260,郭俊麟,統一7-ELEVEn獅,投手,投手,,,,,17,18,,,,,,0.1197,0.1268,,,,,,,32.667,18.0,30.0,2.0,4.96,1.44,1.06,0.0141,82.7,25.4,43.5,56.6,56.6
20260806T062528Z-205080b25390,2026-08-06T06:25:28+00:00,2026,0000002695,林子崴,統一7-ELEVEn獅,投手,投手,,,,,0,4,,,,,,0.0,0.1667,,,,,,,6.333,0.0,7.0,0.0,0.0,1.11,0.0,0.0,94.4,33.3,50.0,65.8,65.8
20260806T062528Z-205080b25390,2026-08-06T06:25:28+00:00,2026,0000006921,伍祐城,台鋼雄鷹,投手,投手,,,,,4,5,,,,,,0.129,0.1613,,,,,,,7.333,2.0,6.0,2.0,2.45,1.36,1.25,0.0645,88.2,32.3,43.6,60.8,60.8
20260806T062528Z-205080b25390,2026-08-06T06:25:28+00:00,2026,0000002276,鄭鈞仁,統一7-ELEVEn獅,投手,投手,,,,,2,4,,,,,,0.1,0.2,,,,,,,5.0,1.0,2.0,0.0,1.8,0.8,2.0,0.0,92.3,40.0,50.4,66.7,66.7
20260806T062528Z-205080b25390,2026-08-06T06:25:28+00:00,2026,0000006874,盧孟揚,中信兄弟,投手,投手,,,,,5,3,,,,,,0.1923,0.1154,,,,,,,5.333,5.0,5.0,0.0,8.44,1.88,0.6,0.0,73.4,23.1,33.9,49.0,49.0
20260806T062528Z-205080b25390,2026-08-06T06:25:28+00:00,2026,0000000938,張瑞麟,富邦悍將,投手,投手,,,,,3,3,,,,,,0.1364,0.1364,,,,,,,4.333,4.0,5.0,0.0,8.31,1.85,1.0,0.0,73.8,27.3,41.6,52.5,52.5
20260806T062528Z-205080b25390,2026-08-06T06:25:28+00:00,2026,0000000135,陳禹勳,味全龍,投手,投手,,,,,1,3,,,,,,0.0588,0.1765,,,,,,,3.667,2.0,4.0,0.0,4.91,1.36,3.0,0.0,83.2,35.3,59.7,64.2,64.2
20260806T062528Z-205080b25390,2026-08-06T06:25:28+00:00,2026,0000006878,吳君奕,味全龍,投手,投手,,,,,4,3,,,,,,0.2,0.15,,,,,,,4.667,0.0,4.0,0.0,0.0,1.71,0.75,0.0,91.5,30.0,33.9,58.8,58.8
20260806T062528Z-205080b25390,2026-08-06T06:25:28+00:00,2026,0000005541,郭郁政,味全龍,投手,投手,,,,,0,6,,,,,,0.0,0.0732,,,,,,,21.0,7.0,21.0,3.0,3.0,1.0,0.0,0.0366,88.9,14.6,50.0,58.7,58.7
20260806T062528Z-205080b25390,2026-08-06T06:25:28+00:00,2026,0000007305,李致霖,味全龍,投手,投手,,,,,9,4,,,,,,0.2903,0.129,,,,,,,7.0,3.0,3.0,0.0,3.86,1.71,0.44,0.0,83.6,25.8,23.3,51.1,51.1
20260806T062528Z-205080b25390,2026-08-06T06:25:28+00:00,2026,0000007081,黃侰程,味全龍,投手,投手,,,,,2,4,,,,,,0.1111,0.2222,,,,,,,3.667,2.0,4.0,0.0,4.91,1.64,2.0,0.0,81.8,44.4,49.3,62.7,62.7
20260806T062528Z-205080b25390,2026-08-06T06:25:28+00:00,2026,0000000363,陳仕朋,富邦悍將,投手,投手,,,,,7,10,,,,,,0.0795,0.1136,,,,,,,19.667,16.0,24.0,3.0,7.32,1.58,1.43,0.0341,77.2,22.7,49.5,55.3,55.3
20260806T062528Z-205080b25390,2026-08-06T06:25:28+00:00,2026,0000007061,辛俊昇,統一7-ELEVEn獅,投手,投手,,,,,6,3,,,,,,0.2727,0.1364,,,,,,,3.0,6.0,7.0,0.0,18.0,4.33,0.5,0.0,41.7,27.3,25.3,33.2,33.2
20260806T062528Z-205080b25390,2026-08-06T06:25:28+00:00,2026,0000003393,王鏡銘,統一7-ELEVEn獅,投手,投手,,,,,1,1,,,,,,0.0667,0.0667,,,,,,,4.0,1.0,2.0,1.0,2.25,0.75,1.0,0.0667,91.7,13.3,48.5,59.1,59.1
20260806T062528Z-205080b25390,2026-08-06T06:25:28+00:00,2026,0000006222,劉予承,統一7-ELEVEn獅,投手,投手,,,,,0,2,,,,,,0.0,0.1429,,,,,,,2.333,1.0,6.0,0.0,3.86,2.57,0.0,0.0,79.3,28.6,50.0,57.8,57.8
20260806T062528Z-205080b25390,2026-08-06T06:25:28+00:00,2026,0000006860,劉家翔,樂天桃猿,投手,投手,,,,,6,9,,,,,,0.0779,0.1169,,,,,,,19.333,6.0,17.0,3.0,2.79,1.19,1.5,0.039,88.4,23.4,50.0,60.6,60.6
20260806T062528Z-205080b25390,2026-08-06T06:25:28+00:00,2026,0000007615,李柏毓,樂天桃猿,投手,投手,,,,,1,1,,,,,,0.0625,0.0625,,,,,,,3.667,1.0,5.0,0.0,2.45,1.64,1.0,0.0,86.8,12.5,48.9,56.9,56.9
20260806T062528Z-205080b25390,2026-08-06T06:25:28+00:00,2026,0000001603,王維中,台鋼雄鷹,投手,投手,,,,,6,12,,,,,,0.075,0.15,,,,,,,18.667,12.0,18.0,1.0,5.79,1.29,2.0,0.0125,81.8,30.0,52.9,60.2,60.2
20260806T062528Z-205080b25390,2026-08-06T06:25:28+00:00,2026,0000007290,張宥謙,統一7-ELEVEn獅,投手,投手,,,,,8,4,,,,,,0.1356,0.0678,,,,,,,13.333,7.0,13.0,0.0,4.73,1.58,0.5,0.0,82.5,13.6,39.0,52.2,52.2
20260806T062528Z-205080b25390,2026-08-06T06:25:28+00:00,2026,0000000368,游霆崴,富邦悍將,投手,投手,,,,,3,7,,,,,,0.0441,0.1029,,,,,,,16.0,6.0,17.0,0.0,3.38,1.25,2.33,0.0,86.9,20.6,57.7,61.6,61.6
20260806T062528Z-205080b25390,2026-08-06T06:25:28+00:00,2026,0000007568,王偉軒,富邦悍將,投手,投手,,,,,2,4,,,,,,0.125,0.25,,,,,,,4.0,0.0,2.0,0.0,0.0,1.0,2.0,0.0,95.0,50.0,47.9,69.6,69.6
20260806T062528Z-205080b25390,2026-08-06T06:25:28+00:00,2026,0000006750,陳暐皓,味全龍,投手,投手,,,,,1,2,,,,,,0.1,0.2,,,,,,,2.667,1.0,1.0,0.0,3.38,0.75,2.0,0.0,89.4,40.0,50.4,65.4,65.4
20260806T062528Z-205080b25390,2026-08-06T06:25:28+00:00,2026,0000006771,陳正毅,台鋼雄鷹,投手,投手,,,,,8,4,,,,,,0.1702,0.0851,,,,,,,7.667,4.0,13.0,0.0,4.7,2.74,0.5,0.0,76.7,17.0,35.6,49.4,49.4
20260806T062528Z-205080b25390,2026-08-06T06:25:28+00:00,2026,0000006922,黃紹睿,台鋼雄鷹,投手,投手,,,,,1,1,,,,,,0.1667,0.1667,,,,,,,1.0,3.0,1.0,0.0,27.0,2.0,1.0,0.0,35.0,33.3,38.5,35.6,35.6
20260806T062528Z-205080b25390,2026-08-06T06:25:28+00:00,2026,0000007279,鄧朝駿,中信兄弟,投手,投手,,,,,1,1,,,,,,0.0909,0.0909,,,,,,,2.0,3.0,4.0,0.0,13.5,2.5,1.0,0.0,60.0,18.2,46.1,45.4,45.4
20260806T062528Z-205080b25390,2026-08-06T06:25:28+00:00,2026,0000007090,林家勝,富邦悍將,投手,投手,,,,,3,3,,,,,,0.375,0.375,,,,,,,2.0,0.0,1.0,0.0,0.0,2.0,1.0,0.0,90.0,75.0,17.7,64.6,64.6
20260806T062528Z-205080b25390,2026-08-06T06:25:28+00:00,2026,0000002688,陳韻文,統一7-ELEVEn獅,投手,投手,,,,,0,3,,,,,,0.0,0.4286,,,,,,,2.0,0.0,1.0,0.0,0.0,0.5,0.0,0.0,97.5,85.7,50.0,80.3,80.3
20260806T062528Z-205080b25390,2026-08-06T06:25:28+00:00,2026,0000005282,姚杰宏,統一7-ELEVEn獅,投手,投手,,,,,0,0,,,,,,0.0,0.0,,,,,,,1.667,1.0,3.0,1.0,5.4,1.8,0.0,0.1429,80.0,0.0,50.0,51.0,51.0
20260806T062528Z-205080b25390,2026-08-06T06:25:28+00:00,2026,0000007303,黃子豪,台鋼雄鷹,投手,投手,,,,,3,8,,,,,,0.075,0.2,,,,,,,8.333,6.0,11.0,1.0,6.48,1.68,2.67,0.025,78.4,40.0,56.4,62.2,62.2
20260806T062528Z-205080b25390,2026-08-06T06:25:28+00:00,2026,0000006917,謝葆錡,台鋼雄鷹,投手,投手,,,,,0,1,,,,,,0.0,0.125,,,,,,,2.0,1.0,3.0,0.0,4.5,1.5,0.0,0.0,83.3,25.0,50.0,58.7,58.7
20260806T062528Z-205080b25390,2026-08-06T06:25:28+00:00,2026,0000006920,陳冠豪,台鋼雄鷹,投手,投手,,,,,2,0,,,,,,0.5,0.0,,,,,,,0.333,0.0,1.0,0.0,0.0,9.0,0.0,0.0,55.0,0.0,0.0,24.8,24.8
20260806T062528Z-205080b25390,2026-08-06T06:25:28+00:00,2026,0000007301,曾昱磬,台鋼雄鷹,投手,投手,,,,,0,0,,,,,,0.0,0.0,,,,,,,1.0,0.0,0.0,0.0,0.0,0.0,0.0,0.0,100.0,0.0,50.0,60.0,60.0
20260806T062528Z-205080b25390,2026-08-06T06:25:28+00:00,2026,0000007619,王奕翔,樂天桃猿,投手,投手,,,,,1,1,,,,,,0.25,0.25,,,,,,,1.0,0.0,0.0,0.0,0.0,1.0,1.0,0.0,95.0,50.0,30.2,64.3,64.3
20260806T062528Z-205080b25390,2026-08-06T06:25:28+00:00,2026,0000007793,榊原元稀,樂天桃猿,投手,投手,,,,,0,3,,,,,,0.0,0.1429,,,,,,,6.0,1.0,4.0,0.0,1.5,0.67,0.0,0.0,93.6,28.6,50.0,64.3,64.3
20260806T062528Z-205080b25390,2026-08-06T06:25:28+00:00,2026,0000003563,余德龍,樂天桃猿,投手,投手,,,,,0,2,,,,,,0.0,0.3333,,,,,,,1.0,1.0,3.0,1.0,9.0,3.0,0.0,0.1667,66.7,66.7,50.0,61.7,61.7
20260806T062528Z-205080b25390,2026-08-06T06:25:28+00:00,2026,0000006855,邱緯綸,樂天桃猿,投手,投手,,,,,1,2,,,,,,0.1667,0.3333,,,,,,,1.0,0.0,2.0,0.0,0.0,3.0,2.0,0.0,85.0,66.7,43.7,68.0,68.0
20260806T062528Z-205080b25390,2026-08-06T06:25:28+00:00,2026,0000007063,周彥農,統一7-ELEVEn獅,投手,投手,,,,,1,4,,,,,,0.0556,0.2222,,,,,,,4.0,2.0,6.0,0.0,4.5,1.75,4.0,0.0,82.1,44.4,65.2,67.6,67.6
20260806T062528Z-205080b25390,2026-08-06T06:25:28+00:00,2026,0000001412,江少慶,統一7-ELEVEn獅,投手,投手,,,,,2,4,,,,,,0.1818,0.3636,,,,,,,3.0,0.0,1.0,0.0,0.0,1.0,2.0,0.0,95.0,72.7,42.2,73.6,73.6
20260806T062528Z-205080b25390,2026-08-06T06:25:28+00:00,2026,0000006743,劉俊豪,富邦悍將,投手,投手,,,,,2,0,,,,,,0.2857,0.0,,,,,,,1.0,3.0,2.0,0.0,27.0,4.0,0.0,0.0,25.0,0.0,21.4,17.7,17.7
20260806T062528Z-205080b25390,2026-08-06T06:25:28+00:00,2026,0000006875,陳柏均,中信兄弟,投手,投手,,,,,1,2,,,,,,0.2,0.4,,,,,,,1.0,0.0,1.0,0.0,0.0,2.0,2.0,0.0,90.0,80.0,40.4,72.6,72.6
20260806T062528Z-205080b25390,2026-08-06T06:25:28+00:00,2026,0000007049,林暉盛,中信兄弟,投手,投手,,,,,4,2,,,,,,0.25,0.125,,,,,,,3.0,2.0,2.0,1.0,6.0,2.0,0.5,0.0625,77.8,25.0,27.6,49.5,49.5
20260806T062528Z-205080b25390,2026-08-06T06:25:28+00:00,2026,0000006236,楊鈺翔,味全龍,投手,投手,,,,,1,1,,,,,,0.0769,0.0769,,,,,,,3.333,0.0,3.0,0.0,0.0,1.2,1.0,0.0,94.0,15.4,47.5,60.4,60.4
20260806T062528Z-205080b25390,2026-08-06T06:25:28+00:00,2026,0000007295,陳鐿中,富邦悍將,投手,投手,,,,,0,2,,,,,,0.0,0.5,,,,,,,1.0,1.0,1.0,1.0,9.0,1.0,0.0,0.25,76.7,100.0,50.0,74.5,74.5
20260806T062528Z-205080b25390,2026-08-06T06:25:28+00:00,2026,0000006159,林逸達,味全龍,投手,投手,,,,,2,0,,,,,,0.4,0.0,,,,,,,1.0,0.0,0.0,0.0,0.0,2.0,0.0,0.0,90.0,0.0,10.0,43.5,43.5
20260806T144458Z-b151cf12daca,2026-08-06T14:44:58+00:00,2026,0000005549,郭天信,味全龍,打者,野手,349.0,314.0,90.0,9.0,24,29,0.287,0.339,0.42,0.759,0.133,0.0659,0.0831,0.0258,0.93,28.7,33.8,53.3,37.6,,,,,,,,,,,,,37.6
20260806T144458Z-b151cf12daca,2026-08-06T14:44:58+00:00,2026,0000006927,曾子祐,台鋼雄鷹,打者,野手,340.0,295.0,88.0,2.0,31,32,0.298,0.367,0.386,0.753,0.088,0.0912,0.0941,0.0059,1.06,29.8,17.9,58.7,35.3,,,,,,,,,,,,,35.3
20260806T144458Z-b151cf12daca,2026-08-06T14:44:58+00:00,2026,0000005542,張政禹,味全龍,打者,野手,289.0,257.0,72.0,1.0,27,37,0.28,0.346,0.335,0.681,0.055,0.0865,0.128,0.0035,0.73,28.000000000000004,11.1,53.4,31.2,,,,,,,,,,,,,31.2
20260806T144458Z-b151cf12daca,2026-08-06T14:44:58+00:00,2026,0000005545,劉基鴻,味全龍,打者,野手,333.0,306.0,72.0,5.0,22,49,0.235,0.294,0.337,0.631,0.102,0.0631,0.1471,0.015,0.53,23.5,24.0,46.5,30.7,,,,,,,,,,,,,30.7
20260806T144458Z-b151cf12daca,2026-08-06T14:44:58+00:00,2026,0000007239,魔鷹,台鋼雄鷹,打者,野手,329.0,289.0,85.0,14.0,33,54,0.294,0.362,0.54,0.902,0.246,0.079,0.1641,0.0426,0.63,29.4,60.5,49.8,45.7,,,,,,,,,,,,,45.7
20260806T144458Z-b151cf12daca,2026-08-06T14:44:58+00:00,2026,0000004633,陳晨威,樂天桃猿,打者,野手,320.0,284.0,84.0,6.0,29,28,0.296,0.356,0.408,0.764,0.112,0.0844,0.0875,0.0187,1.04,29.6,27.3,57.5,37.2,,,,,,,,,,,,,37.2
20260806T144458Z-b151cf12daca,2026-08-06T14:44:58+00:00,2026,0000005540,李凱威,味全龍,打者,野手,291.0,247.0,65.0,3.0,32,36,0.263,0.356,0.336,0.692,0.073,0.11,0.1237,0.0103,1.06,26.3,17.0,61.1,33.4,,,,,,,,,,,,,33.4
20260806T144458Z-b151cf12daca,2026-08-06T14:44:58+00:00,2026,0000002352,范國宸,富邦悍將,打者,野手,280.0,250.0,65.0,10.0,25,50,0.26,0.329,0.424,0.753,0.164,0.0821,0.1786,0.0357,0.54,26.0,43.2,48.9,38.1,,,,,,,,,,,,,38.1
20260806T144458Z-b151cf12daca,2026-08-06T14:44:58+00:00,2026,0000006240,馬傑森,樂天桃猿,打者,野手,263.0,236.0,57.0,1.0,9,33,0.242,0.286,0.309,0.595,0.067,0.0342,0.1255,0.0038,0.48,24.2,13.4,41.6,27.1,,,,,,,,,,,,,27.1
20260806T144458Z-b151cf12daca,2026-08-06T14:44:58+00:00,2026,0000007089,王念好,富邦悍將,打者,野手,260.0,226.0,47.0,6.0,31,63,0.208,0.304,0.35,0.654,0.142,0.1192,0.2423,0.0231,0.51,20.8,34.3,53.1,33.7,,,,,,,,,,,,,33.7
20260806T144458Z-b151cf12daca,2026-08-06T14:44:58+00:00,2026,0000002707,潘傑楷,統一7-ELEVEn獅,打者,野手,286.0,243.0,68.0,2.0,36,43,0.28,0.38,0.366,0.746,0.086,0.1259,0.1503,0.007,0.93,28.000000000000004,18.0,61.7,35.2,,,,,,,,,,,,,35.2
20260806T144458Z-b151cf12daca,2026-08-06T14:44:58+00:00,2026,0000001318,朱育賢,味全龍,打者,野手,307.0,275.0,66.0,11.0,18,61,0.24,0.306,0.393,0.699,0.153,0.0586,0.1987,0.0358,0.46,24.0,41.3,43.2,35.3,,,,,,,,,,,,,35.3
20260806T144458Z-b151cf12daca,2026-08-06T14:44:58+00:00,2026,0000007268,陳聖平,統一7-ELEVEn獅,打者,野手,250.0,229.0,51.0,4.0,13,34,0.223,0.265,0.319,0.584,0.096,0.052,0.136,0.016,0.44,22.3,23.4,44.0,28.9,,,,,,,,,,,,,28.9
20260806T144458Z-b151cf12daca,2026-08-06T14:44:58+00:00,2026,0000006854,宋嘉翔,樂天桃猿,打者,野手,206.0,189.0,40.0,2.0,6,34,0.212,0.241,0.254,0.495,0.042,0.0291,0.165,0.0097,0.24,21.2,11.3,36.9,23.2,,,,,,,,,,,,,23.2
20260806T144458Z-b151cf12daca,2026-08-06T14:44:58+00:00,2026,0000003649,吳念庭,台鋼雄鷹,打者,野手,298.0,255.0,75.0,0.0,39,31,0.294,0.386,0.353,0.739,0.059,0.1309,0.104,0.0,1.29,29.4,10.4,67.8,34.8,,,,,,,,,,,,,34.8
20260806T144458Z-b151cf12daca,2026-08-06T14:44:58+00:00,2026,0000000935,王柏融,台鋼雄鷹,打者,野手,270.0,243.0,64.0,6.0,17,56,0.263,0.319,0.391,0.71,0.128,0.063,0.2074,0.0222,0.39,26.3,31.5,43.0,34.0,,,,,,,,,,,,,34.0
20260806T144458Z-b151cf12daca,2026-08-06T14:44:58+00:00,2026,0000004645,戴培峰,富邦悍將,打者,野手,202.0,170.0,36.0,1.0,25,27,0.212,0.313,0.276,0.589,0.064,0.1238,0.1337,0.005,0.96,21.2,13.3,62.2,29.5,,,,,,,,,,,,,29.5
20260806T144458Z-b151cf12daca,2026-08-06T14:44:58+00:00,2026,0000006888,張育成,富邦悍將,打者,野手,288.0,243.0,74.0,12.0,35,50,0.305,0.403,0.523,0.926,0.218,0.1146,0.1736,0.0417,0.84,30.5,55.2,58.0,46.7,,,,,,,,,,,,,46.7
20260806T144458Z-b151cf12daca,2026-08-06T14:44:58+00:00,2026,0000007079,劉俊緯,味全龍,打者,野手,211.0,191.0,51.0,2.0,13,27,0.267,0.321,0.346,0.667,0.079,0.0569,0.128,0.0095,0.59,26.700000000000003,17.8,46.7,30.9,,,,,,,,,,,,,30.9
20260806T144458Z-b151cf12daca,2026-08-06T14:44:58+00:00,2026,0000006223,林子豪,統一7-ELEVEn獅,打者,野手,232.0,214.0,58.0,2.0,15,34,0.271,0.319,0.369,0.688,0.098,0.0647,0.1466,0.0086,0.47,27.1,20.8,46.2,32.0,,,,,,,,,,,,,32.0
20260806T144458Z-b151cf12daca,2026-08-06T14:44:58+00:00,2026,0000001474,蘇智傑,統一7-ELEVEn獅,打者,野手,273.0,252.0,66.0,8.0,15,30,0.262,0.308,0.425,0.733,0.163,0.0549,0.1099,0.0293,0.6,26.200000000000003,40.5,47.0,36.9,,,,,,,,,,,,,36.9
20260806T144458Z-b151cf12daca,2026-08-06T14:44:58+00:00,2026,0000000929,王威晨,中信兄弟,打者,野手,252.0,231.0,61.0,1.0,17,25,0.264,0.317,0.338,0.655,0.074,0.0675,0.0992,0.004,0.76,26.4,14.7,51.3,30.7,,,,,,,,,,,,,30.7
20260806T144458Z-b151cf12daca,2026-08-06T14:44:58+00:00,2026,0000001618,林子偉,樂天桃猿,打者,野手,274.0,253.0,64.0,3.0,13,33,0.253,0.293,0.344,0.637,0.091,0.0474,0.1204,0.0109,0.45,25.3,20.4,43.8,30.0,,,,,,,,,,,,,30.0
20260806T144458Z-b151cf12daca,2026-08-06T14:44:58+00:00,2026,0000005531,邱智呈,統一7-ELEVEn獅,打者,野手,246.0,206.0,52.0,3.0,36,33,0.252,0.374,0.34,0.714,0.088,0.1463,0.1341,0.0122,1.21,25.2,20.4,68.7,35.5,,,,,,,,,,,,,35.5
20260806T144458Z-b151cf12daca,2026-08-06T14:44:58+00:00,2026,0000000743,陳子豪,味全龍,打者,野手,241.0,212.0,39.0,3.0,25,46,0.184,0.274,0.278,0.552,0.094,0.1037,0.1909,0.0124,0.59,18.4,21.6,52.9,28.4,,,,,,,,,,,,,28.4
20260806T144458Z-b151cf12daca,2026-08-06T14:44:58+00:00,2026,0000005340,王博玄,台鋼雄鷹,打者,野手,241.0,221.0,69.0,1.0,11,43,0.312,0.349,0.353,0.702,0.041,0.0456,0.1784,0.0041,0.3,31.2,8.9,40.0,29.8,,,,,,,,,,,,,29.8
20260806T144458Z-b151cf12daca,2026-08-06T14:44:58+00:00,2026,0000002285,高宇杰,中信兄弟,打者,野手,222.0,195.0,53.0,0.0,17,33,0.272,0.33,0.282,0.612,0.01,0.0766,0.1486,0.0,0.55,27.200000000000003,1.8,49.1,26.9,,,,,,,,,,,,,26.9
20260806T144458Z-b151cf12daca,2026-08-06T14:44:58+00:00,2026,0000006235,林政華,樂天桃猿,打者,野手,197.0,167.0,41.0,2.0,15,34,0.246,0.321,0.311,0.632,0.065,0.0761,0.1726,0.0102,0.56,24.6,15.6,48.3,29.5,,,,,,,,,,,,,29.5
20260806T144458Z-b151cf12daca,2026-08-06T14:44:58+00:00,2026,0000006216,王順和,味全龍,打者,野手,221.0,191.0,54.0,3.0,21,59,0.283,0.368,0.408,0.776,0.125,0.095,0.267,0.0136,0.46,28.3,27.5,47.4,35.7,,,,,,,,,,,,,35.7
20260806T144458Z-b151cf12daca,2026-08-06T14:44:58+00:00,2026,0000005571,岳政華,中信兄弟,打者,野手,248.0,214.0,48.0,3.0,20,49,0.224,0.297,0.322,0.619,0.098,0.0806,0.1976,0.0121,0.47,22.4,22.2,47.3,29.9,,,,,,,,,,,,,29.9
20260806T144458Z-b151cf12daca,2026-08-06T14:44:58+00:00,2026,0000006730,張仁瑋,中信兄弟,打者,野手,252.0,233.0,76.0,3.0,14,28,0.326,0.36,0.425,0.785,0.099,0.0556,0.1111,0.0119,0.5,32.6,22.3,46.1,35.6,,,,,,,,,,,,,35.6
20260806T144458Z-b151cf12daca,2026-08-06T14:44:58+00:00,2026,0000006929,紀慶然,台鋼雄鷹,打者,野手,190.0,174.0,44.0,0.0,14,32,0.253,0.307,0.282,0.589,0.029,0.0737,0.1684,0.0,0.44,25.3,5.1,46.8,26.4,,,,,,,,,,,,,26.4
20260806T144458Z-b151cf12daca,2026-08-06T14:44:58+00:00,2026,0000005298,黃韋盛,中信兄弟,打者,野手,223.0,200.0,49.0,2.0,19,35,0.245,0.309,0.335,0.644,0.09,0.0852,0.157,0.009,0.57,24.5,19.5,50.5,30.9,,,,,,,,,,,,,30.9
20260806T144458Z-b151cf12daca,2026-08-06T14:44:58+00:00,2026,0000005522,朱迦恩,統一7-ELEVEn獅,打者,野手,209.0,189.0,57.0,4.0,12,47,0.302,0.353,0.439,0.792,0.137,0.0574,0.2249,0.0191,0.34,30.2,31.8,40.9,36.4,,,,,,,,,,,,,36.4
20260806T144458Z-b151cf12daca,2026-08-06T14:44:58+00:00,2026,0000002291,岳東華,中信兄弟,打者,野手,219.0,197.0,57.0,2.0,16,38,0.289,0.346,0.411,0.757,0.122,0.0731,0.1735,0.0091,0.47,28.9,25.2,46.8,34.9,,,,,,,,,,,,,34.9
20260806T144458Z-b151cf12daca,2026-08-06T14:44:58+00:00,2026,0000006225,宋晟睿,中信兄弟,打者,野手,202.0,176.0,46.0,5.0,15,35,0.261,0.33,0.432,0.762,0.171,0.0743,0.1733,0.0248,0.57,26.1,40.1,48.0,37.6,,,,,,,,,,,,,37.6
20260806T144458Z-b151cf12daca,2026-08-06T14:44:58+00:00,2026,0000007076,李勛傑,樂天桃猿,打者,野手,212.0,185.0,45.0,6.0,24,64,0.243,0.33,0.395,0.725,0.152,0.1132,0.3019,0.0283,0.39,24.3,38.2,48.7,36.1,,,,,,,,,,,,,36.1
20260806T144458Z-b151cf12daca,2026-08-06T14:44:58+00:00,2026,0000004636,江坤宇,中信兄弟,打者,野手,238.0,201.0,56.0,2.0,19,24,0.279,0.365,0.353,0.718,0.074,0.0798,0.1008,0.0084,1.17,27.9,16.4,57.5,33.6,,,,,,,,,,,,,33.6
20260806T144458Z-b151cf12daca,2026-08-06T14:44:58+00:00,2026,0000002298,陳重羽,統一7-ELEVEn獅,打者,野手,194.0,162.0,45.0,0.0,21,28,0.278,0.369,0.321,0.69,0.043,0.1082,0.1443,0.0,0.86,27.800000000000004,7.6,58.0,31.3,,,,,,,,,,,,,31.3
20260806T144458Z-b151cf12daca,2026-08-06T14:44:58+00:00,2026,0000000772,陳文杰,台鋼雄鷹,打者,野手,274.0,247.0,73.0,1.0,20,32,0.296,0.357,0.397,0.754,0.101,0.073,0.1168,0.0036,0.75,29.6,19.3,51.6,34.5,,,,,,,,,,,,,34.5
20260806T144458Z-b151cf12daca,2026-08-06T14:44:58+00:00,2026,0000006736,王苡丞,富邦悍將,打者,野手,222.0,205.0,55.0,4.0,11,40,0.268,0.312,0.371,0.683,0.103,0.0495,0.1802,0.018,0.35,26.8,25.4,41.1,32.0,,,,,,,,,,,,,32.0
20260806T144458Z-b151cf12daca,2026-08-06T14:44:58+00:00,2026,0000005291,蔣少宏,味全龍,打者,野手,175.0,165.0,37.0,2.0,5,32,0.224,0.259,0.309,0.568,0.085,0.0286,0.1829,0.0114,0.25,22.4,19.6,36.2,26.6,,,,,,,,,,,,,26.6
20260806T144458Z-b151cf12daca,2026-08-06T14:44:58+00:00,2026,0000003467,林泓育,樂天桃猿,打者,野手,232.0,216.0,58.0,1.0,13,34,0.269,0.31,0.366,0.676,0.097,0.056,0.1466,0.0043,0.41,26.9,18.9,44.0,31.0,,,,,,,,,,,,,31.0
20260806T144458Z-b151cf12daca,2026-08-06T14:44:58+00:00,2026,0000007301,曾昱磬,台鋼雄鷹,打者,野手,173.0,130.0,24.0,1.0,34,28,0.185,0.371,0.215,0.586,0.03,0.1965,0.1618,0.0058,1.39,18.5,7.6,78.6,30.2,,,,,,,,,,,,,30.2
20260806T144458Z-b151cf12daca,2026-08-06T14:44:58+00:00,2026,0000001804,陳傑憲,統一7-ELEVEn獅,打者,野手,234.0,196.0,64.0,4.0,31,20,0.327,0.411,0.429,0.84,0.102,0.1154,0.0855,0.0171,1.55,32.7,24.9,68.3,40.7,,,,,,,,,,,,,40.7
20260806T144458Z-b151cf12daca,2026-08-06T14:44:58+00:00,2026,0000003345,林智平,樂天桃猿,打者,野手,201.0,185.0,53.0,1.0,11,20,0.286,0.335,0.341,0.676,0.055,0.0498,0.0995,0.005,0.7,28.6,11.7,47.5,30.4,,,,,,,,,,,,,30.4
20260806T144458Z-b151cf12daca,2026-08-06T14:44:58+00:00,2026,0000005510,林澤彬,富邦悍將,打者,野手,206.0,176.0,53.0,0.0,16,16,0.301,0.359,0.375,0.734,0.074,0.0777,0.0777,0.0,1.13,30.1,13.1,57.6,33.8,,,,,,,,,,,,,33.8
20260806T144458Z-b151cf12daca,2026-08-06T14:44:58+00:00,2026,0000006738,孔念恩,富邦悍將,打者,野手,196.0,183.0,57.0,1.0,5,47,0.311,0.327,0.415,0.742,0.104,0.0255,0.2398,0.0051,0.15,31.1,20.4,32.7,31.9,,,,,,,,,,,,,31.9
20260806T144458Z-b151cf12daca,2026-08-06T14:44:58+00:00,2026,0000006806,池恩齊,富邦悍將,打者,野手,197.0,177.0,39.0,0.0,11,54,0.22,0.265,0.26,0.525,0.04,0.0558,0.2741,0.0,0.2,22.0,7.1,37.5,23.3,,,,,,,,,,,,,23.3
20260806T144458Z-b151cf12daca,2026-08-06T14:44:58+00:00,2026,0000007071,林泓弦,統一7-ELEVEn獅,打者,野手,122.0,111.0,23.0,0.0,8,15,0.207,0.267,0.261,0.528,0.054,0.0656,0.123,0.0,0.6,20.7,9.6,48.5,25.2,,,,,,,,,,,,,25.2
20260806T144458Z-b151cf12daca,2026-08-06T14:44:58+00:00,2026,0000002297,詹子賢,中信兄弟,打者,野手,204.0,186.0,47.0,2.0,16,29,0.253,0.314,0.339,0.653,0.086,0.0784,0.1422,0.0098,0.59,25.3,19.1,50.0,31.1,,,,,,,,,,,,,31.1
20260806T144458Z-b151cf12daca,2026-08-06T14:44:58+00:00,2026,0000001291,郭阜林,台鋼雄鷹,打者,野手,150.0,140.0,35.0,1.0,7,32,0.25,0.3,0.307,0.607,0.057,0.0467,0.2133,0.0067,0.31,25.0,12.8,39.0,27.1,,,,,,,,,,,,,27.1
20260806T144458Z-b151cf12daca,2026-08-06T14:44:58+00:00,2026,0000001258,劉時豪,台鋼雄鷹,打者,野手,162.0,131.0,31.0,1.0,22,21,0.237,0.375,0.282,0.657,0.045,0.1358,0.1296,0.0062,1.38,23.7,10.4,68.7,31.9,,,,,,,,,,,,,31.9
20260806T144458Z-b151cf12daca,2026-08-06T14:44:58+00:00,2026,0000006217,林辰勳,味全龍,打者,野手,115.0,98.0,26.0,0.0,8,23,0.265,0.309,0.316,0.625,0.051,0.0696,0.2,0.0,0.35,26.5,9.0,44.0,27.8,,,,,,,,,,,,,27.8
20260806T144458Z-b151cf12daca,2026-08-06T14:44:58+00:00,2026,0000007018,劉子杰,樂天桃猿,打者,野手,174.0,166.0,42.0,1.0,6,14,0.253,0.277,0.307,0.584,0.054,0.0345,0.0805,0.0057,0.43,25.3,11.8,42.7,27.0,,,,,,,,,,,,,27.0
20260806T144458Z-b151cf12daca,2026-08-06T14:44:58+00:00,2026,0000004641,李丞齡,統一7-ELEVEn獅,打者,野手,135.0,129.0,31.0,3.0,5,22,0.24,0.267,0.326,0.593,0.086,0.037,0.163,0.0222,0.23,24.0,24.0,38.3,28.7,,,,,,,,,,,,,28.7
20260806T144458Z-b151cf12daca,2026-08-06T14:44:58+00:00,2026,0000000362,申皓瑋,富邦悍將,打者,野手,165.0,148.0,35.0,2.0,11,40,0.236,0.303,0.324,0.627,0.088,0.0667,0.2424,0.0121,0.38,23.6,20.4,42.3,29.3,,,,,,,,,,,,,29.3
20260806T144458Z-b151cf12daca,2026-08-06T14:44:58+00:00,2026,0000002307,王政順,中信兄弟,打者,野手,128.0,110.0,27.0,0.0,12,28,0.245,0.331,0.264,0.595,0.019,0.0938,0.2188,0.0,0.54,24.5,3.4,49.6,26.4,,,,,,,,,,,,,26.4
20260806T144458Z-b151cf12daca,2026-08-06T14:44:58+00:00,2026,0000003609,陳俊秀,中信兄弟,打者,野手,170.0,142.0,35.0,3.0,26,32,0.246,0.359,0.345,0.704,0.099,0.1529,0.1882,0.0176,0.81,24.6,24.5,64.0,35.3,,,,,,,,,,,,,35.3
20260806T144458Z-b151cf12daca,2026-08-06T14:44:58+00:00,2026,0000007288,何品室融,樂天桃猿,打者,野手,143.0,124.0,23.0,1.0,13,35,0.185,0.287,0.25,0.537,0.065,0.0909,0.2448,0.007,0.51,18.5,14.3,47.9,25.8,,,,,,,,,,,,,25.8
20260806T144458Z-b151cf12daca,2026-08-06T14:44:58+00:00,2026,0000007064,陳世嘉,台鋼雄鷹,打者,野手,87.0,79.0,8.0,0.0,3,15,0.101,0.155,0.114,0.269,0.013,0.0345,0.1724,0.0,0.33,10.1,2.3,38.5,14.3,,,,,,,,,,,,,14.3
20260806T144458Z-b151cf12daca,2026-08-06T14:44:58+00:00,2026,0000007085,張士綸,中信兄弟,打者,野手,175.0,162.0,51.0,1.0,8,17,0.315,0.341,0.364,0.705,0.049,0.0457,0.0971,0.0057,0.47,31.5,10.9,44.5,31.0,,,,,,,,,,,,,31.0
20260806T144458Z-b151cf12daca,2026-08-06T14:44:58+00:00,2026,0000000159,成晉,樂天桃猿,打者,野手,122.0,106.0,22.0,0.0,7,15,0.208,0.294,0.236,0.53,0.028,0.0574,0.123,0.0,0.87,20.8,5.0,49.7,24.5,,,,,,,,,,,,,24.5
20260806T144458Z-b151cf12daca,2026-08-06T14:44:58+00:00,2026,0000006868,周佳樂,富邦悍將,打者,野手,38.0,34.0,7.0,0.0,4,7,0.206,0.289,0.294,0.583,0.088,0.1053,0.1842,0.0,0.57,20.6,15.6,53.2,28.3,,,,,,,,,,,,,28.3
20260806T144458Z-b151cf12daca,2026-08-06T14:44:58+00:00,2026,0000003625,吉力吉撈．鞏冠,味全龍,打者,野手,143.0,123.0,29.0,2.0,15,32,0.236,0.329,0.317,0.646,0.081,0.0979,0.2238,0.014,0.56,23.6,19.9,50.4,30.8,,,,,,,,,,,,,30.8
20260806T144458Z-b151cf12daca,2026-08-06T14:44:58+00:00,2026,0000007278,許庭綸,中信兄弟,打者,野手,96.0,84.0,15.0,1.0,7,15,0.179,0.271,0.286,0.557,0.107,0.0729,0.1563,0.0104,0.73,17.9,23.1,50.0,28.2,,,,,,,,,,,,,28.2
20260806T144458Z-b151cf12daca,2026-08-06T14:44:58+00:00,2026,0000007302,宋柏翰,台鋼雄鷹,打者,野手,88.0,73.0,19.0,2.0,10,17,0.26,0.333,0.411,0.744,0.151,0.1136,0.1932,0.0227,0.59,26.0,35.8,54.6,37.3,,,,,,,,,,,,,37.3
20260806T144458Z-b151cf12daca,2026-08-06T14:44:58+00:00,2026,0000006716,張翔,統一7-ELEVEn獅,打者,野手,88.0,85.0,19.0,1.0,2,17,0.224,0.25,0.318,0.568,0.094,0.0227,0.1932,0.0114,0.18,22.4,21.2,34.1,26.6,,,,,,,,,,,,,26.6
20260806T144458Z-b151cf12daca,2026-08-06T14:44:58+00:00,2026,0000005569,曾頌恩,中信兄弟,打者,野手,96.0,85.0,20.0,3.0,10,18,0.235,0.313,0.365,0.678,0.13,0.1042,0.1875,0.0312,0.56,23.5,35.4,52.8,35.0,,,,,,,,,,,,,35.0
20260806T144458Z-b151cf12daca,2026-08-06T14:44:58+00:00,2026,0000001119,許基宏,中信兄弟,打者,野手,132.0,108.0,20.0,0.0,20,29,0.185,0.326,0.25,0.576,0.065,0.1515,0.2197,0.0,0.79,18.5,11.5,62.5,28.3,,,,,,,,,,,,,28.3
20260806T144458Z-b151cf12daca,2026-08-06T14:44:58+00:00,2026,0000007037,張皓崴,統一7-ELEVEn獅,打者,野手,64.0,59.0,21.0,0.0,5,9,0.356,0.406,0.441,0.847,0.085,0.0781,0.1406,0.0,0.56,35.6,15.1,49.7,36.7,,,,,,,,,,,,,36.7
20260806T144458Z-b151cf12daca,2026-08-06T14:44:58+00:00,2026,0000006737,董子恩,富邦悍將,打者,野手,121.0,110.0,31.0,0.0,8,8,0.282,0.333,0.355,0.688,0.073,0.0661,0.0661,0.0,1.13,28.2,12.9,55.9,32.1,,,,,,,,,,,,,32.1
20260806T144458Z-b151cf12daca,2026-08-06T14:44:58+00:00,2026,0000006725,張祐嘉,味全龍,打者,野手,62.0,59.0,15.0,0.0,1,16,0.254,0.279,0.271,0.55,0.017,0.0161,0.2581,0.0,0.13,25.4,3.0,30.2,22.6,,,,,,,,,,,,,22.6
20260806T144458Z-b151cf12daca,2026-08-06T14:44:58+00:00,2026,0000000132,梁家榮,樂天桃猿,打者,野手,107.0,96.0,21.0,0.0,10,16,0.219,0.292,0.292,0.584,0.073,0.0935,0.1495,0.0,0.63,21.9,12.9,52.9,28.0,,,,,,,,,,,,,28.0
20260806T144458Z-b151cf12daca,2026-08-06T14:44:58+00:00,2026,0000004032,嚴宏鈞,樂天桃猿,打者,野手,44.0,34.0,5.0,0.0,3,12,0.147,0.256,0.206,0.462,0.059,0.0682,0.2727,0.0,0.42,14.7,10.4,41.9,21.7,,,,,,,,,,,,,21.7
20260806T144458Z-b151cf12daca,2026-08-06T14:44:58+00:00,2026,0000006851,林培緯,統一7-ELEVEn獅,打者,野手,93.0,88.0,19.0,0.0,3,20,0.216,0.247,0.273,0.52,0.057,0.0323,0.2151,0.0,0.2,21.6,10.1,35.3,23.3,,,,,,,,,,,,,23.3
20260806T144458Z-b151cf12daca,2026-08-06T14:44:58+00:00,2026,0000006861,蔡佳諺,富邦悍將,打者,野手,54.0,52.0,10.0,0.0,1,16,0.192,0.204,0.192,0.396,0.0,0.0185,0.2963,0.0,0.06,19.2,0.0,28.6,17.0,,,,,,,,,,,,,17.0
20260806T144458Z-b151cf12daca,2026-08-06T14:44:58+00:00,2026,0000006743,劉俊豪,富邦悍將,打者,野手,29.0,24.0,4.0,0.0,4,4,0.167,0.286,0.167,0.453,0.0,0.1379,0.1379,0.0,1.0,16.7,0.0,65.0,23.3,,,,,,,,,,,,,23.3
20260806T144458Z-b151cf12daca,2026-08-06T14:44:58+00:00,2026,0000007304,曾聖安,味全龍,打者,野手,81.0,70.0,12.0,1.0,9,21,0.171,0.263,0.214,0.477,0.043,0.1111,0.2593,0.0123,0.43,17.1,12.5,50.2,24.2,,,,,,,,,,,,,24.2
20260806T144458Z-b151cf12daca,2026-08-06T14:44:58+00:00,2026,0000006229,葉子霆,富邦悍將,打者,野手,81.0,67.0,11.0,0.0,4,8,0.164,0.234,0.224,0.458,0.06,0.0494,0.0988,0.0,0.88,16.400000000000002,10.6,49.2,23.1,,,,,,,,,,,,,23.1
20260806T144458Z-b151cf12daca,2026-08-06T14:44:58+00:00,2026,0000004642,林靖凱,統一7-ELEVEn獅,打者,野手,63.0,58.0,7.0,1.0,3,10,0.121,0.177,0.172,0.349,0.051,0.0476,0.1587,0.0159,0.4,12.1,15.3,42.0,19.6,,,,,,,,,,,,,19.6
20260806T144458Z-b151cf12daca,2026-08-06T14:44:58+00:00,2026,0000006936,高聖恩,台鋼雄鷹,打者,野手,53.0,49.0,13.0,0.0,1,15,0.265,0.288,0.286,0.574,0.021,0.0189,0.283,0.0,0.13,26.5,3.7,29.8,23.4,,,,,,,,,,,,,23.4
20260806T144458Z-b151cf12daca,2026-08-06T14:44:58+00:00,2026,0000005548,林孝程,味全龍,打者,野手,44.0,38.0,9.0,0.0,5,11,0.237,0.341,0.316,0.657,0.079,0.1136,0.25,0.0,0.55,23.7,14.0,52.2,30.2,,,,,,,,,,,,,30.2
20260806T144458Z-b151cf12daca,2026-08-06T14:44:58+00:00,2026,0000005336,童堉誠,富邦悍將,打者,野手,89.0,72.0,17.0,0.0,12,26,0.236,0.371,0.278,0.649,0.042,0.1348,0.2921,0.0,0.62,23.6,7.4,55.2,29.1,,,,,,,,,,,,,29.1
20260806T144458Z-b151cf12daca,2026-08-06T14:44:58+00:00,2026,0000007070,林佳緯,統一7-ELEVEn獅,打者,野手,92.0,89.0,15.0,0.0,2,27,0.169,0.196,0.18,0.376,0.011,0.0217,0.2935,0.0,0.11,16.900000000000002,1.9,29.7,16.7,,,,,,,,,,,,,16.7
20260806T144458Z-b151cf12daca,2026-08-06T14:44:58+00:00,2026,0000001473,李宗賢,富邦悍將,打者,野手,64.0,58.0,13.0,0.0,5,8,0.224,0.297,0.259,0.556,0.035,0.0781,0.125,0.0,0.75,22.4,6.2,52.2,26.1,,,,,,,,,,,,,26.1
20260806T144458Z-b151cf12daca,2026-08-06T14:44:58+00:00,2026,0000006939,顏郁軒,台鋼雄鷹,打者,野手,64.0,56.0,8.0,2.0,2,11,0.143,0.197,0.25,0.447,0.107,0.0313,0.1719,0.0312,0.36,14.3,31.3,38.2,24.9,,,,,,,,,,,,,24.9
20260806T144458Z-b151cf12daca,2026-08-06T14:44:58+00:00,2026,0000001754,林書逸,富邦悍將,打者,野手,51.0,45.0,10.0,0.0,5,15,0.222,0.3,0.311,0.611,0.089,0.098,0.2941,0.0,0.33,22.2,15.8,45.6,28.2,,,,,,,,,,,,,28.2
20260806T144458Z-b151cf12daca,2026-08-06T14:44:58+00:00,2026,0000002289,陳重廷,統一7-ELEVEn獅,打者,野手,42.0,42.0,8.0,0.0,0,7,0.19,0.19,0.238,0.428,0.048,0.0,0.1667,0.0,0.0,19.0,8.5,29.2,19.5,,,,,,,,,,,,,19.5
20260806T144458Z-b151cf12daca,2026-08-06T14:44:58+00:00,2026,0000006928,林家鋐,台鋼雄鷹,打者,野手,51.0,39.0,7.0,0.0,6,11,0.179,0.34,0.179,0.519,0.0,0.1176,0.2157,0.0,0.91,17.9,0.0,57.7,23.9,,,,,,,,,,,,,23.9
20260806T144458Z-b151cf12daca,2026-08-06T14:44:58+00:00,2026,0000003563,余德龍,樂天桃猿,打者,野手,40.0,34.0,4.0,1.0,2,10,0.118,0.162,0.206,0.368,0.088,0.05,0.25,0.025,0.2,11.8,25.5,37.2,21.3,,,,,,,,,,,,,21.3
20260806T144458Z-b151cf12daca,2026-08-06T14:44:58+00:00,2026,0000001606,林岱安,富邦悍將,打者,野手,31.0,29.0,1.0,0.0,1,7,0.034,0.067,0.034,0.101,0.0,0.0323,0.2258,0.0,0.14,3.4000000000000004,0.0,34.3,8.1,,,,,,,,,,,,,8.1
20260806T144458Z-b151cf12daca,2026-08-06T14:44:58+00:00,2026,0000002286,林立,樂天桃猿,打者,野手,83.0,79.0,24.0,1.0,2,8,0.304,0.321,0.405,0.726,0.101,0.012,0.0964,0.012,0.25,30.4,22.7,36.3,32.4,,,,,,,,,,,,,32.4
20260806T144458Z-b151cf12daca,2026-08-06T14:44:58+00:00,2026,0000002661,陳鏞基,統一7-ELEVEn獅,打者,野手,57.0,52.0,14.0,0.0,5,7,0.269,0.333,0.269,0.602,0.0,0.0877,0.1228,0.0,0.71,26.9,0.0,53.6,27.0,,,,,,,,,,,,,27.0
20260806T144458Z-b151cf12daca,2026-08-06T14:44:58+00:00,2026,0000000361,張洺瑀,富邦悍將,打者,野手,74.0,63.0,14.0,0.0,11,18,0.222,0.338,0.27,0.608,0.048,0.1486,0.2432,0.0,0.61,22.2,8.5,59.3,28.7,,,,,,,,,,,,,28.7
20260806T144458Z-b151cf12daca,2026-08-06T14:44:58+00:00,2026,0000005546,拿莫．伊漾,味全龍,打者,野手,34.0,30.0,9.0,3.0,3,11,0.3,0.382,0.667,1.049,0.367,0.0882,0.3235,0.0882,0.36,30.0,100.0,43.2,56.1,,,,,,,,,,,,,56.1
20260806T144458Z-b151cf12daca,2026-08-06T14:44:58+00:00,2026,0000006872,林岳谷,富邦悍將,打者,野手,66.0,59.0,17.0,0.0,4,9,0.288,0.328,0.322,0.65,0.034,0.0606,0.1364,0.0,0.44,28.8,6.0,45.5,28.4,,,,,,,,,,,,,28.4
20260806T144458Z-b151cf12daca,2026-08-06T14:44:58+00:00,2026,0000000153,林承飛,樂天桃猿,打者,野手,69.0,64.0,12.0,0.0,4,13,0.188,0.235,0.203,0.438,0.015,0.058,0.1884,0.0,0.31,18.8,2.7,41.9,20.4,,,,,,,,,,,,,20.4
20260806T144458Z-b151cf12daca,2026-08-06T14:44:58+00:00,2026,0000005306,許哲晏,統一7-ELEVEn獅,打者,野手,49.0,41.0,3.0,0.0,4,6,0.073,0.149,0.098,0.247,0.025,0.0816,0.1224,0.0,0.67,7.3,4.4,52.1,15.7,,,,,,,,,,,,,15.7
20260806T144458Z-b151cf12daca,2026-08-06T14:44:58+00:00,2026,0000007589,許賀捷,樂天桃猿,打者,野手,29.0,25.0,1.0,0.0,3,9,0.04,0.143,0.04,0.183,0.0,0.1034,0.3103,0.0,0.33,4.0,0.0,46.1,11.8,,,,,,,,,,,,,11.8
20260806T144458Z-b151cf12daca,2026-08-06T14:44:58+00:00,2026,0000003533,藍寅倫,台鋼雄鷹,打者,野手,43.0,38.0,13.0,1.0,4,8,0.342,0.395,0.421,0.816,0.079,0.093,0.186,0.0233,0.5,34.2,23.2,50.2,37.4,,,,,,,,,,,,,37.4
20260806T144458Z-b151cf12daca,2026-08-06T14:44:58+00:00,2026,BAT0001,邦力多,富邦悍將,打者,野手,75.0,70.0,16.0,0.0,5,13,0.229,0.28,0.271,0.551,0.042,0.0667,0.1733,0.0,0.38,22.9,7.4,44.7,25.2,,,,,,,,,,,,,25.2
20260806T144458Z-b151cf12daca,2026-08-06T14:44:58+00:00,2026,0000006726,李展毅,味全龍,打者,野手,54.0,50.0,12.0,0.0,4,12,0.24,0.296,0.34,0.636,0.1,0.0741,0.2222,0.0,0.33,24.0,17.7,43.9,29.2,,,,,,,,,,,,,29.2
20260806T144458Z-b151cf12daca,2026-08-06T14:44:58+00:00,2026,0000007591,張育豪,富邦悍將,打者,野手,40.0,33.0,6.0,0.0,4,13,0.182,0.27,0.212,0.482,0.03,0.1,0.325,0.0,0.31,18.2,5.3,44.7,22.2,,,,,,,,,,,,,22.2
20260806T144458Z-b151cf12daca,2026-08-06T14:44:58+00:00,2026,0000006847,田子杰,統一7-ELEVEn獅,打者,野手,54.0,50.0,9.0,1.0,3,13,0.18,0.226,0.28,0.506,0.1,0.0556,0.2407,0.0185,0.23,18.0,25.1,38.9,25.8,,,,,,,,,,,,,25.8
20260806T144458Z-b151cf12daca,2026-08-06T14:44:58+00:00,2026,0000006879,冉皓燐,味全龍,打者,野手,24.0,23.0,4.0,0.0,1,5,0.174,0.208,0.217,0.425,0.043,0.0417,0.2083,0.0,0.2,17.4,7.6,37.2,20.1,,,,,,,,,,,,,20.1
20260806T144458Z-b151cf12daca,2026-08-06T14:44:58+00:00,2026,0000006732,陳統恩,中信兄弟,打者,野手,32.0,27.0,4.0,0.0,4,4,0.148,0.281,0.148,0.429,0.0,0.125,0.125,0.0,1.25,14.8,0.0,65.6,22.5,,,,,,,,,,,,,22.5
20260806T144458Z-b151cf12daca,2026-08-06T14:44:58+00:00,2026,0000005333,湯家豪,台鋼雄鷹,打者,野手,27.0,22.0,6.0,0.0,5,3,0.273,0.407,0.273,0.68,0.0,0.1852,0.1111,0.0,1.67,27.3,0.0,81.1,32.9,,,,,,,,,,,,,32.9
20260806T144458Z-b151cf12daca,2026-08-06T14:44:58+00:00,2026,0000006858,陳佳樂,樂天桃猿,打者,野手,56.0,52.0,9.0,1.0,1,12,0.173,0.214,0.231,0.445,0.058,0.0179,0.2143,0.0179,0.25,17.299999999999997,17.4,33.2,21.9,,,,,,,,,,,,,21.9
20260806T144458Z-b151cf12daca,2026-08-06T14:44:58+00:00,2026,0000007631,朱盟,台鋼雄鷹,打者,野手,28.0,27.0,4.0,0.0,0,6,0.148,0.148,0.185,0.333,0.037,0.0,0.2143,0.0,0.0,14.8,6.6,27.5,15.9,,,,,,,,,,,,,15.9
20260806T144458Z-b151cf12daca,2026-08-06T14:44:58+00:00,2026,0000006843,潘磊,統一7-ELEVEn獅,打者,野手,39.0,37.0,5.0,1.0,0,11,0.135,0.154,0.216,0.37,0.081,0.0,0.2821,0.0256,0.09,13.5,24.5,26.0,19.8,,,,,,,,,,,,,19.8
20260806T144458Z-b151cf12daca,2026-08-06T14:44:58+00:00,2026,0000001339,林祖傑,統一7-ELEVEn獅,打者,野手,36.0,30.0,4.0,0.0,4,7,0.133,0.235,0.2,0.435,0.067,0.1111,0.1944,0.0,0.57,13.3,11.9,53.9,22.9,,,,,,,,,,,,,22.9
20260806T144458Z-b151cf12daca,2026-08-06T14:44:58+00:00,2026,0000003211,王勝偉,富邦悍將,打者,野手,36.0,29.0,6.0,1.0,4,8,0.207,0.324,0.31,0.634,0.103,0.1111,0.2222,0.0278,0.63,20.7,29.3,53.5,32.3,,,,,,,,,,,,,32.3
20260806T144458Z-b151cf12daca,2026-08-06T14:44:58+00:00,2026,0000006931,黃劼希,台鋼雄鷹,打者,野手,34.0,29.0,6.0,1.0,3,8,0.207,0.324,0.379,0.703,0.172,0.0882,0.2353,0.0294,0.63,20.7,42.1,48.9,35.7,,,,,,,,,,,,,35.7
20260806T144458Z-b151cf12daca,2026-08-06T14:44:58+00:00,2026,0000003183,張志豪,中信兄弟,打者,野手,50.0,43.0,6.0,0.0,3,9,0.14,0.18,0.163,0.343,0.023,0.06,0.18,0.0,0.33,14.000000000000002,4.1,42.8,17.8,,,,,,,,,,,,,17.8
20260806T144458Z-b151cf12daca,2026-08-06T14:44:58+00:00,2026,0000004643,胡冠俞,台鋼雄鷹,打者,野手,30.0,26.0,5.0,0.0,2,9,0.192,0.276,0.231,0.507,0.039,0.0667,0.3,0.0,0.33,19.2,6.9,39.8,22.6,,,,,,,,,,,,,22.6
20260806T144458Z-b151cf12daca,2026-08-06T14:44:58+00:00,2026,0000005553,張祐銘,味全龍,打者,野手,26.0,23.0,6.0,0.0,1,4,0.261,0.346,0.391,0.737,0.13,0.0385,0.1538,0.0,0.75,26.1,23.0,44.0,33.0,,,,,,,,,,,,,33.0
20260806T144458Z-b151cf12daca,2026-08-06T14:44:58+00:00,2026,0000006835,顏清浤,台鋼雄鷹,打者,野手,18.0,16.0,4.0,0.0,1,4,0.25,0.294,0.25,0.544,0.0,0.0556,0.2222,0.0,0.25,25.0,0.0,39.7,23.2,,,,,,,,,,,,,23.2
20260806T144458Z-b151cf12daca,2026-08-06T14:44:58+00:00,2026,0000006926,陳致嘉,台鋼雄鷹,打者,野手,13.0,12.0,2.0,0.0,0,4,0.167,0.167,0.25,0.417,0.083,0.0,0.3077,0.0,0.0,16.7,14.7,24.2,19.3,,,,,,,,,,,,,19.3
20260806T144458Z-b151cf12daca,2026-08-06T14:44:58+00:00,2026,0000007312,張趙紘,樂天桃猿,打者,野手,38.0,32.0,4.0,0.0,6,10,0.125,0.263,0.188,0.451,0.063,0.1579,0.2632,0.0,0.6,12.5,11.2,60.2,23.9,,,,,,,,,,,,,23.9
20260806T144458Z-b151cf12daca,2026-08-06T14:44:58+00:00,2026,0000006728,陳思仲,味全龍,打者,野手,18.0,16.0,1.0,0.0,1,7,0.063,0.167,0.063,0.23,0.0,0.0556,0.3889,0.0,0.29,6.3,0.0,34.3,11.6,,,,,,,,,,,,,11.6
20260806T144458Z-b151cf12daca,2026-08-06T14:44:58+00:00,2026,0000006224,林吳晉瑋,中信兄弟,打者,野手,15.0,11.0,3.0,0.0,3,2,0.273,0.429,0.273,0.702,0.0,0.2,0.1333,0.0,1.5,27.3,0.0,81.3,33.4,,,,,,,,,,,,,33.4
20260806T144458Z-b151cf12daca,2026-08-06T14:44:58+00:00,2026,0000007822,威克,樂天桃猿,打者,野手,45.0,42.0,12.0,3.0,2,7,0.286,0.333,0.524,0.857,0.238,0.0444,0.1556,0.0667,0.43,28.6,68.6,41.8,45.0,,,,,,,,,,,,,45.0
20260806T144458Z-b151cf12daca,2026-08-06T14:44:58+00:00,2026,0000002282,張閔勛,樂天桃猿,打者,野手,25.0,21.0,3.0,0.0,4,2,0.143,0.28,0.143,0.423,0.0,0.12,0.08,0.0,2.0,14.3,0.0,73.8,23.4,,,,,,,,,,,,,23.4
20260806T144458Z-b151cf12daca,2026-08-06T14:44:58+00:00,2026,0000005496,辛元旭,富邦悍將,打者,野手,18.0,18.0,2.0,0.0,0,5,0.111,0.111,0.111,0.222,0.0,0.0,0.2778,0.0,0.0,11.1,0.0,25.3,11.0,,,,,,,,,,,,,11.0
20260806T144458Z-b151cf12daca,2026-08-06T14:44:58+00:00,2026,0000005656,李聖裕,中信兄弟,打者,野手,21.0,19.0,5.0,0.0,2,7,0.263,0.333,0.263,0.596,0.0,0.0952,0.3333,0.0,0.29,26.3,0.0,43.4,25.2,,,,,,,,,,,,,25.2
20260806T144458Z-b151cf12daca,2026-08-06T14:44:58+00:00,2026,0000005567,林瑞鈞,中信兄弟,打者,野手,20.0,17.0,4.0,1.0,2,6,0.235,0.35,0.471,0.821,0.236,0.1,0.3,0.05,0.5,23.5,61.6,47.5,42.6,,,,,,,,,,,,,42.6
20260806T144458Z-b151cf12daca,2026-08-06T14:44:58+00:00,2026,0000002304,吳明鴻,台鋼雄鷹,打者,野手,14.0,13.0,2.0,0.0,0,3,0.154,0.154,0.154,0.308,0.0,0.0,0.2143,0.0,0.0,15.4,0.0,27.5,14.1,,,,,,,,,,,,,14.1
20260806T144458Z-b151cf12daca,2026-08-06T14:44:58+00:00,2026,0000000910,張進德,富邦悍將,打者,野手,15.0,14.0,1.0,0.0,1,3,0.071,0.133,0.071,0.204,0.0,0.0667,0.2,0.0,0.33,7.1,0.0,43.3,12.5,,,,,,,,,,,,,12.5
20260806T144458Z-b151cf12daca,2026-08-06T14:44:58+00:00,2026,0000007605,王翾祐,統一7-ELEVEn獅,打者,野手,31.0,27.0,10.0,0.0,3,4,0.37,0.433,0.481,0.914,0.111,0.0968,0.129,0.0,0.75,37.0,19.7,55.4,40.2,,,,,,,,,,,,,40.2
20260806T144458Z-b151cf12daca,2026-08-06T14:44:58+00:00,2026,0000003174,郭永維,台鋼雄鷹,打者,野手,18.0,17.0,5.0,0.0,1,3,0.294,0.333,0.294,0.627,0.0,0.0556,0.1667,0.0,0.33,29.4,0.0,42.5,26.4,,,,,,,,,,,,,26.4
20260806T144458Z-b151cf12daca,2026-08-06T14:44:58+00:00,2026,0000006213,何恆佑,統一7-ELEVEn獅,打者,野手,21.0,20.0,2.0,0.0,0,8,0.1,0.1,0.1,0.2,0.0,0.0,0.381,0.0,0.0,10.0,0.0,21.7,9.8,,,,,,,,,,,,,9.8
20260806T144458Z-b151cf12daca,2026-08-06T14:44:58+00:00,2026,0000002305,王正棠,富邦悍將,打者,野手,13.0,12.0,1.0,0.0,1,1,0.083,0.154,0.083,0.237,0.0,0.0769,0.0769,0.0,1.0,8.3,0.0,56.2,15.4,,,,,,,,,,,,,15.4
20260806T144458Z-b151cf12daca,2026-08-06T14:44:58+00:00,2026,0000007282,陳九登,中信兄弟,打者,野手,18.0,15.0,5.0,0.0,3,4,0.333,0.444,0.4,0.844,0.067,0.1667,0.2222,0.0,0.75,33.300000000000004,11.9,64.7,37.7,,,,,,,,,,,,,37.7
20260806T144458Z-b151cf12daca,2026-08-06T14:44:58+00:00,2026,0000007036,戴伯丞,統一7-ELEVEn獅,打者,野手,16.0,15.0,2.0,0.0,0,5,0.133,0.133,0.133,0.266,0.0,0.0,0.3125,0.0,0.0,13.3,0.0,24.1,12.3,,,,,,,,,,,,,12.3
20260806T144458Z-b151cf12daca,2026-08-06T14:44:58+00:00,2026,0000007091,高捷,富邦悍將,打者,野手,9.0,8.0,2.0,0.0,1,2,0.25,0.333,0.25,0.583,0.0,0.1111,0.2222,0.0,0.5,25.0,0.0,52.2,25.9,,,,,,,,,,,,,25.9
20260806T144458Z-b151cf12daca,2026-08-06T14:44:58+00:00,2026,0000007806,道威聖,樂天桃猿,打者,野手,23.0,21.0,3.0,0.0,1,9,0.143,0.217,0.143,0.36,0.0,0.0435,0.3913,0.0,0.22,14.3,0.0,31.3,15.7,,,,,,,,,,,,,15.7
20260806T144458Z-b151cf12daca,2026-08-06T14:44:58+00:00,2026,0000006909,豊暐,富邦悍將,打者,野手,7.0,7.0,0.0,0.0,0,3,0.0,0.0,0.0,0.0,0.0,0.0,0.4286,0.0,0.0,0.0,0.0,20.0,3.0,,,,,,,,,,,,,3.0
20260806T144458Z-b151cf12daca,2026-08-06T14:44:58+00:00,2026,0000000356,石翔宇,味全龍,打者,野手,3.0,3.0,0.0,0.0,0,2,0.0,0.0,0.0,0.0,0.0,0.0,0.6667,0.0,0.0,0.0,0.0,11.7,1.8,,,,,,,,,,,,,1.8
20260806T144458Z-b151cf12daca,2026-08-06T14:44:58+00:00,2026,0000007308,許博閎,味全龍,打者,野手,3.0,3.0,1.0,0.0,0,0,0.333,0.333,0.333,0.666,0.0,0.0,0.0,0.0,0.0,33.300000000000004,0.0,35.0,26.9,,,,,,,,,,,,,26.9
20260806T144458Z-b151cf12daca,2026-08-06T14:44:58+00:00,2026,0000007313,曾冠傑,樂天桃猿,打者,野手,9.0,8.0,2.0,0.0,1,3,0.25,0.333,0.25,0.583,0.0,0.1111,0.3333,0.0,0.33,25.0,0.0,46.6,25.1,,,,,,,,,,,,,25.1
20260806T144458Z-b151cf12daca,2026-08-06T14:44:58+00:00,2026,0000005310,陳真,富邦悍將,打者,野手,15.0,15.0,3.0,0.0,0,5,0.2,0.2,0.2,0.4,0.0,0.0,0.3333,0.0,0.0,20.0,0.0,23.3,16.5,,,,,,,,,,,,,16.5
20260806T144458Z-b151cf12daca,2026-08-06T14:44:58+00:00,2026,0000003645,柯育民,統一7-ELEVEn獅,打者,野手,11.0,10.0,0.0,0.0,0,4,0.0,0.0,0.0,0.0,0.0,0.0,0.3636,0.0,0.0,0.0,0.0,22.3,3.3,,,,,,,,,,,,,3.3
20260806T144458Z-b151cf12daca,2026-08-06T14:44:58+00:00,2026,0000007291,全紹凱,統一7-ELEVEn獅,打者,野手,12.0,12.0,3.0,0.0,0,1,0.25,0.25,0.25,0.5,0.0,0.0,0.0833,0.0,0.0,25.0,0.0,32.1,21.1,,,,,,,,,,,,,21.1
20260806T144458Z-b151cf12daca,2026-08-06T14:44:58+00:00,2026,0000000753,杜家明,台鋼雄鷹,打者,野手,12.0,12.0,1.0,0.0,0,1,0.083,0.083,0.083,0.166,0.0,0.0,0.0833,0.0,0.0,8.3,0.0,32.1,10.2,,,,,,,,,,,,,10.2
20260806T144458Z-b151cf12daca,2026-08-06T14:44:58+00:00,2026,0000007629,顏采丞,台鋼雄鷹,打者,野手,9.0,9.0,0.0,0.0,0,2,0.0,0.0,0.0,0.0,0.0,0.0,0.2222,0.0,0.0,0.0,0.0,27.2,4.1,,,,,,,,,,,,,4.1
20260806T144458Z-b151cf12daca,2026-08-06T14:44:58+00:00,2026,0000005536,歐晉,樂天桃猿,打者,野手,8.0,6.0,0.0,0.0,2,1,0.0,0.25,0.0,0.25,0.0,0.25,0.125,0.0,2.0,0.0,0.0,95.6,20.0,,,,,,,,,,,,,20.0
20260806T144458Z-b151cf12daca,2026-08-06T14:44:58+00:00,2026,0000007086,楊祥禾,中信兄弟,打者,野手,2.0,2.0,0.0,0.0,0,1,0.0,0.0,0.0,0.0,0.0,0.0,0.5,0.0,0.0,0.0,0.0,17.5,2.6,,,,,,,,,,,,,2.6
20260806T144458Z-b151cf12daca,2026-08-06T14:44:58+00:00,2026,0000006938,吳柏萱,台鋼雄鷹,打者,野手,9.0,9.0,3.0,0.0,0,2,0.333,0.333,0.333,0.666,0.0,0.0,0.2222,0.0,0.0,33.300000000000004,0.0,27.2,25.7,,,,,,,,,,,,,25.7
20260806T144458Z-b151cf12daca,2026-08-06T14:44:58+00:00,2026,0000001118,高國麟,富邦悍將,打者,野手,6.0,6.0,2.0,0.0,0,0,0.333,0.333,0.333,0.666,0.0,0.0,0.0,0.0,0.0,33.300000000000004,0.0,35.0,26.9,,,,,,,,,,,,,26.9
20260806T144458Z-b151cf12daca,2026-08-06T14:44:58+00:00,2026,0000005296,董秉軒,台鋼雄鷹,打者,野手,5.0,5.0,1.0,0.0,0,0,0.2,0.2,0.2,0.4,0.0,0.0,0.0,0.0,0.0,20.0,0.0,35.0,18.2,,,,,,,,,,,,,18.2
20260806T144458Z-b151cf12daca,2026-08-06T14:44:58+00:00,2026,0000006770,邱邦,樂天桃猿,打者,野手,2.0,2.0,1.0,0.0,0,0,0.5,0.5,0.5,1.0,0.0,0.0,0.0,0.0,0.0,50.0,0.0,35.0,37.8,,,,,,,,,,,,,37.8
20260806T144458Z-b151cf12daca,2026-08-06T14:44:58+00:00,2026,0000006955,余羿賢,統一7-ELEVEn獅,打者,野手,2.0,2.0,1.0,0.0,0,1,0.5,0.5,0.5,1.0,0.0,0.0,0.5,0.0,0.0,50.0,0.0,17.5,35.1,,,,,,,,,,,,,35.1
20260806T144458Z-b151cf12daca,2026-08-06T14:44:58+00:00,2026,0000006856,董順傑,樂天桃猿,打者,野手,5.0,5.0,0.0,0.0,0,3,0.0,0.0,0.0,0.0,0.0,0.0,0.6,0.0,0.0,0.0,0.0,14.0,2.1,,,,,,,,,,,,,2.1
20260806T144458Z-b151cf12daca,2026-08-06T14:44:58+00:00,2026,0000007297,楊泯貽,富邦悍將,打者,野手,5.0,5.0,0.0,0.0,0,0,0.0,0.0,0.0,0.0,0.0,0.0,0.0,0.0,0.0,0.0,0.0,35.0,5.2,,,,,,,,,,,,,5.2
20260806T144458Z-b151cf12daca,2026-08-06T14:44:58+00:00,2026,0000007013,陳飛霖,台鋼雄鷹,打者,野手,4.0,3.0,0.0,0.0,1,1,0.0,0.25,0.0,0.25,0.0,0.25,0.25,0.0,1.0,0.0,0.0,81.2,17.8,,,,,,,,,,,,,17.8
20260806T144458Z-b151cf12daca,2026-08-06T14:44:58+00:00,2026,0000006930,黃秉揚,台鋼雄鷹,打者,野手,3.0,3.0,0.0,0.0,0,1,0.0,0.0,0.0,0.0,0.0,0.0,0.3333,0.0,0.0,0.0,0.0,23.3,3.5,,,,,,,,,,,,,3.5
20260806T144458Z-b151cf12daca,2026-08-06T14:44:58+00:00,2026,0000005563,姚冠瑋,味全龍,打者,野手,2.0,2.0,0.0,0.0,0,1,0.0,0.0,0.0,0.0,0.0,0.0,0.5,0.0,0.0,0.0,0.0,17.5,2.6,,,,,,,,,,,,,2.6
20260806T144458Z-b151cf12daca,2026-08-06T14:44:58+00:00,2026,0000003339,林哲瑄,富邦悍將,打者,野手,1.0,1.0,1.0,0.0,0,0,1.0,1.0,1.0,2.0,0.0,0.0,0.0,0.0,0.0,100.0,0.0,35.0,70.2,,,,,,,,,,,,,70.2
20260806T144458Z-b151cf12daca,2026-08-06T14:44:58+00:00,2026,0000007610,吳承皓,味全龍,打者,野手,4.0,3.0,1.0,0.0,1,0,0.333,0.5,0.333,0.833,0.0,0.25,0.0,0.0,0.0,33.300000000000004,0.0,80.0,37.4,,,,,,,,,,,,,37.4
20260806T144458Z-b151cf12daca,2026-08-06T14:44:58+00:00,2026,0000007315,游承勳,樂天桃猿,打者,野手,4.0,4.0,0.0,0.0,0,1,0.0,0.0,0.0,0.0,0.0,0.0,0.25,0.0,0.0,0.0,0.0,26.2,3.9,,,,,,,,,,,,,3.9
20260806T144458Z-b151cf12daca,2026-08-06T14:44:58+00:00,2026,0000007298,盧柏華,富邦悍將,打者,野手,2.0,2.0,0.0,0.0,0,0,0.0,0.0,0.0,0.0,0.0,0.0,0.0,0.0,0.0,0.0,0.0,35.0,5.2,,,,,,,,,,,,,5.2
20260806T144458Z-b151cf12daca,2026-08-06T14:44:58+00:00,2026,0000005538,黃柏豪,味全龍,打者,野手,1.0,1.0,0.0,0.0,0,1,0.0,0.0,0.0,0.0,0.0,0.0,1.0,0.0,0.0,0.0,0.0,0.0,0.0,,,,,,,,,,,,,0.0
20260806T144458Z-b151cf12daca,2026-08-06T14:44:58+00:00,2026,0000000771,陳琥,中信兄弟,打者,野手,1.0,1.0,0.0,0.0,0,0,0.0,0.0,0.0,0.0,0.0,0.0,0.0,0.0,0.0,0.0,0.0,35.0,5.2,,,,,,,,,,,,,5.2
20260806T144458Z-b151cf12daca,2026-08-06T14:44:58+00:00,2026,0000001232,江忠城,中信兄弟,打者,野手,1.0,1.0,0.0,0.0,0,0,0.0,0.0,0.0,0.0,0.0,0.0,0.0,0.0,0.0,0.0,0.0,35.0,5.2,,,,,,,,,,,,,5.2
20260806T144458Z-b151cf12daca,2026-08-06T14:44:58+00:00,2026,0000007602,吳柏賢,統一7-ELEVEn獅,打者,野手,1.0,1.0,0.0,0.0,0,0,0.0,0.0,0.0,0.0,0.0,0.0,0.0,0.0,0.0,0.0,0.0,35.0,5.2,,,,,,,,,,,,,5.2
20260806T144458Z-b151cf12daca,2026-08-06T14:44:58+00:00,2026,0000006221,劉貴元,中信兄弟,打者,野手,0.0,0.0,0.0,0.0,0,0,0.0,0.0,0.0,0.0,0.0,0.0,0.0,0.0,0.0,0.0,0.0,35.0,5.2,,,,,,,,,,,,,5.2
20260806T144458Z-b151cf12daca,2026-08-06T14:44:58+00:00,2026,0000007088,徐博瑋,中信兄弟,打者,野手,0.0,0.0,0.0,0.0,0,0,0.0,0.0,0.0,0.0,0.0,0.0,0.0,0.0,0.0,0.0,0.0,35.0,5.2,,,,,,,,,,,,,5.2
20260806T144458Z-b151cf12daca,2026-08-06T14:44:58+00:00,2026,0000005555,陳冠偉,味全龍,投手,投手,,,,,7,25,,,,,,0.0507,0.1812,,,,,,,36.333,7.0,26.0,1.0,1.73,0.91,3.57,0.0072,91.9,36.2,63.5,69.5,69.5
20260806T144458Z-b151cf12daca,2026-08-06T14:44:58+00:00,2026,0000005788,林凱威,味全龍,投手,投手,,,,,10,23,,,,,,0.0649,0.1494,,,,,,,37.0,12.0,33.0,2.0,2.92,1.16,2.3,0.013,88.3,29.9,55.5,63.9,63.9
20260806T144458Z-b151cf12daca,2026-08-06T14:44:58+00:00,2026,0000005561,李建勳,富邦悍將,投手,投手,,,,,15,29,,,,,,0.1,0.1933,,,,,,,32.667,18.0,36.0,2.0,4.96,1.56,1.93,0.0133,82.1,38.7,50.0,61.6,61.6
20260806T144458Z-b151cf12daca,2026-08-06T14:44:58+00:00,2026,0000000941,陳冠宇,樂天桃猿,投手,投手,,,,,13,41,,,,,,0.0929,0.2929,,,,,,,35.333,9.0,24.0,2.0,2.29,1.05,3.15,0.0143,90.1,58.6,57.1,72.3,72.3
20260806T144458Z-b151cf12daca,2026-08-06T14:44:58+00:00,2026,0000006832,陳柏清,台鋼雄鷹,投手,投手,,,,,12,26,,,,,,0.0805,0.1745,,,,,,,37.667,10.0,29.0,1.0,2.39,1.09,2.17,0.0067,89.7,34.9,53.2,65.1,65.1
20260806T144458Z-b151cf12daca,2026-08-06T14:44:58+00:00,2026,0000005790,張奕,富邦悍將,投手,投手,,,,,13,27,,,,,,0.0897,0.1862,,,,,,,35.0,8.0,32.0,2.0,2.06,1.29,2.08,0.0138,89.4,37.2,51.8,65.1,65.1
20260806T144458Z-b151cf12daca,2026-08-06T14:44:58+00:00,2026,0000006870,林栚呈,富邦悍將,投手,投手,,,,,16,16,,,,,,0.1103,0.1103,,,,,,,33.667,11.0,28.0,2.0,2.94,1.31,1.0,0.0138,87.5,22.1,44.2,58.2,58.2
20260806T144458Z-b151cf12daca,2026-08-06T14:44:58+00:00,2026,0000002280,廖任磊,富邦悍將,投手,投手,,,,,15,9,,,,,,0.1119,0.0672,,,,,,,30.333,15.0,31.0,0.0,4.45,1.52,0.6,0.0,83.3,13.4,41.9,53.4,53.4
20260806T144458Z-b151cf12daca,2026-08-06T14:44:58+00:00,2026,0000001821,林子昱,味全龍,投手,投手,,,,,6,15,,,,,,0.0465,0.1163,,,,,,,31.333,10.0,32.0,1.0,2.87,1.21,2.5,0.0078,88.1,23.3,58.3,63.0,63.0
20260806T144458Z-b151cf12daca,2026-08-06T14:44:58+00:00,2026,0000003639,呂彥青,中信兄弟,投手,投手,,,,,6,29,,,,,,0.0488,0.2358,,,,,,,33.0,5.0,20.0,1.0,1.36,0.79,4.83,0.0081,93.3,47.2,70.2,74.8,74.8
20260806T144458Z-b151cf12daca,2026-08-06T14:44:58+00:00,2026,0000007293,鍾允華,統一7-ELEVEn獅,投手,投手,,,,,14,33,,,,,,0.0979,0.2308,,,,,,,33.667,10.0,30.0,1.0,2.67,1.31,2.36,0.007,88.0,46.2,52.5,66.9,66.9
20260806T144458Z-b151cf12daca,2026-08-06T14:44:58+00:00,2026,0000006818,髙塩將樹,統一7-ELEVEn獅,投手,投手,,,,,9,17,,,,,,0.0687,0.1298,,,,,,,30.333,11.0,31.0,1.0,3.26,1.32,1.89,0.0076,86.8,26.0,53.0,61.5,61.5
20260806T144458Z-b151cf12daca,2026-08-06T14:44:58+00:00,2026,0000005509,莊昕諺,樂天桃猿,投手,投手,,,,,16,20,,,,,,0.1151,0.1439,,,,,,,33.333,6.0,24.0,1.0,1.62,1.2,1.25,0.0072,90.7,28.8,45.0,61.5,61.5
20260806T144458Z-b151cf12daca,2026-08-06T14:44:58+00:00,2026,0000005558,蘇俊璋,樂天桃猿,投手,投手,,,,,7,21,,,,,,0.0654,0.1963,,,,,,,26.667,9.0,23.0,0.0,3.04,1.13,3.0,0.0,88.2,39.3,59.1,67.2,67.2
20260806T144458Z-b151cf12daca,2026-08-06T14:44:58+00:00,2026,0000006227,曾峻岳,富邦悍將,投手,投手,,,,,7,45,,,,,,0.0538,0.3462,,,,,,,33.667,5.0,26.0,1.0,1.34,0.98,6.43,0.0077,92.4,69.2,78.0,82.3,82.3
20260806T144458Z-b151cf12daca,2026-08-06T14:44:58+00:00,2026,0000000771,陳琥,中信兄弟,投手,投手,,,,,14,28,,,,,,0.0966,0.1931,,,,,,,35.667,11.0,30.0,3.0,2.78,1.23,2.0,0.0207,88.2,38.6,50.7,64.6,64.6
20260806T144458Z-b151cf12daca,2026-08-06T14:44:58+00:00,2026,0000000778,蔡齊哲,中信兄弟,投手,投手,,,,,10,14,,,,,,0.102,0.1429,,,,,,,24.0,6.0,16.0,2.0,2.25,1.08,1.4,0.0204,90.0,28.6,47.1,61.8,61.8
20260806T144458Z-b151cf12daca,2026-08-06T14:44:58+00:00,2026,0000001232,江忠城,中信兄弟,投手,投手,,,,,10,12,,,,,,0.0926,0.1111,,,,,,,25.333,4.0,23.0,0.0,1.42,1.3,1.2,0.0,90.6,22.2,47.0,60.4,60.4
20260806T144458Z-b151cf12daca,2026-08-06T14:44:58+00:00,2026,0000006982,黃群,台鋼雄鷹,投手,投手,,,,,13,24,,,,,,0.115,0.2124,,,,,,,27.0,6.0,18.0,0.0,2.0,1.15,1.85,0.0,90.2,42.5,48.1,65.6,65.6
20260806T144458Z-b151cf12daca,2026-08-06T14:44:58+00:00,2026,0000006160,李超,味全龍,投手,投手,,,,,9,18,,,,,,0.0857,0.1714,,,,,,,25.667,6.0,23.0,1.0,2.1,1.25,2.0,0.0095,89.5,34.3,51.8,64.4,64.4
20260806T144458Z-b151cf12daca,2026-08-06T14:44:58+00:00,2026,0000003331,李振昌,中信兄弟,投手,投手,,,,,10,16,,,,,,0.0971,0.1553,,,,,,,24.0,11.0,22.0,3.0,4.13,1.33,1.6,0.0291,84.9,31.1,48.6,60.6,60.6
20260806T144458Z-b151cf12daca,2026-08-06T14:44:58+00:00,2026,0000006228,王志煊,樂天桃猿,投手,投手,,,,,5,11,,,,,,0.0926,0.2037,,,,,,,12.667,3.0,12.0,0.0,2.13,1.34,2.2,0.0,89.0,40.7,52.2,65.9,65.9
20260806T144458Z-b151cf12daca,2026-08-06T14:44:58+00:00,2026,0000000998,邱浩鈞,統一7-ELEVEn獅,投手,投手,,,,,12,15,,,,,,0.1165,0.1456,,,,,,,23.667,5.0,20.0,0.0,1.9,1.35,1.25,0.0,89.4,29.1,44.8,60.9,60.9
20260806T144458Z-b151cf12daca,2026-08-06T14:44:58+00:00,2026,0000006127,李其峰,統一7-ELEVEn獅,投手,投手,,,,,11,20,,,,,,0.0991,0.1802,,,,,,,24.0,5.0,29.0,2.0,1.88,1.67,1.82,0.018,87.8,36.0,49.5,63.4,63.4
20260806T144458Z-b151cf12daca,2026-08-06T14:44:58+00:00,2026,0000000128,朱承洋,樂天桃猿,投手,投手,,,,,6,21,,,,,,0.0583,0.2039,,,,,,,25.667,8.0,23.0,1.0,2.81,1.13,3.5,0.0097,88.6,40.8,62.4,68.8,68.8
20260806T144458Z-b151cf12daca,2026-08-06T14:44:58+00:00,2026,0000006949,林詩翔,台鋼雄鷹,投手,投手,,,,,12,17,,,,,,0.1081,0.1532,,,,,,,24.667,8.0,23.0,1.0,2.92,1.42,1.42,0.009,87.0,30.6,46.6,60.8,60.8
20260806T144458Z-b151cf12daca,2026-08-06T14:44:58+00:00,2026,0000006833,陳宇宏,台鋼雄鷹,投手,投手,,,,,10,20,,,,,,0.0641,0.1282,,,,,,,35.0,18.0,42.0,2.0,4.63,1.49,2.0,0.0128,83.1,25.6,54.0,60.0,60.0
20260806T144458Z-b151cf12daca,2026-08-06T14:44:58+00:00,2026,0000003292,賴鴻誠,富邦悍將,投手,投手,,,,,9,10,,,,,,0.09,0.1,,,,,,,21.0,15.0,31.0,3.0,6.43,1.9,1.11,0.03,77.4,20.0,46.8,53.9,53.9
20260806T144458Z-b151cf12daca,2026-08-06T14:44:58+00:00,2026,0000000773,李吳永勤,富邦悍將,投手,投手,,,,,9,11,,,,,,0.1034,0.1264,,,,,,,17.333,12.0,22.0,0.0,6.23,1.79,1.22,0.0,78.4,25.3,46.0,55.4,55.4
20260806T144458Z-b151cf12daca,2026-08-06T14:44:58+00:00,2026,0000005789,林鋅杰,味全龍,投手,投手,,,,,13,11,,,,,,0.134,0.1134,,,,,,,22.333,9.0,24.0,2.0,3.63,1.66,0.85,0.0206,84.3,22.7,41.0,55.9,55.9
20260806T144458Z-b151cf12daca,2026-08-06T14:44:58+00:00,2026,0000005482,吳承諭,統一7-ELEVEn獅,投手,投手,,,,,6,10,,,,,,0.06,0.1,,,,,,,24.667,7.0,20.0,2.0,2.55,1.05,1.67,0.02,89.6,20.0,52.7,61.1,61.1
20260806T144458Z-b151cf12daca,2026-08-06T14:44:58+00:00,2026,0000006237,林子崴,樂天桃猿,投手,投手,,,,,10,25,,,,,,0.0559,0.1397,,,,,,,45.667,7.0,39.0,0.0,1.38,1.07,2.5,0.0,91.8,27.9,57.4,65.5,65.5
20260806T144458Z-b151cf12daca,2026-08-06T14:44:58+00:00,2026,0000005285,許峻暘,台鋼雄鷹,投手,投手,,,,,4,15,,,,,,0.05,0.1875,,,,,,,20.333,5.0,15.0,1.0,2.21,0.93,3.75,0.0125,90.8,37.5,64.5,69.6,69.6
20260806T144458Z-b151cf12daca,2026-08-06T14:44:58+00:00,2026,0000002348,施子謙,台鋼雄鷹,投手,投手,,,,,7,9,,,,,,0.0875,0.1125,,,,,,,17.667,9.0,19.0,3.0,4.58,1.47,1.29,0.0375,83.3,22.5,48.0,57.5,57.5
20260806T144458Z-b151cf12daca,2026-08-06T14:44:58+00:00,2026,0000007292,李軍,統一7-ELEVEn獅,投手,投手,,,,,10,14,,,,,,0.1282,0.1795,,,,,,,19.333,4.0,10.0,0.0,1.86,1.03,1.4,0.0,91.1,35.9,44.5,63.3,63.3
20260806T144458Z-b151cf12daca,2026-08-06T14:44:58+00:00,2026,0000001390,王躍霖,台鋼雄鷹,投手,投手,,,,,7,10,,,,,,0.0921,0.1316,,,,,,,16.0,9.0,21.0,1.0,5.06,1.75,1.43,0.0132,80.9,26.3,48.2,57.4,57.4
20260806T144458Z-b151cf12daca,2026-08-06T14:44:58+00:00,2026,0000006918,李欣穎,台鋼雄鷹,投手,投手,,,,,4,25,,,,,,0.0449,0.2809,,,,,,,19.667,6.0,22.0,2.0,2.75,1.32,6.25,0.0225,87.8,56.2,78.0,77.0,77.0
20260806T144458Z-b151cf12daca,2026-08-06T14:44:58+00:00,2026,0000007580,韋宏亮,台鋼雄鷹,投手,投手,,,,,7,11,,,,,,0.0843,0.1325,,,,,,,18.333,11.0,21.0,0.0,5.4,1.53,1.57,0.0,81.4,26.5,49.7,58.2,58.2
20260806T144458Z-b151cf12daca,2026-08-06T14:44:58+00:00,2026,0000006857,舒治浩,樂天桃猿,投手,投手,,,,,8,7,,,,,,0.1081,0.0946,,,,,,,18.667,4.0,13.0,0.0,1.93,1.13,0.88,0.0,90.4,18.9,43.8,58.5,58.5
20260806T144458Z-b151cf12daca,2026-08-06T14:44:58+00:00,2026,0000006720,邱駿威,樂天桃猿,投手,投手,,,,,8,10,,,,,,0.0851,0.1064,,,,,,,19.333,9.0,26.0,1.0,4.19,1.76,1.25,0.0106,82.7,21.3,48.0,56.9,56.9
20260806T144458Z-b151cf12daca,2026-08-06T14:44:58+00:00,2026,0000002303,黃竣彥,統一7-ELEVEn獅,投手,投手,,,,,4,6,,,,,,0.0727,0.1091,,,,,,,11.667,7.0,18.0,1.0,5.4,1.89,1.5,0.0182,79.6,21.8,50.5,56.4,56.4
20260806T144458Z-b151cf12daca,2026-08-06T14:44:58+00:00,2026,0000005151,羅戈,中信兄弟,投手,投手,,,,,26,79,,,,,,0.0621,0.1885,,,,,,,102.0,37.0,96.0,3.0,3.26,1.2,3.04,0.0072,87.4,37.7,59.6,66.6,66.6
20260806T144458Z-b151cf12daca,2026-08-06T14:44:58+00:00,2026,0000007044,鄭澔,統一7-ELEVEn獅,投手,投手,,,,,6,16,,,,,,0.1111,0.2963,,,,,,,13.333,3.0,7.0,0.0,2.03,0.98,2.67,0.0,91.0,59.3,52.8,71.6,71.6
20260806T144458Z-b151cf12daca,2026-08-06T14:44:58+00:00,2026,0000002347,王浩原,富邦悍將,投手,投手,,,,,8,4,,,,,,0.127,0.0635,,,,,,,12.667,6.0,19.0,0.0,4.26,2.13,0.5,0.0,80.7,12.7,39.9,51.5,51.5
20260806T144458Z-b151cf12daca,2026-08-06T14:44:58+00:00,2026,0000006749,魔力藍,富邦悍將,投手,投手,,,,,25,62,,,,,,0.0613,0.152,,,,,,,96.0,33.0,98.0,3.0,3.09,1.28,2.48,0.0074,87.3,30.4,56.8,63.9,63.9
20260806T144458Z-b151cf12daca,2026-08-06T14:44:58+00:00,2026,0000006215,趙璟榮,味全龍,投手,投手,,,,,10,8,,,,,,0.1538,0.1231,,,,,,,15.0,6.0,14.0,0.0,3.6,1.6,0.8,0.0,84.7,24.6,38.8,55.9,55.9
20260806T144458Z-b151cf12daca,2026-08-06T14:44:58+00:00,2026,0000006910,王伯洋,味全龍,投手,投手,,,,,10,11,,,,,,0.1818,0.2,,,,,,,11.667,3.0,7.0,0.0,2.31,1.46,1.1,0.0,88.0,40.0,37.5,60.8,60.8
20260806T144458Z-b151cf12daca,2026-08-06T14:44:58+00:00,2026,0000006497,鋼龍,味全龍,投手,投手,,,,,19,93,,,,,,0.048,0.2348,,,,,,,98.333,23.0,87.0,6.0,2.11,1.08,4.89,0.0152,90.3,47.0,70.6,73.6,73.6
20260806T144458Z-b151cf12daca,2026-08-06T14:44:58+00:00,2026,0000005315,高偉強,統一7-ELEVEn獅,投手,投手,,,,,13,9,,,,,,0.1688,0.1169,,,,,,,16.667,10.0,15.0,1.0,5.4,1.68,0.69,0.013,80.6,23.4,36.7,53.1,53.1
20260806T144458Z-b151cf12daca,2026-08-06T14:44:58+00:00,2026,0000007597,獅帝芬,統一7-ELEVEn獅,投手,投手,,,,,29,66,,,,,,0.0751,0.171,,,,,,,93.333,28.0,82.0,3.0,2.7,1.19,2.28,0.0078,88.6,34.2,54.3,64.7,64.7
20260806T144458Z-b151cf12daca,2026-08-06T14:44:58+00:00,2026,0000006906,艾菩樂,樂天桃猿,投手,投手,,,,,21,68,,,,,,0.0492,0.1593,,,,,,,100.0,41.0,106.0,11.0,3.69,1.27,3.24,0.0258,86.1,31.9,61.9,65.3,65.3
20260806T144458Z-b151cf12daca,2026-08-06T14:44:58+00:00,2026,0000007053,艾速特,台鋼雄鷹,投手,投手,,,,,30,90,,,,,,0.0798,0.2394,,,,,,,92.667,17.0,62.0,1.0,1.65,0.99,3.0,0.0027,91.7,47.9,57.6,70.5,70.5
20260806T144458Z-b151cf12daca,2026-08-06T14:44:58+00:00,2026,0000002274,黃子鵬,台鋼雄鷹,投手,投手,,,,,14,42,,,,,,0.0354,0.1063,,,,,,,100.333,21.0,81.0,2.0,1.88,0.95,3.0,0.0051,91.4,21.3,62.1,65.1,65.1
20260806T144458Z-b151cf12daca,2026-08-06T14:44:58+00:00,2026,0000007074,曾家輝,樂天桃猿,投手,投手,,,,,20,60,,,,,,0.0613,0.184,,,,,,,79.667,23.0,67.0,3.0,2.6,1.09,3.0,0.0092,89.3,36.8,59.5,67.2,67.2
20260806T144458Z-b151cf12daca,2026-08-06T14:44:58+00:00,2026,0000007790,魔爾曼,樂天桃猿,投手,投手,,,,,26,71,,,,,,0.0708,0.1935,,,,,,,86.667,26.0,80.0,2.0,2.7,1.22,2.73,0.0054,88.4,38.7,57.1,66.6,66.6
20260806T144458Z-b151cf12daca,2026-08-06T14:44:58+00:00,2026,0000005604,勝騎士,中信兄弟,投手,投手,,,,,8,77,,,,,,0.0204,0.1959,,,,,,,96.0,38.0,101.0,11.0,3.56,1.14,9.62,0.028,87.0,39.2,98.0,78.4,78.4
20260806T144458Z-b151cf12daca,2026-08-06T14:44:58+00:00,2026,0000006555,梅賽鍶,味全龍,投手,投手,,,,,16,58,,,,,,0.0436,0.158,,,,,,,92.667,21.0,84.0,4.0,2.04,1.08,3.62,0.0109,90.4,31.6,64.5,67.9,67.9
20260806T144458Z-b151cf12daca,2026-08-06T14:44:58+00:00,2026,0000005552,呂偉晟,味全龍,投手,投手,,,,,9,5,,,,,,0.15,0.0833,,,,,,,11.0,3.0,13.0,0.0,2.45,2.0,0.56,0.0,85.0,16.7,37.9,53.8,53.8
20260806T144458Z-b151cf12daca,2026-08-06T14:44:58+00:00,2026,0000007779,蔣銲,味全龍,投手,投手,,,,,31,99,,,,,,0.0829,0.2647,,,,,,,95.667,14.0,54.0,3.0,1.32,0.89,3.19,0.008,92.9,52.9,58.3,72.5,72.5
20260806T144458Z-b151cf12daca,2026-08-06T14:44:58+00:00,2026,0000001524,劉昱言,富邦悍將,投手,投手,,,,,4,4,,,,,,0.0909,0.0909,,,,,,,10.333,5.0,11.0,1.0,4.35,1.45,1.0,0.0227,83.9,18.2,46.1,56.1,56.1
20260806T144458Z-b151cf12daca,2026-08-06T14:44:58+00:00,2026,0000006739,李東洺,富邦悍將,投手,投手,,,,,30,44,,,,,,0.085,0.1246,,,,,,,85.0,22.0,70.0,6.0,2.33,1.18,1.47,0.017,89.4,24.9,49.1,61.2,61.2
20260806T144458Z-b151cf12daca,2026-08-06T14:44:58+00:00,2026,0000007228,鈴木駿輔,富邦悍將,投手,投手,,,,,21,81,,,,,,0.0588,0.2269,,,,,,,88.333,21.0,76.0,4.0,2.14,1.1,3.86,0.0112,90.1,45.4,64.2,71.2,71.2
20260806T144458Z-b151cf12daca,2026-08-06T14:44:58+00:00,2026,0000006507,後勁,台鋼雄鷹,投手,投手,,,,,40,62,,,,,,0.1102,0.1708,,,,,,,80.0,43.0,85.0,1.0,4.84,1.56,1.55,0.0028,82.3,34.2,47.0,59.7,59.7
20260806T144458Z-b151cf12daca,2026-08-06T14:44:58+00:00,2026,0000002345,鄭浩均,中信兄弟,投手,投手,,,,,31,59,,,,,,0.0966,0.1838,,,,,,,72.333,54.0,75.0,10.0,6.72,1.47,1.9,0.0312,79.0,36.8,50.2,59.8,59.8
20260806T144458Z-b151cf12daca,2026-08-06T14:44:58+00:00,2026,0000007276,伍立辰,中信兄弟,投手,投手,,,,,15,20,,,,,,0.0882,0.1176,,,,,,,38.333,24.0,39.0,4.0,5.63,1.41,1.33,0.0235,81.5,23.5,48.1,57.0,57.0
20260806T144458Z-b151cf12daca,2026-08-06T14:44:58+00:00,2026,0000007778,喬登,統一7-ELEVEn獅,投手,投手,,,,,31,84,,,,,,0.1047,0.2838,,,,,,,76.667,12.0,41.0,1.0,1.41,0.94,2.71,0.0034,92.4,56.8,53.6,71.9,71.9
20260806T144458Z-b151cf12daca,2026-08-06T14:44:58+00:00,2026,0000006850,鄭副豪,統一7-ELEVEn獅,投手,投手,,,,,11,5,,,,,,0.2,0.0909,,,,,,,11.333,8.0,9.0,0.0,6.35,1.76,0.45,0.0,78.3,18.2,32.3,49.5,49.5
20260806T144458Z-b151cf12daca,2026-08-06T14:44:58+00:00,2026,0000005731,布雷克,統一7-ELEVEn獅,投手,投手,,,,,11,55,,,,,,0.0302,0.1511,,,,,,,95.0,20.0,82.0,5.0,1.89,0.98,5.0,0.0137,91.2,30.2,73.0,70.5,70.5
20260806T144458Z-b151cf12daca,2026-08-06T14:44:58+00:00,2026,0000002679,江承諺,台鋼雄鷹,投手,投手,,,,,21,36,,,,,,0.0633,0.1084,,,,,,,78.0,25.0,79.0,3.0,2.88,1.28,1.71,0.009,87.7,21.7,52.6,60.7,60.7
20260806T144458Z-b151cf12daca,2026-08-06T14:44:58+00:00,2026,0000007622,錢可倫,中信兄弟,投手,投手,,,,,4,7,,,,,,0.08,0.14,,,,,,,10.0,9.0,14.0,0.0,8.1,1.8,1.75,0.0,74.5,28.0,51.1,55.9,55.9
20260806T144458Z-b151cf12daca,2026-08-06T14:44:58+00:00,2026,0000006176,余謙,中信兄弟,投手,投手,,,,,5,7,,,,,,0.0658,0.0921,,,,,,,17.333,13.0,24.0,0.0,6.75,1.67,1.4,0.0,77.9,18.4,50.7,54.9,54.9
20260806T144458Z-b151cf12daca,2026-08-06T14:44:58+00:00,2026,0000000762,伍鐸,味全龍,投手,投手,,,,,17,26,,,,,,0.0545,0.0833,,,,,,,75.333,34.0,76.0,5.0,4.06,1.23,1.53,0.016,85.6,16.7,52.5,58.4,58.4
20260806T144458Z-b151cf12daca,2026-08-06T14:44:58+00:00,2026,0000006767,許育銘,台鋼雄鷹,投手,投手,,,,,8,8,,,,,,0.1509,0.1509,,,,,,,11.667,4.0,10.0,1.0,3.09,1.54,1.0,0.0189,86.0,30.2,40.1,58.3,58.3
20260806T144458Z-b151cf12daca,2026-08-06T14:44:58+00:00,2026,0000007264,魔神龍,味全龍,投手,投手,,,,,17,42,,,,,,0.0584,0.1443,,,,,,,70.333,14.0,68.0,1.0,1.79,1.21,2.47,0.0034,90.3,28.9,57.0,65.0,65.0
20260806T144458Z-b151cf12daca,2026-08-06T14:44:58+00:00,2026,0000007299,陳品宏,富邦悍將,投手,投手,,,,,19,27,,,,,,0.1005,0.1429,,,,,,,41.0,22.0,44.0,3.0,4.83,1.54,1.42,0.0159,82.5,28.6,47.3,58.5,58.5
20260806T144458Z-b151cf12daca,2026-08-06T14:44:58+00:00,2026,0000006006,德保拉,中信兄弟,投手,投手,,,,,9,41,,,,,,0.0305,0.139,,,,,,,74.667,25.0,67.0,2.0,3.01,1.02,4.56,0.0068,88.8,27.8,70.7,68.1,68.1
20260806T144458Z-b151cf12daca,2026-08-06T14:44:58+00:00,2026,0000007062,威能帝,樂天桃猿,投手,投手,,,,,10,71,,,,,,0.036,0.2554,,,,,,,69.333,16.0,60.0,3.0,2.08,1.01,7.1,0.0108,90.7,51.1,83.3,78.6,78.6
20260806T144458Z-b151cf12daca,2026-08-06T14:44:58+00:00,2026,0000007073,賴胤豪,樂天桃猿,投手,投手,,,,,3,7,,,,,,0.0545,0.1273,,,,,,,11.667,9.0,17.0,1.0,6.94,1.71,2.33,0.0182,77.3,25.5,56.7,58.2,58.2
20260806T144458Z-b151cf12daca,2026-08-06T14:44:58+00:00,2026,0000006295,銳力獅,統一7-ELEVEn獅,投手,投手,,,,,12,51,,,,,,0.0411,0.1747,,,,,,,71.667,23.0,69.0,3.0,2.89,1.13,4.25,0.0103,88.5,34.9,68.0,69.0,69.0
20260806T144458Z-b151cf12daca,2026-08-06T14:44:58+00:00,2026,0000005572,魏碩成,中信兄弟,投手,投手,,,,,13,5,,,,,,0.1512,0.0581,,,,,,,16.667,12.0,17.0,0.0,6.48,1.8,0.38,0.0,77.8,11.6,36.9,49.0,49.0
20260806T144458Z-b151cf12daca,2026-08-06T14:44:58+00:00,2026,0000004637,劉軒荅,統一7-ELEVEn獅,投手,投手,,,,,3,3,,,,,,0.0732,0.0732,,,,,,,9.0,2.0,9.0,0.0,2.0,1.33,1.0,0.0,89.3,14.6,47.9,58.2,58.2
20260806T144458Z-b151cf12daca,2026-08-06T14:44:58+00:00,2026,0000003506,謝榮豪,中信兄弟,投手,投手,,,,,7,3,,,,,,0.1489,0.0638,,,,,,,9.667,8.0,10.0,3.0,7.45,1.76,0.43,0.0638,76.0,12.8,37.3,48.6,48.6
20260806T144458Z-b151cf12daca,2026-08-06T14:44:58+00:00,2026,0000000776,王凱程,中信兄弟,投手,投手,,,,,1,4,,,,,,0.0189,0.0755,,,,,,,11.0,7.0,19.0,4.0,5.73,1.82,4.0,0.0755,79.2,15.1,68.9,60.1,60.1
20260806T144458Z-b151cf12daca,2026-08-06T14:44:58+00:00,2026,0000007593,石梓霖,富邦悍將,投手,投手,,,,,4,5,,,,,,0.0714,0.0893,,,,,,,13.0,7.0,14.0,0.0,4.85,1.38,1.25,0.0,83.2,17.9,49.4,56.7,56.7
20260806T144458Z-b151cf12daca,2026-08-06T14:44:58+00:00,2026,0000007570,坎南,台鋼雄鷹,投手,投手,,,,,13,55,,,,,,0.0444,0.1877,,,,,,,72.333,18.0,67.0,1.0,2.24,1.11,4.23,0.0034,89.9,37.5,67.5,70.1,70.1
20260806T144458Z-b151cf12daca,2026-08-06T14:44:58+00:00,2026,0000007783,阿部雄大,富邦悍將,投手,投手,,,,,20,41,,,,,,0.0935,0.1916,,,,,,,50.667,25.0,47.0,3.0,4.44,1.32,2.05,0.014,84.4,38.3,51.3,62.9,62.9
20260806T144458Z-b151cf12daca,2026-08-06T14:44:58+00:00,2026,0000006923,曾品洋,中信兄弟,投手,投手,,,,,10,6,,,,,,0.2174,0.1304,,,,,,,9.667,3.0,12.0,1.0,2.79,2.28,0.6,0.0217,82.9,26.1,31.4,53.3,53.3
20260806T144458Z-b151cf12daca,2026-08-06T14:44:58+00:00,2026,0000007283,陳冠穎,中信兄弟,投手,投手,,,,,4,7,,,,,,0.1176,0.2059,,,,,,,8.667,1.0,5.0,0.0,1.04,1.04,1.75,0.0,92.7,41.2,47.3,66.2,66.2
20260806T144458Z-b151cf12daca,2026-08-06T14:44:58+00:00,2026,0000006848,林詔恩,統一7-ELEVEn獅,投手,投手,,,,,20,35,,,,,,0.1205,0.2108,,,,,,,40.333,16.0,30.0,0.0,3.57,1.24,1.75,0.0,86.5,42.2,47.0,63.6,63.6
20260806T144458Z-b151cf12daca,2026-08-06T14:44:58+00:00,2026,0000004625,吳俊偉,中信兄弟,投手,投手,,,,,3,6,,,,,,0.0833,0.1667,,,,,,,7.667,5.0,11.0,0.0,5.87,1.83,2.0,0.0,78.9,33.3,52.1,59.5,59.5
20260806T144458Z-b151cf12daca,2026-08-06T14:44:58+00:00,2026,0000007789,麥斯威尼,樂天桃猿,投手,投手,,,,,24,21,,,,,,0.1132,0.0991,,,,,,,44.333,25.0,53.0,4.0,5.08,1.74,0.88,0.0189,81.0,19.8,43.3,54.4,54.4
20260806T144458Z-b151cf12daca,2026-08-06T14:44:58+00:00,2026,0000002272,賴智垣,台鋼雄鷹,投手,投手,,,,,10,5,,,,,,0.2564,0.1282,,,,,,,7.333,3.0,6.0,0.0,3.68,2.18,0.5,0.0,81.6,25.6,27.0,51.2,51.2
20260806T144458Z-b151cf12daca,2026-08-06T14:44:58+00:00,2026,0000004624,陳克羿,樂天桃猿,投手,投手,,,,,15,43,,,,,,0.0781,0.224,,,,,,,46.333,20.0,41.0,0.0,3.88,1.21,2.87,0.0,86.0,44.8,57.1,67.0,67.0
20260806T144458Z-b151cf12daca,2026-08-06T14:44:58+00:00,2026,0000006723,張鈞守,味全龍,投手,投手,,,,,7,7,,,,,,0.2121,0.2121,,,,,,,8.667,0.0,3.0,0.0,0.0,1.15,1.0,0.0,94.3,42.4,34.0,63.2,63.2
20260806T144458Z-b151cf12daca,2026-08-06T14:44:58+00:00,2026,0000005479,江國豪,富邦悍將,投手,投手,,,,,14,10,,,,,,0.1094,0.0781,,,,,,,27.0,13.0,31.0,1.0,4.33,1.67,0.71,0.0078,82.8,15.6,42.8,54.0,54.0
20260806T144458Z-b151cf12daca,2026-08-06T14:44:58+00:00,2026,0000000779,陳柏豪,樂天桃猿,投手,投手,,,,,3,6,,,,,,0.0882,0.1765,,,,,,,6.667,6.0,13.0,1.0,8.1,2.4,2.0,0.0294,71.5,35.3,51.6,56.5,56.5
20260806T144458Z-b151cf12daca,2026-08-06T14:44:58+00:00,2026,0000001719,胡智爲,統一7-ELEVEn獅,投手,投手,,,,,10,19,,,,,,0.0662,0.1258,,,,,,,33.333,24.0,45.0,4.0,6.48,1.65,1.9,0.0265,78.6,25.2,53.3,57.7,57.7
20260806T144458Z-b151cf12daca,2026-08-06T14:44:58+00:00,2026,0000005372,呂詠臻,樂天桃猿,投手,投手,,,,,5,2,,,,,,0.1786,0.0714,,,,,,,7.0,2.0,4.0,0.0,2.57,1.29,0.4,0.0,88.3,14.3,34.2,53.6,53.6
20260806T144458Z-b151cf12daca,2026-08-06T14:44:58+00:00,2026,0000007787,黎克,中信兄弟,投手,投手,,,,,15,20,,,,,,0.1103,0.1471,,,,,,,29.333,16.0,35.0,4.0,4.91,1.7,1.33,0.0294,81.5,29.4,45.9,57.8,57.8
20260806T144458Z-b151cf12daca,2026-08-06T14:44:58+00:00,2026,0000007281,游竣宥,中信兄弟,投手,投手,,,,,5,6,,,,,,0.1042,0.125,,,,,,,10.0,6.0,15.0,1.0,5.4,2.0,1.2,0.0208,79.0,25.0,45.8,55.5,55.5
20260806T144458Z-b151cf12daca,2026-08-06T14:44:58+00:00,2026,0000007581,黃暐傑,味全龍,投手,投手,,,,,4,3,,,,,,0.0976,0.0732,,,,,,,8.333,3.0,11.0,0.0,3.24,1.8,0.75,0.0,84.4,14.6,44.1,54.9,54.9
20260806T144458Z-b151cf12daca,2026-08-06T14:44:58+00:00,2026,0000003608,曾仁和,味全龍,投手,投手,,,,,9,21,,,,,,0.0726,0.1694,,,,,,,28.667,8.0,31.0,1.0,2.51,1.4,2.33,0.0081,87.9,33.9,54.9,64.5,64.5
20260806T144458Z-b151cf12daca,2026-08-06T14:44:58+00:00,2026,0000007560,菲力士,中信兄弟,投手,投手,,,,,24,28,,,,,,0.1655,0.1931,,,,,,,30.0,20.0,34.0,2.0,6.0,1.93,1.17,0.0138,78.1,38.6,39.5,56.6,56.6
20260806T144458Z-b151cf12daca,2026-08-06T14:44:58+00:00,2026,0000007782,威戈神,富邦悍將,投手,投手,,,,,8,22,,,,,,0.065,0.1789,,,,,,,28.0,16.0,33.0,1.0,5.14,1.46,2.75,0.0081,82.2,35.8,57.8,63.3,63.3
20260806T144458Z-b151cf12daca,2026-08-06T14:44:58+00:00,2026,0000007047,盧冠宇,樂天桃猿,投手,投手,,,,,3,1,,,,,,0.12,0.04,,,,,,,5.333,3.0,7.0,0.0,5.06,1.88,0.33,0.0,80.3,8.0,39.7,50.0,50.0
20260806T144458Z-b151cf12daca,2026-08-06T14:44:58+00:00,2026,0000001260,郭俊麟,統一7-ELEVEn獅,投手,投手,,,,,17,18,,,,,,0.1197,0.1268,,,,,,,32.667,18.0,30.0,2.0,4.96,1.44,1.06,0.0141,82.7,25.4,43.5,56.6,56.6
20260806T144458Z-b151cf12daca,2026-08-06T14:44:58+00:00,2026,0000002695,林子崴,統一7-ELEVEn獅,投手,投手,,,,,0,4,,,,,,0.0,0.1667,,,,,,,6.333,0.0,7.0,0.0,0.0,1.11,0.0,0.0,94.4,33.3,50.0,65.8,65.8
20260806T144458Z-b151cf12daca,2026-08-06T14:44:58+00:00,2026,0000006921,伍祐城,台鋼雄鷹,投手,投手,,,,,4,5,,,,,,0.129,0.1613,,,,,,,7.333,2.0,6.0,2.0,2.45,1.36,1.25,0.0645,88.2,32.3,43.6,60.8,60.8
20260806T144458Z-b151cf12daca,2026-08-06T14:44:58+00:00,2026,0000003393,王鏡銘,統一7-ELEVEn獅,投手,投手,,,,,1,1,,,,,,0.0625,0.0625,,,,,,,4.333,1.0,2.0,1.0,2.08,0.69,1.0,0.0625,92.3,12.5,48.9,59.3,59.3
20260806T144458Z-b151cf12daca,2026-08-06T14:44:58+00:00,2026,0000002276,鄭鈞仁,統一7-ELEVEn獅,投手,投手,,,,,2,4,,,,,,0.1,0.2,,,,,,,5.0,1.0,2.0,0.0,1.8,0.8,2.0,0.0,92.3,40.0,50.4,66.7,66.7
20260806T144458Z-b151cf12daca,2026-08-06T14:44:58+00:00,2026,0000006874,盧孟揚,中信兄弟,投手,投手,,,,,5,3,,,,,,0.1923,0.1154,,,,,,,5.333,5.0,5.0,0.0,8.44,1.88,0.6,0.0,73.4,23.1,33.9,49.0,49.0
20260806T144458Z-b151cf12daca,2026-08-06T14:44:58+00:00,2026,0000005541,郭郁政,味全龍,投手,投手,,,,,0,7,,,,,,0.0,0.0667,,,,,,,25.667,12.0,30.0,4.0,4.21,1.17,0.0,0.0381,85.6,13.3,50.0,56.8,56.8
20260806T144458Z-b151cf12daca,2026-08-06T14:44:58+00:00,2026,0000000135,陳禹勳,味全龍,投手,投手,,,,,1,3,,,,,,0.0588,0.1765,,,,,,,3.667,2.0,4.0,0.0,4.91,1.36,3.0,0.0,83.2,35.3,59.7,64.2,64.2
20260806T144458Z-b151cf12daca,2026-08-06T14:44:58+00:00,2026,0000007305,李致霖,味全龍,投手,投手,,,,,11,5,,,,,,0.2558,0.1163,,,,,,,9.333,5.0,6.0,0.0,4.82,1.82,0.45,0.0,81.1,23.3,26.8,50.4,50.4
20260806T144458Z-b151cf12daca,2026-08-06T14:44:58+00:00,2026,0000007081,黃侰程,味全龍,投手,投手,,,,,4,5,,,,,,0.1739,0.2174,,,,,,,5.0,2.0,4.0,0.0,3.6,1.6,1.25,0.0,84.7,43.5,39.1,60.7,60.7
20260806T144458Z-b151cf12daca,2026-08-06T14:44:58+00:00,2026,0000006878,吳君奕,味全龍,投手,投手,,,,,4,3,,,,,,0.2,0.15,,,,,,,4.667,0.0,4.0,0.0,0.0,1.71,0.75,0.0,91.5,30.0,33.9,58.8,58.8
20260806T144458Z-b151cf12daca,2026-08-06T14:44:58+00:00,2026,0000000938,張瑞麟,富邦悍將,投手,投手,,,,,3,3,,,,,,0.1364,0.1364,,,,,,,4.333,4.0,5.0,0.0,8.31,1.85,1.0,0.0,73.8,27.3,41.6,52.5,52.5
20260806T144458Z-b151cf12daca,2026-08-06T14:44:58+00:00,2026,0000000363,陳仕朋,富邦悍將,投手,投手,,,,,7,10,,,,,,0.0795,0.1136,,,,,,,19.667,16.0,24.0,3.0,7.32,1.58,1.43,0.0341,77.2,22.7,49.5,55.3,55.3
20260806T144458Z-b151cf12daca,2026-08-06T14:44:58+00:00,2026,0000006222,劉予承,統一7-ELEVEn獅,投手,投手,,,,,0,2,,,,,,0.0,0.1429,,,,,,,2.333,1.0,6.0,0.0,3.86,2.57,0.0,0.0,79.3,28.6,50.0,57.8,57.8
20260806T144458Z-b151cf12daca,2026-08-06T14:44:58+00:00,2026,0000007061,辛俊昇,統一7-ELEVEn獅,投手,投手,,,,,6,3,,,,,,0.2727,0.1364,,,,,,,3.0,6.0,7.0,0.0,18.0,4.33,0.5,0.0,41.7,27.3,25.3,33.2,33.2
20260806T144458Z-b151cf12daca,2026-08-06T14:44:58+00:00,2026,0000006860,劉家翔,樂天桃猿,投手,投手,,,,,6,9,,,,,,0.0779,0.1169,,,,,,,19.333,6.0,17.0,3.0,2.79,1.19,1.5,0.039,88.4,23.4,50.0,60.6,60.6
20260806T144458Z-b151cf12daca,2026-08-06T14:44:58+00:00,2026,0000007615,李柏毓,樂天桃猿,投手,投手,,,,,1,1,,,,,,0.0625,0.0625,,,,,,,3.667,1.0,5.0,0.0,2.45,1.64,1.0,0.0,86.8,12.5,48.9,56.9,56.9
20260806T144458Z-b151cf12daca,2026-08-06T14:44:58+00:00,2026,0000001603,王維中,台鋼雄鷹,投手,投手,,,,,6,12,,,,,,0.075,0.15,,,,,,,18.667,12.0,18.0,1.0,5.79,1.29,2.0,0.0125,81.8,30.0,52.9,60.2,60.2
20260806T144458Z-b151cf12daca,2026-08-06T14:44:58+00:00,2026,0000007290,張宥謙,統一7-ELEVEn獅,投手,投手,,,,,8,4,,,,,,0.1356,0.0678,,,,,,,13.333,7.0,13.0,0.0,4.73,1.58,0.5,0.0,82.5,13.6,39.0,52.2,52.2
20260806T144458Z-b151cf12daca,2026-08-06T14:44:58+00:00,2026,0000000368,游霆崴,富邦悍將,投手,投手,,,,,3,7,,,,,,0.0441,0.1029,,,,,,,16.0,6.0,17.0,0.0,3.38,1.25,2.33,0.0,86.9,20.6,57.7,61.6,61.6
20260806T144458Z-b151cf12daca,2026-08-06T14:44:58+00:00,2026,0000007568,王偉軒,富邦悍將,投手,投手,,,,,2,4,,,,,,0.125,0.25,,,,,,,4.0,0.0,2.0,0.0,0.0,1.0,2.0,0.0,95.0,50.0,47.9,69.6,69.6
20260806T144458Z-b151cf12daca,2026-08-06T14:44:58+00:00,2026,0000006750,陳暐皓,味全龍,投手,投手,,,,,1,2,,,,,,0.1,0.2,,,,,,,2.667,1.0,1.0,0.0,3.38,0.75,2.0,0.0,89.4,40.0,50.4,65.4,65.4
20260806T144458Z-b151cf12daca,2026-08-06T14:44:58+00:00,2026,0000006771,陳正毅,台鋼雄鷹,投手,投手,,,,,8,4,,,,,,0.1702,0.0851,,,,,,,7.667,4.0,13.0,0.0,4.7,2.74,0.5,0.0,76.7,17.0,35.6,49.4,49.4
20260806T144458Z-b151cf12daca,2026-08-06T14:44:58+00:00,2026,0000006922,黃紹睿,台鋼雄鷹,投手,投手,,,,,1,1,,,,,,0.1667,0.1667,,,,,,,1.0,3.0,1.0,0.0,27.0,2.0,1.0,0.0,35.0,33.3,38.5,35.6,35.6
20260806T144458Z-b151cf12daca,2026-08-06T14:44:58+00:00,2026,0000007279,鄧朝駿,中信兄弟,投手,投手,,,,,1,1,,,,,,0.0909,0.0909,,,,,,,2.0,3.0,4.0,0.0,13.5,2.5,1.0,0.0,60.0,18.2,46.1,45.4,45.4
20260806T144458Z-b151cf12daca,2026-08-06T14:44:58+00:00,2026,0000007090,林家勝,富邦悍將,投手,投手,,,,,3,3,,,,,,0.375,0.375,,,,,,,2.0,0.0,1.0,0.0,0.0,2.0,1.0,0.0,90.0,75.0,17.7,64.6,64.6
20260806T144458Z-b151cf12daca,2026-08-06T14:44:58+00:00,2026,0000002688,陳韻文,統一7-ELEVEn獅,投手,投手,,,,,0,3,,,,,,0.0,0.4286,,,,,,,2.0,0.0,1.0,0.0,0.0,0.5,0.0,0.0,97.5,85.7,50.0,80.3,80.3
20260806T144458Z-b151cf12daca,2026-08-06T14:44:58+00:00,2026,0000005282,姚杰宏,統一7-ELEVEn獅,投手,投手,,,,,0,0,,,,,,0.0,0.0,,,,,,,1.667,1.0,3.0,1.0,5.4,1.8,0.0,0.1429,80.0,0.0,50.0,51.0,51.0
20260806T144458Z-b151cf12daca,2026-08-06T14:44:58+00:00,2026,0000007303,黃子豪,台鋼雄鷹,投手,投手,,,,,3,8,,,,,,0.075,0.2,,,,,,,8.333,6.0,11.0,1.0,6.48,1.68,2.67,0.025,78.4,40.0,56.4,62.2,62.2
20260806T144458Z-b151cf12daca,2026-08-06T14:44:58+00:00,2026,0000006917,謝葆錡,台鋼雄鷹,投手,投手,,,,,0,1,,,,,,0.0,0.125,,,,,,,2.0,1.0,3.0,0.0,4.5,1.5,0.0,0.0,83.3,25.0,50.0,58.7,58.7
20260806T144458Z-b151cf12daca,2026-08-06T14:44:58+00:00,2026,0000006920,陳冠豪,台鋼雄鷹,投手,投手,,,,,2,0,,,,,,0.5,0.0,,,,,,,0.333,0.0,1.0,0.0,0.0,9.0,0.0,0.0,55.0,0.0,0.0,24.8,24.8
20260806T144458Z-b151cf12daca,2026-08-06T14:44:58+00:00,2026,0000007301,曾昱磬,台鋼雄鷹,投手,投手,,,,,0,0,,,,,,0.0,0.0,,,,,,,1.0,0.0,0.0,0.0,0.0,0.0,0.0,0.0,100.0,0.0,50.0,60.0,60.0
20260806T144458Z-b151cf12daca,2026-08-06T14:44:58+00:00,2026,0000007619,王奕翔,樂天桃猿,投手,投手,,,,,1,1,,,,,,0.25,0.25,,,,,,,1.0,0.0,0.0,0.0,0.0,1.0,1.0,0.0,95.0,50.0,30.2,64.3,64.3
20260806T144458Z-b151cf12daca,2026-08-06T14:44:58+00:00,2026,0000007793,榊原元稀,樂天桃猿,投手,投手,,,,,0,3,,,,,,0.0,0.1429,,,,,,,6.0,1.0,4.0,0.0,1.5,0.67,0.0,0.0,93.6,28.6,50.0,64.3,64.3
20260806T144458Z-b151cf12daca,2026-08-06T14:44:58+00:00,2026,0000003563,余德龍,樂天桃猿,投手,投手,,,,,0,2,,,,,,0.0,0.3333,,,,,,,1.0,1.0,3.0,1.0,9.0,3.0,0.0,0.1667,66.7,66.7,50.0,61.7,61.7
20260806T144458Z-b151cf12daca,2026-08-06T14:44:58+00:00,2026,0000006855,邱緯綸,樂天桃猿,投手,投手,,,,,1,2,,,,,,0.1667,0.3333,,,,,,,1.0,0.0,2.0,0.0,0.0,3.0,2.0,0.0,85.0,66.7,43.7,68.0,68.0
20260806T144458Z-b151cf12daca,2026-08-06T14:44:58+00:00,2026,0000003620,江承峰,統一7-ELEVEn獅,投手,投手,,,,,1,0,,,,,,0.25,0.0,,,,,,,1.0,0.0,0.0,0.0,0.0,1.0,0.0,0.0,95.0,0.0,25.0,50.2,50.2
20260806T144458Z-b151cf12daca,2026-08-06T14:44:58+00:00,2026,0000007063,周彥農,統一7-ELEVEn獅,投手,投手,,,,,1,4,,,,,,0.0556,0.2222,,,,,,,4.0,2.0,6.0,0.0,4.5,1.75,4.0,0.0,82.1,44.4,65.2,67.6,67.6
20260806T144458Z-b151cf12daca,2026-08-06T14:44:58+00:00,2026,0000001412,江少慶,統一7-ELEVEn獅,投手,投手,,,,,2,4,,,,,,0.1818,0.3636,,,,,,,3.0,0.0,1.0,0.0,0.0,1.0,2.0,0.0,95.0,72.7,42.2,73.6,73.6
20260806T144458Z-b151cf12daca,2026-08-06T14:44:58+00:00,2026,0000006743,劉俊豪,富邦悍將,投手,投手,,,,,2,0,,,,,,0.2857,0.0,,,,,,,1.0,3.0,2.0,0.0,27.0,4.0,0.0,0.0,25.0,0.0,21.4,17.7,17.7
20260806T144458Z-b151cf12daca,2026-08-06T14:44:58+00:00,2026,0000006875,陳柏均,中信兄弟,投手,投手,,,,,1,2,,,,,,0.2,0.4,,,,,,,1.0,0.0,1.0,0.0,0.0,2.0,2.0,0.0,90.0,80.0,40.4,72.6,72.6
20260806T144458Z-b151cf12daca,2026-08-06T14:44:58+00:00,2026,0000007049,林暉盛,中信兄弟,投手,投手,,,,,4,2,,,,,,0.25,0.125,,,,,,,3.0,2.0,2.0,1.0,6.0,2.0,0.5,0.0625,77.8,25.0,27.6,49.5,49.5
20260806T144458Z-b151cf12daca,2026-08-06T14:44:58+00:00,2026,0000006236,楊鈺翔,味全龍,投手,投手,,,,,1,1,,,,,,0.0769,0.0769,,,,,,,3.333,0.0,3.0,0.0,0.0,1.2,1.0,0.0,94.0,15.4,47.5,60.4,60.4
20260806T144458Z-b151cf12daca,2026-08-06T14:44:58+00:00,2026,0000007295,陳鐿中,富邦悍將,投手,投手,,,,,0,2,,,,,,0.0,0.5,,,,,,,1.0,1.0,1.0,1.0,9.0,1.0,0.0,0.25,76.7,100.0,50.0,74.5,74.5
20260806T144458Z-b151cf12daca,2026-08-06T14:44:58+00:00,2026,0000006159,林逸達,味全龍,投手,投手,,,,,2,0,,,,,,0.4,0.0,,,,,,,1.0,0.0,0.0,0.0,0.0,2.0,0.0,0.0,90.0,0.0,10.0,43.5,43.5
20260809T111407Z-8d420d681046,2026-08-09T11:14:07+00:00,2026,0000006927,曾子祐,台鋼雄鷹,打者,野手,352.0,307.0,91.0,2.0,31,34,0.296,0.363,0.384,0.747,0.088,0.0881,0.0966,0.0057,1.0,29.6,17.8,57.5,34.9,,,,,,,,,,,,,34.9
20260809T111407Z-8d420d681046,2026-08-09T11:14:07+00:00,2026,0000005549,郭天信,味全龍,打者,野手,353.0,318.0,92.0,9.0,24,29,0.289,0.341,0.421,0.762,0.132,0.0652,0.0822,0.0255,0.93,28.9,33.5,53.2,37.6,,,,,,,,,,,,,37.6
20260809T111407Z-8d420d681046,2026-08-09T11:14:07+00:00,2026,0000007239,魔鷹,台鋼雄鷹,打者,野手,341.0,299.0,85.0,14.0,34,57,0.284,0.352,0.522,0.874,0.238,0.0792,0.1672,0.0411,0.61,28.4,58.5,49.5,44.5,,,,,,,,,,,,,44.5
20260809T111407Z-8d420d681046,2026-08-09T11:14:07+00:00,2026,0000005542,張政禹,味全龍,打者,野手,293.0,261.0,73.0,1.0,27,37,0.28,0.345,0.337,0.682,0.057,0.0853,0.1263,0.0034,0.73,28.000000000000004,11.4,53.2,31.2,,,,,,,,,,,,,31.2
20260809T111407Z-8d420d681046,2026-08-09T11:14:07+00:00,2026,0000005545,劉基鴻,味全龍,打者,野手,337.0,310.0,72.0,5.0,22,51,0.232,0.291,0.332,0.623,0.1,0.0623,0.1513,0.0148,0.51,23.200000000000003,23.6,46.0,30.3,,,,,,,,,,,,,30.3
20260809T111407Z-8d420d681046,2026-08-09T11:14:07+00:00,2026,0000004633,陳晨威,樂天桃猿,打者,野手,324.0,287.0,86.0,6.0,30,28,0.3,0.361,0.415,0.776,0.115,0.0864,0.0864,0.0185,1.07,30.0,27.7,58.2,37.7,,,,,,,,,,,,,37.7
20260809T111407Z-8d420d681046,2026-08-09T11:14:07+00:00,2026,0000005540,李凱威,味全龍,打者,野手,295.0,251.0,65.0,3.0,32,36,0.259,0.352,0.331,0.683,0.072,0.1085,0.122,0.0102,1.06,25.9,16.8,60.9,33.0,,,,,,,,,,,,,33.0
20260809T111407Z-8d420d681046,2026-08-09T11:14:07+00:00,2026,0000002352,范國宸,富邦悍將,打者,野手,284.0,254.0,65.0,10.0,25,51,0.256,0.324,0.417,0.741,0.161,0.081,0.1796,0.0352,0.53,25.6,42.5,48.6,37.6,,,,,,,,,,,,,37.6
20260809T111407Z-8d420d681046,2026-08-09T11:14:07+00:00,2026,0000006240,馬傑森,樂天桃猿,打者,野手,266.0,239.0,57.0,1.0,9,33,0.238,0.283,0.305,0.588,0.067,0.0338,0.1241,0.0038,0.48,23.8,13.4,41.5,26.9,,,,,,,,,,,,,26.9
20260809T111407Z-8d420d681046,2026-08-09T11:14:07+00:00,2026,0000007089,王念好,富邦悍將,打者,野手,262.0,228.0,47.0,6.0,31,64,0.206,0.302,0.346,0.648,0.14,0.1183,0.2443,0.0229,0.5,20.6,33.9,52.7,33.4,,,,,,,,,,,,,33.4
20260809T111407Z-8d420d681046,2026-08-09T11:14:07+00:00,2026,0000002707,潘傑楷,統一7-ELEVEn獅,打者,野手,290.0,247.0,68.0,2.0,36,44,0.275,0.375,0.36,0.735,0.085,0.1241,0.1517,0.0069,0.91,27.500000000000004,17.8,61.1,34.8,,,,,,,,,,,,,34.8
20260809T111407Z-8d420d681046,2026-08-09T11:14:07+00:00,2026,0000001318,朱育賢,味全龍,打者,野手,311.0,279.0,68.0,11.0,18,63,0.244,0.309,0.394,0.703,0.15,0.0579,0.2026,0.0354,0.44,24.4,40.6,42.7,35.2,,,,,,,,,,,,,35.2
20260809T111407Z-8d420d681046,2026-08-09T11:14:07+00:00,2026,0000003649,吳念庭,台鋼雄鷹,打者,野手,309.0,265.0,78.0,0.0,40,32,0.294,0.385,0.351,0.736,0.057,0.1294,0.1036,0.0,1.28,29.4,10.1,67.5,34.6,,,,,,,,,,,,,34.6
20260809T111407Z-8d420d681046,2026-08-09T11:14:07+00:00,2026,0000000935,王柏融,台鋼雄鷹,打者,野手,281.0,253.0,64.0,6.0,17,59,0.253,0.31,0.375,0.685,0.122,0.0605,0.21,0.0214,0.39,25.3,30.1,42.4,32.9,,,,,,,,,,,,,32.9
20260809T111407Z-8d420d681046,2026-08-09T11:14:07+00:00,2026,0000007268,陳聖平,統一7-ELEVEn獅,打者,野手,254.0,233.0,53.0,4.0,13,34,0.227,0.269,0.322,0.591,0.095,0.0512,0.1339,0.0157,0.44,22.7,23.1,43.9,29.0,,,,,,,,,,,,,29.0
20260809T111407Z-8d420d681046,2026-08-09T11:14:07+00:00,2026,0000004645,戴培峰,富邦悍將,打者,野手,206.0,174.0,39.0,1.0,25,27,0.224,0.322,0.293,0.615,0.069,0.1214,0.1311,0.0049,0.96,22.4,14.2,61.9,30.4,,,,,,,,,,,,,30.4
20260809T111407Z-8d420d681046,2026-08-09T11:14:07+00:00,2026,0000006854,宋嘉翔,樂天桃猿,打者,野手,206.0,189.0,40.0,2.0,6,34,0.212,0.241,0.254,0.495,0.042,0.0291,0.165,0.0097,0.24,21.2,11.3,36.9,23.2,,,,,,,,,,,,,23.2
20260809T111407Z-8d420d681046,2026-08-09T11:14:07+00:00,2026,0000006888,張育成,富邦悍將,打者,野手,292.0,247.0,76.0,12.0,35,50,0.308,0.404,0.522,0.926,0.214,0.113,0.1712,0.0411,0.84,30.8,54.2,57.7,46.5,,,,,,,,,,,,,46.5
20260809T111407Z-8d420d681046,2026-08-09T11:14:07+00:00,2026,0000007079,劉俊緯,味全龍,打者,野手,212.0,192.0,51.0,2.0,13,27,0.266,0.319,0.344,0.663,0.078,0.0566,0.1274,0.0094,0.59,26.6,17.5,46.6,30.7,,,,,,,,,,,,,30.7
20260809T111407Z-8d420d681046,2026-08-09T11:14:07+00:00,2026,0000000929,王威晨,中信兄弟,打者,野手,262.0,241.0,64.0,1.0,17,28,0.266,0.317,0.336,0.653,0.07,0.0649,0.1069,0.0038,0.68,26.6,13.9,49.7,30.2,,,,,,,,,,,,,30.2
20260809T111407Z-8d420d681046,2026-08-09T11:14:07+00:00,2026,0000005340,王博玄,台鋼雄鷹,打者,野手,254.0,233.0,73.0,1.0,11,43,0.313,0.348,0.352,0.7,0.039,0.0433,0.1693,0.0039,0.3,31.3,8.5,39.9,29.7,,,,,,,,,,,,,29.7
20260809T111407Z-8d420d681046,2026-08-09T11:14:07+00:00,2026,0000006223,林子豪,統一7-ELEVEn獅,打者,野手,236.0,218.0,59.0,2.0,15,35,0.271,0.318,0.367,0.685,0.096,0.0636,0.1483,0.0085,0.46,27.1,20.4,45.9,31.8,,,,,,,,,,,,,31.8
20260809T111407Z-8d420d681046,2026-08-09T11:14:07+00:00,2026,0000002285,高宇杰,中信兄弟,打者,野手,235.0,208.0,55.0,0.0,17,35,0.264,0.32,0.279,0.599,0.015,0.0723,0.1489,0.0,0.51,26.4,2.7,47.9,26.5,,,,,,,,,,,,,26.5
20260809T111407Z-8d420d681046,2026-08-09T11:14:07+00:00,2026,0000001474,蘇智傑,統一7-ELEVEn獅,打者,野手,273.0,252.0,66.0,8.0,15,30,0.262,0.308,0.425,0.733,0.163,0.0549,0.1099,0.0293,0.6,26.200000000000003,40.5,47.0,36.9,,,,,,,,,,,,,36.9
20260809T111407Z-8d420d681046,2026-08-09T11:14:07+00:00,2026,0000005531,邱智呈,統一7-ELEVEn獅,打者,野手,246.0,206.0,52.0,3.0,36,33,0.252,0.374,0.34,0.714,0.088,0.1463,0.1341,0.0122,1.21,25.2,20.4,68.7,35.5,,,,,,,,,,,,,35.5
20260809T111407Z-8d420d681046,2026-08-09T11:14:07+00:00,2026,0000001618,林子偉,樂天桃猿,打者,野手,278.0,256.0,64.0,3.0,13,34,0.25,0.289,0.34,0.629,0.09,0.0468,0.1223,0.0108,0.44,25.0,20.2,43.5,29.7,,,,,,,,,,,,,29.7
20260809T111407Z-8d420d681046,2026-08-09T11:14:07+00:00,2026,0000005571,岳政華,中信兄弟,打者,野手,249.0,215.0,49.0,4.0,20,49,0.228,0.3,0.34,0.64,0.112,0.0803,0.1968,0.0161,0.47,22.8,26.2,47.3,31.3,,,,,,,,,,,,,31.3
20260809T111407Z-8d420d681046,2026-08-09T11:14:07+00:00,2026,0000000743,陳子豪,味全龍,打者,野手,244.0,215.0,39.0,3.0,25,46,0.181,0.27,0.274,0.544,0.093,0.1025,0.1885,0.0123,0.59,18.1,21.4,52.8,28.1,,,,,,,,,,,,,28.1
20260809T111407Z-8d420d681046,2026-08-09T11:14:07+00:00,2026,0000006235,林政華,樂天桃猿,打者,野手,201.0,170.0,43.0,2.0,16,34,0.253,0.33,0.324,0.654,0.071,0.0796,0.1692,0.01,0.59,25.3,16.5,49.3,30.5,,,,,,,,,,,,,30.5
20260809T111407Z-8d420d681046,2026-08-09T11:14:07+00:00,2026,0000006730,張仁瑋,中信兄弟,打者,野手,268.0,248.0,80.0,3.0,15,29,0.323,0.357,0.415,0.772,0.092,0.056,0.1082,0.0112,0.52,32.300000000000004,20.7,46.5,34.9,,,,,,,,,,,,,34.9
20260809T111407Z-8d420d681046,2026-08-09T11:14:07+00:00,2026,0000006216,王順和,味全龍,打者,野手,221.0,191.0,54.0,3.0,21,59,0.283,0.368,0.408,0.776,0.125,0.095,0.267,0.0136,0.46,28.3,27.5,47.4,35.7,,,,,,,,,,,,,35.7
20260809T111407Z-8d420d681046,2026-08-09T11:14:07+00:00,2026,0000005298,黃韋盛,中信兄弟,打者,野手,233.0,210.0,54.0,2.0,19,36,0.257,0.318,0.343,0.661,0.086,0.0815,0.1545,0.0086,0.56,25.7,18.6,49.9,31.2,,,,,,,,,,,,,31.2
20260809T111407Z-8d420d681046,2026-08-09T11:14:07+00:00,2026,0000002291,岳東華,中信兄弟,打者,野手,232.0,209.0,58.0,2.0,16,41,0.278,0.33,0.392,0.722,0.114,0.069,0.1767,0.0086,0.44,27.800000000000004,23.6,45.6,33.4,,,,,,,,,,,,,33.4
20260809T111407Z-8d420d681046,2026-08-09T11:14:07+00:00,2026,0000006225,宋晟睿,中信兄弟,打者,野手,216.0,190.0,52.0,5.0,15,36,0.274,0.336,0.442,0.778,0.168,0.0694,0.1667,0.0231,0.56,27.4,38.9,47.3,37.9,,,,,,,,,,,,,37.9
20260809T111407Z-8d420d681046,2026-08-09T11:14:07+00:00,2026,0000006929,紀慶然,台鋼雄鷹,打者,野手,195.0,179.0,45.0,0.0,14,32,0.251,0.304,0.279,0.583,0.028,0.0718,0.1641,0.0,0.44,25.1,5.0,46.6,26.1,,,,,,,,,,,,,26.1
20260809T111407Z-8d420d681046,2026-08-09T11:14:07+00:00,2026,0000004636,江坤宇,中信兄弟,打者,野手,251.0,213.0,60.0,2.0,20,26,0.282,0.366,0.362,0.728,0.08,0.0797,0.1036,0.008,1.12,28.2,17.3,56.9,34.0,,,,,,,,,,,,,34.0
20260809T111407Z-8d420d681046,2026-08-09T11:14:07+00:00,2026,0000000772,陳文杰,台鋼雄鷹,打者,野手,286.0,258.0,75.0,1.0,20,33,0.291,0.349,0.395,0.744,0.104,0.0699,0.1154,0.0035,0.73,29.1,19.8,50.8,34.1,,,,,,,,,,,,,34.1
20260809T111407Z-8d420d681046,2026-08-09T11:14:07+00:00,2026,0000005522,朱迦恩,統一7-ELEVEn獅,打者,野手,209.0,189.0,57.0,4.0,12,47,0.302,0.353,0.439,0.792,0.137,0.0574,0.2249,0.0191,0.34,30.2,31.8,40.9,36.4,,,,,,,,,,,,,36.4
20260809T111407Z-8d420d681046,2026-08-09T11:14:07+00:00,2026,0000002298,陳重羽,統一7-ELEVEn獅,打者,野手,194.0,162.0,45.0,0.0,21,28,0.278,0.369,0.321,0.69,0.043,0.1082,0.1443,0.0,0.86,27.800000000000004,7.6,58.0,31.3,,,,,,,,,,,,,31.3
20260809T111407Z-8d420d681046,2026-08-09T11:14:07+00:00,2026,0000007076,李勛傑,樂天桃猿,打者,野手,212.0,185.0,45.0,6.0,24,64,0.243,0.33,0.395,0.725,0.152,0.1132,0.3019,0.0283,0.39,24.3,38.2,48.7,36.1,,,,,,,,,,,,,36.1
20260809T111407Z-8d420d681046,2026-08-09T11:14:07+00:00,2026,0000006736,王苡丞,富邦悍將,打者,野手,226.0,209.0,56.0,4.0,11,40,0.268,0.311,0.368,0.679,0.1,0.0487,0.177,0.0177,0.35,26.8,24.7,41.1,31.7,,,,,,,,,,,,,31.7
20260809T111407Z-8d420d681046,2026-08-09T11:14:07+00:00,2026,0000005291,蔣少宏,味全龍,打者,野手,178.0,168.0,37.0,2.0,5,32,0.22,0.254,0.304,0.558,0.084,0.0281,0.1798,0.0112,0.25,22.0,19.3,36.3,26.3,,,,,,,,,,,,,26.3
20260809T111407Z-8d420d681046,2026-08-09T11:14:07+00:00,2026,0000007301,曾昱磬,台鋼雄鷹,打者,野手,177.0,131.0,24.0,1.0,37,28,0.183,0.379,0.214,0.593,0.031,0.209,0.1582,0.0056,1.5,18.3,7.7,82.1,30.9,,,,,,,,,,,,,30.9
20260809T111407Z-8d420d681046,2026-08-09T11:14:07+00:00,2026,0000001804,陳傑憲,統一7-ELEVEn獅,打者,野手,238.0,200.0,67.0,4.0,31,21,0.335,0.417,0.445,0.862,0.11,0.1134,0.0882,0.0168,1.48,33.5,26.1,67.1,41.4,,,,,,,,,,,,,41.4
20260809T111407Z-8d420d681046,2026-08-09T11:14:07+00:00,2026,0000003467,林泓育,樂天桃猿,打者,野手,232.0,216.0,58.0,1.0,13,34,0.269,0.31,0.366,0.676,0.097,0.056,0.1466,0.0043,0.41,26.9,18.9,44.0,31.0,,,,,,,,,,,,,31.0
20260809T111407Z-8d420d681046,2026-08-09T11:14:07+00:00,2026,0000003345,林智平,樂天桃猿,打者,野手,205.0,189.0,54.0,1.0,11,21,0.286,0.333,0.339,0.672,0.053,0.0488,0.1024,0.0049,0.67,28.6,11.3,46.9,30.1,,,,,,,,,,,,,30.1
20260809T111407Z-8d420d681046,2026-08-09T11:14:07+00:00,2026,0000005510,林澤彬,富邦悍將,打者,野手,210.0,180.0,56.0,0.0,16,16,0.311,0.366,0.383,0.749,0.072,0.0762,0.0762,0.0,1.13,31.1,12.8,57.3,34.2,,,,,,,,,,,,,34.2
20260809T111407Z-8d420d681046,2026-08-09T11:14:07+00:00,2026,0000006738,孔念恩,富邦悍將,打者,野手,198.0,185.0,57.0,1.0,5,48,0.308,0.323,0.411,0.734,0.103,0.0253,0.2424,0.0051,0.15,30.8,20.3,32.6,31.6,,,,,,,,,,,,,31.6
20260809T111407Z-8d420d681046,2026-08-09T11:14:07+00:00,2026,0000007071,林泓弦,統一7-ELEVEn獅,打者,野手,126.0,114.0,25.0,0.0,9,16,0.219,0.282,0.272,0.554,0.053,0.0714,0.127,0.0,0.63,21.9,9.4,49.7,26.2,,,,,,,,,,,,,26.2
20260809T111407Z-8d420d681046,2026-08-09T11:14:07+00:00,2026,0000006806,池恩齊,富邦悍將,打者,野手,200.0,180.0,39.0,0.0,11,55,0.217,0.26,0.256,0.516,0.039,0.055,0.275,0.0,0.2,21.7,6.9,37.3,22.9,,,,,,,,,,,,,22.9
20260809T111407Z-8d420d681046,2026-08-09T11:14:07+00:00,2026,0000002297,詹子賢,中信兄弟,打者,野手,208.0,189.0,48.0,2.0,17,30,0.254,0.317,0.339,0.656,0.085,0.0817,0.1442,0.0096,0.6,25.4,18.9,50.7,31.2,,,,,,,,,,,,,31.2
20260809T111407Z-8d420d681046,2026-08-09T11:14:07+00:00,2026,0000001291,郭阜林,台鋼雄鷹,打者,野手,150.0,140.0,35.0,1.0,7,32,0.25,0.3,0.307,0.607,0.057,0.0467,0.2133,0.0067,0.31,25.0,12.8,39.0,27.1,,,,,,,,,,,,,27.1
20260809T111407Z-8d420d681046,2026-08-09T11:14:07+00:00,2026,0000001258,劉時豪,台鋼雄鷹,打者,野手,168.0,137.0,32.0,1.0,22,21,0.234,0.367,0.277,0.644,0.043,0.131,0.125,0.006,1.38,23.4,10.0,68.0,31.4,,,,,,,,,,,,,31.4
20260809T111407Z-8d420d681046,2026-08-09T11:14:07+00:00,2026,0000006217,林辰勳,味全龍,打者,野手,115.0,98.0,26.0,0.0,8,23,0.265,0.309,0.316,0.625,0.051,0.0696,0.2,0.0,0.35,26.5,9.0,44.0,27.8,,,,,,,,,,,,,27.8
20260809T111407Z-8d420d681046,2026-08-09T11:14:07+00:00,2026,0000004641,李丞齡,統一7-ELEVEn獅,打者,野手,139.0,133.0,31.0,3.0,5,24,0.233,0.259,0.316,0.575,0.083,0.036,0.1727,0.0216,0.21,23.3,23.3,37.5,27.9,,,,,,,,,,,,,27.9
20260809T111407Z-8d420d681046,2026-08-09T11:14:07+00:00,2026,0000007018,劉子杰,樂天桃猿,打者,野手,174.0,166.0,42.0,1.0,6,14,0.253,0.277,0.307,0.584,0.054,0.0345,0.0805,0.0057,0.43,25.3,11.8,42.7,27.0,,,,,,,,,,,,,27.0
20260809T111407Z-8d420d681046,2026-08-09T11:14:07+00:00,2026,0000003609,陳俊秀,中信兄弟,打者,野手,178.0,149.0,37.0,3.0,27,35,0.248,0.36,0.349,0.709,0.101,0.1517,0.1966,0.0169,0.77,24.8,24.6,63.1,35.3,,,,,,,,,,,,,35.3
20260809T111407Z-8d420d681046,2026-08-09T11:14:07+00:00,2026,0000000362,申皓瑋,富邦悍將,打者,野手,165.0,148.0,35.0,2.0,11,40,0.236,0.303,0.324,0.627,0.088,0.0667,0.2424,0.0121,0.38,23.6,20.4,42.3,29.3,,,,,,,,,,,,,29.3
20260809T111407Z-8d420d681046,2026-08-09T11:14:07+00:00,2026,0000002307,王政順,中信兄弟,打者,野手,128.0,110.0,27.0,0.0,12,28,0.245,0.331,0.264,0.595,0.019,0.0938,0.2188,0.0,0.54,24.5,3.4,49.6,26.4,,,,,,,,,,,,,26.4
20260809T111407Z-8d420d681046,2026-08-09T11:14:07+00:00,2026,0000007085,張士綸,中信兄弟,打者,野手,190.0,177.0,58.0,1.0,8,21,0.328,0.351,0.384,0.735,0.056,0.0421,0.1105,0.0053,0.38,32.800000000000004,12.0,42.5,31.9,,,,,,,,,,,,,31.9
20260809T111407Z-8d420d681046,2026-08-09T11:14:07+00:00,2026,0000007064,陳世嘉,台鋼雄鷹,打者,野手,90.0,82.0,8.0,0.0,3,15,0.098,0.149,0.11,0.259,0.012,0.0333,0.1667,0.0,0.33,9.8,2.1,38.5,14.0,,,,,,,,,,,,,14.0
20260809T111407Z-8d420d681046,2026-08-09T11:14:07+00:00,2026,0000007288,何品室融,樂天桃猿,打者,野手,143.0,124.0,23.0,1.0,13,35,0.185,0.287,0.25,0.537,0.065,0.0909,0.2448,0.007,0.51,18.5,14.3,47.9,25.8,,,,,,,,,,,,,25.8
20260809T111407Z-8d420d681046,2026-08-09T11:14:07+00:00,2026,0000000159,成晉,樂天桃猿,打者,野手,122.0,106.0,22.0,0.0,7,15,0.208,0.294,0.236,0.53,0.028,0.0574,0.123,0.0,0.87,20.8,5.0,49.7,24.5,,,,,,,,,,,,,24.5
20260809T111407Z-8d420d681046,2026-08-09T11:14:07+00:00,2026,0000003625,吉力吉撈．鞏冠,味全龍,打者,野手,147.0,127.0,29.0,2.0,15,33,0.228,0.32,0.307,0.627,0.079,0.0952,0.2245,0.0136,0.55,22.8,19.4,49.8,30.0,,,,,,,,,,,,,30.0
20260809T111407Z-8d420d681046,2026-08-09T11:14:07+00:00,2026,0000006868,周佳樂,富邦悍將,打者,野手,38.0,34.0,7.0,0.0,4,7,0.206,0.289,0.294,0.583,0.088,0.1053,0.1842,0.0,0.57,20.6,15.6,53.2,28.3,,,,,,,,,,,,,28.3
20260809T111407Z-8d420d681046,2026-08-09T11:14:07+00:00,2026,0000007302,宋柏翰,台鋼雄鷹,打者,野手,92.0,77.0,19.0,2.0,10,18,0.247,0.319,0.39,0.709,0.143,0.1087,0.1957,0.0217,0.56,24.7,33.9,53.3,35.7,,,,,,,,,,,,,35.7
20260809T111407Z-8d420d681046,2026-08-09T11:14:07+00:00,2026,0000007278,許庭綸,中信兄弟,打者,野手,96.0,84.0,15.0,1.0,7,15,0.179,0.271,0.286,0.557,0.107,0.0729,0.1563,0.0104,0.73,17.9,23.1,50.0,28.2,,,,,,,,,,,,,28.2
20260809T111407Z-8d420d681046,2026-08-09T11:14:07+00:00,2026,0000005569,曾頌恩,中信兄弟,打者,野手,105.0,93.0,24.0,3.0,11,18,0.258,0.333,0.398,0.731,0.14,0.1048,0.1714,0.0286,0.61,25.8,36.1,54.0,36.9,,,,,,,,,,,,,36.9
20260809T111407Z-8d420d681046,2026-08-09T11:14:07+00:00,2026,0000006716,張翔,統一7-ELEVEn獅,打者,野手,92.0,86.0,19.0,1.0,3,17,0.221,0.256,0.314,0.57,0.093,0.0326,0.1848,0.0109,0.24,22.1,20.8,36.8,26.9,,,,,,,,,,,,,26.9
20260809T111407Z-8d420d681046,2026-08-09T11:14:07+00:00,2026,0000007037,張皓崴,統一7-ELEVEn獅,打者,野手,69.0,64.0,23.0,0.0,5,9,0.359,0.406,0.438,0.844,0.079,0.0725,0.1304,0.0,0.56,35.9,14.0,49.1,36.3,,,,,,,,,,,,,36.3
20260809T111407Z-8d420d681046,2026-08-09T11:14:07+00:00,2026,0000006737,董子恩,富邦悍將,打者,野手,125.0,114.0,32.0,0.0,8,8,0.281,0.331,0.351,0.682,0.07,0.064,0.064,0.0,1.13,28.1,12.4,55.6,31.8,,,,,,,,,,,,,31.8
20260809T111407Z-8d420d681046,2026-08-09T11:14:07+00:00,2026,0000006725,張祐嘉,味全龍,打者,野手,64.0,61.0,15.0,0.0,1,16,0.246,0.27,0.262,0.532,0.016,0.0156,0.25,0.0,0.13,24.6,2.8,30.4,22.0,,,,,,,,,,,,,22.0
20260809T111407Z-8d420d681046,2026-08-09T11:14:07+00:00,2026,0000001119,許基宏,中信兄弟,打者,野手,132.0,108.0,20.0,0.0,20,29,0.185,0.326,0.25,0.576,0.065,0.1515,0.2197,0.0,0.79,18.5,11.5,62.5,28.3,,,,,,,,,,,,,28.3
20260809T111407Z-8d420d681046,2026-08-09T11:14:07+00:00,2026,0000000132,梁家榮,樂天桃猿,打者,野手,110.0,99.0,22.0,0.0,10,16,0.222,0.294,0.293,0.587,0.071,0.0909,0.1455,0.0,0.63,22.2,12.6,52.6,28.1,,,,,,,,,,,,,28.1
20260809T111407Z-8d420d681046,2026-08-09T11:14:07+00:00,2026,0000004032,嚴宏鈞,樂天桃猿,打者,野手,47.0,37.0,6.0,0.0,3,13,0.162,0.262,0.216,0.478,0.054,0.0638,0.2766,0.0,0.38,16.2,9.6,40.6,22.0,,,,,,,,,,,,,22.0
20260809T111407Z-8d420d681046,2026-08-09T11:14:07+00:00,2026,0000006861,蔡佳諺,富邦悍將,打者,野手,55.0,53.0,10.0,0.0,1,17,0.189,0.2,0.189,0.389,0.0,0.0182,0.3091,0.0,0.06,18.9,0.0,28.1,16.7,,,,,,,,,,,,,16.7
20260809T111407Z-8d420d681046,2026-08-09T11:14:07+00:00,2026,0000006851,林培緯,統一7-ELEVEn獅,打者,野手,93.0,88.0,19.0,0.0,3,20,0.216,0.247,0.273,0.52,0.057,0.0323,0.2151,0.0,0.2,21.6,10.1,35.3,23.3,,,,,,,,,,,,,23.3
20260809T111407Z-8d420d681046,2026-08-09T11:14:07+00:00,2026,0000006743,劉俊豪,富邦悍將,打者,野手,29.0,24.0,4.0,0.0,4,4,0.167,0.286,0.167,0.453,0.0,0.1379,0.1379,0.0,1.0,16.7,0.0,65.0,23.3,,,,,,,,,,,,,23.3
20260809T111407Z-8d420d681046,2026-08-09T11:14:07+00:00,2026,0000007304,曾聖安,味全龍,打者,野手,81.0,70.0,12.0,1.0,9,21,0.171,0.263,0.214,0.477,0.043,0.1111,0.2593,0.0123,0.43,17.1,12.5,50.2,24.2,,,,,,,,,,,,,24.2
20260809T111407Z-8d420d681046,2026-08-09T11:14:07+00:00,2026,0000006229,葉子霆,富邦悍將,打者,野手,81.0,67.0,11.0,0.0,4,8,0.164,0.234,0.224,0.458,0.06,0.0494,0.0988,0.0,0.88,16.400000000000002,10.6,49.2,23.1,,,,,,,,,,,,,23.1
20260809T111407Z-8d420d681046,2026-08-09T11:14:07+00:00,2026,0000005336,童堉誠,富邦悍將,打者,野手,89.0,72.0,17.0,0.0,12,26,0.236,0.371,0.278,0.649,0.042,0.1348,0.2921,0.0,0.62,23.6,7.4,55.2,29.1,,,,,,,,,,,,,29.1
20260809T111407Z-8d420d681046,2026-08-09T11:14:07+00:00,2026,0000004642,林靖凱,統一7-ELEVEn獅,打者,野手,63.0,58.0,7.0,1.0,3,10,0.121,0.177,0.172,0.349,0.051,0.0476,0.1587,0.0159,0.4,12.1,15.3,42.0,19.6,,,,,,,,,,,,,19.6
20260809T111407Z-8d420d681046,2026-08-09T11:14:07+00:00,2026,0000006936,高聖恩,台鋼雄鷹,打者,野手,53.0,49.0,13.0,0.0,1,15,0.265,0.288,0.286,0.574,0.021,0.0189,0.283,0.0,0.13,26.5,3.7,29.8,23.4,,,,,,,,,,,,,23.4
20260809T111407Z-8d420d681046,2026-08-09T11:14:07+00:00,2026,0000005548,林孝程,味全龍,打者,野手,44.0,38.0,9.0,0.0,5,11,0.237,0.341,0.316,0.657,0.079,0.1136,0.25,0.0,0.55,23.7,14.0,52.2,30.2,,,,,,,,,,,,,30.2
20260809T111407Z-8d420d681046,2026-08-09T11:14:07+00:00,2026,0000007070,林佳緯,統一7-ELEVEn獅,打者,野手,92.0,89.0,15.0,0.0,2,27,0.169,0.196,0.18,0.376,0.011,0.0217,0.2935,0.0,0.11,16.900000000000002,1.9,29.7,16.7,,,,,,,,,,,,,16.7
20260809T111407Z-8d420d681046,2026-08-09T11:14:07+00:00,2026,0000001473,李宗賢,富邦悍將,打者,野手,64.0,58.0,13.0,0.0,5,8,0.224,0.297,0.259,0.556,0.035,0.0781,0.125,0.0,0.75,22.4,6.2,52.2,26.1,,,,,,,,,,,,,26.1
20260809T111407Z-8d420d681046,2026-08-09T11:14:07+00:00,2026,0000006939,顏郁軒,台鋼雄鷹,打者,野手,64.0,56.0,8.0,2.0,2,11,0.143,0.197,0.25,0.447,0.107,0.0313,0.1719,0.0312,0.36,14.3,31.3,38.2,24.9,,,,,,,,,,,,,24.9
20260809T111407Z-8d420d681046,2026-08-09T11:14:07+00:00,2026,0000003563,余德龍,樂天桃猿,打者,野手,40.0,34.0,4.0,1.0,2,10,0.118,0.162,0.206,0.368,0.088,0.05,0.25,0.025,0.2,11.8,25.5,37.2,21.3,,,,,,,,,,,,,21.3
20260809T111407Z-8d420d681046,2026-08-09T11:14:07+00:00,2026,0000002286,林立,樂天桃猿,打者,野手,83.0,79.0,24.0,1.0,2,8,0.304,0.321,0.405,0.726,0.101,0.012,0.0964,0.012,0.25,30.4,22.7,36.3,32.4,,,,,,,,,,,,,32.4
20260809T111407Z-8d420d681046,2026-08-09T11:14:07+00:00,2026,0000002661,陳鏞基,統一7-ELEVEn獅,打者,野手,61.0,56.0,16.0,0.0,5,7,0.286,0.344,0.286,0.63,0.0,0.082,0.1148,0.0,0.71,28.6,0.0,52.8,27.8,,,,,,,,,,,,,27.8
20260809T111407Z-8d420d681046,2026-08-09T11:14:07+00:00,2026,0000001754,林書逸,富邦悍將,打者,野手,51.0,45.0,10.0,0.0,5,15,0.222,0.3,0.311,0.611,0.089,0.098,0.2941,0.0,0.33,22.2,15.8,45.6,28.2,,,,,,,,,,,,,28.2
20260809T111407Z-8d420d681046,2026-08-09T11:14:07+00:00,2026,0000002289,陳重廷,統一7-ELEVEn獅,打者,野手,42.0,42.0,8.0,0.0,0,7,0.19,0.19,0.238,0.428,0.048,0.0,0.1667,0.0,0.0,19.0,8.5,29.2,19.5,,,,,,,,,,,,,19.5
20260809T111407Z-8d420d681046,2026-08-09T11:14:07+00:00,2026,0000006928,林家鋐,台鋼雄鷹,打者,野手,51.0,39.0,7.0,0.0,6,11,0.179,0.34,0.179,0.519,0.0,0.1176,0.2157,0.0,0.91,17.9,0.0,57.7,23.9,,,,,,,,,,,,,23.9
20260809T111407Z-8d420d681046,2026-08-09T11:14:07+00:00,2026,0000001606,林岱安,富邦悍將,打者,野手,31.0,29.0,1.0,0.0,1,7,0.034,0.067,0.034,0.101,0.0,0.0323,0.2258,0.0,0.14,3.4000000000000004,0.0,34.3,8.1,,,,,,,,,,,,,8.1
20260809T111407Z-8d420d681046,2026-08-09T11:14:07+00:00,2026,0000003533,藍寅倫,台鋼雄鷹,打者,野手,47.0,42.0,15.0,1.0,4,8,0.357,0.404,0.429,0.833,0.072,0.0851,0.1702,0.0213,0.5,35.7,21.2,49.4,37.5,,,,,,,,,,,,,37.5
20260809T111407Z-8d420d681046,2026-08-09T11:14:07+00:00,2026,0000005546,拿莫．伊漾,味全龍,打者,野手,34.0,30.0,9.0,3.0,3,11,0.3,0.382,0.667,1.049,0.367,0.0882,0.3235,0.0882,0.36,30.0,100.0,43.2,56.1,,,,,,,,,,,,,56.1
20260809T111407Z-8d420d681046,2026-08-09T11:14:07+00:00,2026,0000000361,張洺瑀,富邦悍將,打者,野手,74.0,63.0,14.0,0.0,11,18,0.222,0.338,0.27,0.608,0.048,0.1486,0.2432,0.0,0.61,22.2,8.5,59.3,28.7,,,,,,,,,,,,,28.7
20260809T111407Z-8d420d681046,2026-08-09T11:14:07+00:00,2026,0000006872,林岳谷,富邦悍將,打者,野手,66.0,59.0,17.0,0.0,4,9,0.288,0.328,0.322,0.65,0.034,0.0606,0.1364,0.0,0.44,28.8,6.0,45.5,28.4,,,,,,,,,,,,,28.4
20260809T111407Z-8d420d681046,2026-08-09T11:14:07+00:00,2026,0000000153,林承飛,樂天桃猿,打者,野手,69.0,64.0,12.0,0.0,4,13,0.188,0.235,0.203,0.438,0.015,0.058,0.1884,0.0,0.31,18.8,2.7,41.9,20.4,,,,,,,,,,,,,20.4
20260809T111407Z-8d420d681046,2026-08-09T11:14:07+00:00,2026,0000005306,許哲晏,統一7-ELEVEn獅,打者,野手,49.0,41.0,3.0,0.0,4,6,0.073,0.149,0.098,0.247,0.025,0.0816,0.1224,0.0,0.67,7.3,4.4,52.1,15.7,,,,,,,,,,,,,15.7
20260809T111407Z-8d420d681046,2026-08-09T11:14:07+00:00,2026,0000007589,許賀捷,樂天桃猿,打者,野手,29.0,25.0,1.0,0.0,3,9,0.04,0.143,0.04,0.183,0.0,0.1034,0.3103,0.0,0.33,4.0,0.0,46.1,11.8,,,,,,,,,,,,,11.8
20260809T111407Z-8d420d681046,2026-08-09T11:14:07+00:00,2026,BAT0001,邦力多,富邦悍將,打者,野手,75.0,70.0,16.0,0.0,5,13,0.229,0.28,0.271,0.551,0.042,0.0667,0.1733,0.0,0.38,22.9,7.4,44.7,25.2,,,,,,,,,,,,,25.2
20260809T111407Z-8d420d681046,2026-08-09T11:14:07+00:00,2026,0000006726,李展毅,味全龍,打者,野手,54.0,50.0,12.0,0.0,4,12,0.24,0.296,0.34,0.636,0.1,0.0741,0.2222,0.0,0.33,24.0,17.7,43.9,29.2,,,,,,,,,,,,,29.2
20260809T111407Z-8d420d681046,2026-08-09T11:14:07+00:00,2026,0000007591,張育豪,富邦悍將,打者,野手,40.0,33.0,6.0,0.0,4,13,0.182,0.27,0.212,0.482,0.03,0.1,0.325,0.0,0.31,18.2,5.3,44.7,22.2,,,,,,,,,,,,,22.2
20260809T111407Z-8d420d681046,2026-08-09T11:14:07+00:00,2026,0000006847,田子杰,統一7-ELEVEn獅,打者,野手,54.0,50.0,9.0,1.0,3,13,0.18,0.226,0.28,0.506,0.1,0.0556,0.2407,0.0185,0.23,18.0,25.1,38.9,25.8,,,,,,,,,,,,,25.8
20260809T111407Z-8d420d681046,2026-08-09T11:14:07+00:00,2026,0000006879,冉皓燐,味全龍,打者,野手,24.0,23.0,4.0,0.0,1,5,0.174,0.208,0.217,0.425,0.043,0.0417,0.2083,0.0,0.2,17.4,7.6,37.2,20.1,,,,,,,,,,,,,20.1
20260809T111407Z-8d420d681046,2026-08-09T11:14:07+00:00,2026,0000006732,陳統恩,中信兄弟,打者,野手,32.0,27.0,4.0,0.0,4,4,0.148,0.281,0.148,0.429,0.0,0.125,0.125,0.0,1.25,14.8,0.0,65.6,22.5,,,,,,,,,,,,,22.5
20260809T111407Z-8d420d681046,2026-08-09T11:14:07+00:00,2026,0000005333,湯家豪,台鋼雄鷹,打者,野手,27.0,22.0,6.0,0.0,5,3,0.273,0.407,0.273,0.68,0.0,0.1852,0.1111,0.0,1.67,27.3,0.0,81.1,32.9,,,,,,,,,,,,,32.9
20260809T111407Z-8d420d681046,2026-08-09T11:14:07+00:00,2026,0000006931,黃劼希,台鋼雄鷹,打者,野手,40.0,35.0,7.0,1.0,3,9,0.2,0.3,0.343,0.643,0.143,0.075,0.225,0.025,0.56,20.0,35.2,46.2,32.4,,,,,,,,,,,,,32.4
20260809T111407Z-8d420d681046,2026-08-09T11:14:07+00:00,2026,0000006858,陳佳樂,樂天桃猿,打者,野手,56.0,52.0,9.0,1.0,1,12,0.173,0.214,0.231,0.445,0.058,0.0179,0.2143,0.0179,0.25,17.299999999999997,17.4,33.2,21.9,,,,,,,,,,,,,21.9
20260809T111407Z-8d420d681046,2026-08-09T11:14:07+00:00,2026,0000007631,朱盟,台鋼雄鷹,打者,野手,28.0,27.0,4.0,0.0,0,6,0.148,0.148,0.185,0.333,0.037,0.0,0.2143,0.0,0.0,14.8,6.6,27.5,15.9,,,,,,,,,,,,,15.9
20260809T111407Z-8d420d681046,2026-08-09T11:14:07+00:00,2026,0000006843,潘磊,統一7-ELEVEn獅,打者,野手,39.0,37.0,5.0,1.0,0,11,0.135,0.154,0.216,0.37,0.081,0.0,0.2821,0.0256,0.09,13.5,24.5,26.0,19.8,,,,,,,,,,,,,19.8
20260809T111407Z-8d420d681046,2026-08-09T11:14:07+00:00,2026,0000001339,林祖傑,統一7-ELEVEn獅,打者,野手,36.0,30.0,4.0,0.0,4,7,0.133,0.235,0.2,0.435,0.067,0.1111,0.1944,0.0,0.57,13.3,11.9,53.9,22.9,,,,,,,,,,,,,22.9
20260809T111407Z-8d420d681046,2026-08-09T11:14:07+00:00,2026,0000003211,王勝偉,富邦悍將,打者,野手,36.0,29.0,6.0,1.0,4,8,0.207,0.324,0.31,0.634,0.103,0.1111,0.2222,0.0278,0.63,20.7,29.3,53.5,32.3,,,,,,,,,,,,,32.3
20260809T111407Z-8d420d681046,2026-08-09T11:14:07+00:00,2026,0000003183,張志豪,中信兄弟,打者,野手,50.0,43.0,6.0,0.0,3,9,0.14,0.18,0.163,0.343,0.023,0.06,0.18,0.0,0.33,14.000000000000002,4.1,42.8,17.8,,,,,,,,,,,,,17.8
20260809T111407Z-8d420d681046,2026-08-09T11:14:07+00:00,2026,0000004643,胡冠俞,台鋼雄鷹,打者,野手,30.0,26.0,5.0,0.0,2,9,0.192,0.276,0.231,0.507,0.039,0.0667,0.3,0.0,0.33,19.2,6.9,39.8,22.6,,,,,,,,,,,,,22.6
20260809T111407Z-8d420d681046,2026-08-09T11:14:07+00:00,2026,0000007312,張趙紘,樂天桃猿,打者,野手,42.0,36.0,6.0,0.0,6,10,0.167,0.286,0.222,0.508,0.055,0.1429,0.2381,0.0,0.6,16.7,9.7,58.4,25.5,,,,,,,,,,,,,25.5
20260809T111407Z-8d420d681046,2026-08-09T11:14:07+00:00,2026,0000005553,張祐銘,味全龍,打者,野手,26.0,23.0,6.0,0.0,1,4,0.261,0.346,0.391,0.737,0.13,0.0385,0.1538,0.0,0.75,26.1,23.0,44.0,33.0,,,,,,,,,,,,,33.0
20260809T111407Z-8d420d681046,2026-08-09T11:14:07+00:00,2026,0000006835,顏清浤,台鋼雄鷹,打者,野手,18.0,16.0,4.0,0.0,1,4,0.25,0.294,0.25,0.544,0.0,0.0556,0.2222,0.0,0.25,25.0,0.0,39.7,23.2,,,,,,,,,,,,,23.2
20260809T111407Z-8d420d681046,2026-08-09T11:14:07+00:00,2026,0000006926,陳致嘉,台鋼雄鷹,打者,野手,13.0,12.0,2.0,0.0,0,4,0.167,0.167,0.25,0.417,0.083,0.0,0.3077,0.0,0.0,16.7,14.7,24.2,19.3,,,,,,,,,,,,,19.3
20260809T111407Z-8d420d681046,2026-08-09T11:14:07+00:00,2026,0000006728,陳思仲,味全龍,打者,野手,18.0,16.0,1.0,0.0,1,7,0.063,0.167,0.063,0.23,0.0,0.0556,0.3889,0.0,0.29,6.3,0.0,34.3,11.6,,,,,,,,,,,,,11.6
20260809T111407Z-8d420d681046,2026-08-09T11:14:07+00:00,2026,0000006224,林吳晉瑋,中信兄弟,打者,野手,15.0,11.0,3.0,0.0,3,2,0.273,0.429,0.273,0.702,0.0,0.2,0.1333,0.0,1.5,27.3,0.0,81.3,33.4,,,,,,,,,,,,,33.4
20260809T111407Z-8d420d681046,2026-08-09T11:14:07+00:00,2026,0000007822,威克,樂天桃猿,打者,野手,49.0,46.0,12.0,3.0,2,8,0.261,0.306,0.478,0.784,0.217,0.0408,0.1633,0.0612,0.38,26.1,62.7,40.4,41.5,,,,,,,,,,,,,41.5
20260809T111407Z-8d420d681046,2026-08-09T11:14:07+00:00,2026,0000002282,張閔勛,樂天桃猿,打者,野手,25.0,21.0,3.0,0.0,4,2,0.143,0.28,0.143,0.423,0.0,0.12,0.08,0.0,2.0,14.3,0.0,73.8,23.4,,,,,,,,,,,,,23.4
20260809T111407Z-8d420d681046,2026-08-09T11:14:07+00:00,2026,0000005496,辛元旭,富邦悍將,打者,野手,18.0,18.0,2.0,0.0,0,5,0.111,0.111,0.111,0.222,0.0,0.0,0.2778,0.0,0.0,11.1,0.0,25.3,11.0,,,,,,,,,,,,,11.0
20260809T111407Z-8d420d681046,2026-08-09T11:14:07+00:00,2026,0000005656,李聖裕,中信兄弟,打者,野手,21.0,19.0,5.0,0.0,2,7,0.263,0.333,0.263,0.596,0.0,0.0952,0.3333,0.0,0.29,26.3,0.0,43.4,25.2,,,,,,,,,,,,,25.2
20260809T111407Z-8d420d681046,2026-08-09T11:14:07+00:00,2026,0000005567,林瑞鈞,中信兄弟,打者,野手,20.0,17.0,4.0,1.0,2,6,0.235,0.35,0.471,0.821,0.236,0.1,0.3,0.05,0.5,23.5,61.6,47.5,42.6,,,,,,,,,,,,,42.6
20260809T111407Z-8d420d681046,2026-08-09T11:14:07+00:00,2026,0000002304,吳明鴻,台鋼雄鷹,打者,野手,14.0,13.0,2.0,0.0,0,3,0.154,0.154,0.154,0.308,0.0,0.0,0.2143,0.0,0.0,15.4,0.0,27.5,14.1,,,,,,,,,,,,,14.1
20260809T111407Z-8d420d681046,2026-08-09T11:14:07+00:00,2026,0000002305,王正棠,富邦悍將,打者,野手,14.0,13.0,2.0,0.0,1,1,0.154,0.214,0.154,0.368,0.0,0.0714,0.0714,0.0,1.0,15.4,0.0,55.4,19.7,,,,,,,,,,,,,19.7
20260809T111407Z-8d420d681046,2026-08-09T11:14:07+00:00,2026,0000000910,張進德,富邦悍將,打者,野手,15.0,14.0,1.0,0.0,1,3,0.071,0.133,0.071,0.204,0.0,0.0667,0.2,0.0,0.33,7.1,0.0,43.3,12.5,,,,,,,,,,,,,12.5
20260809T111407Z-8d420d681046,2026-08-09T11:14:07+00:00,2026,0000007605,王翾祐,統一7-ELEVEn獅,打者,野手,31.0,27.0,10.0,0.0,3,4,0.37,0.433,0.481,0.914,0.111,0.0968,0.129,0.0,0.75,37.0,19.7,55.4,40.2,,,,,,,,,,,,,40.2
20260809T111407Z-8d420d681046,2026-08-09T11:14:07+00:00,2026,0000007282,陳九登,中信兄弟,打者,野手,18.0,15.0,5.0,0.0,3,4,0.333,0.444,0.4,0.844,0.067,0.1667,0.2222,0.0,0.75,33.300000000000004,11.9,64.7,37.7,,,,,,,,,,,,,37.7
20260809T111407Z-8d420d681046,2026-08-09T11:14:07+00:00,2026,0000003174,郭永維,台鋼雄鷹,打者,野手,18.0,17.0,5.0,0.0,1,3,0.294,0.333,0.294,0.627,0.0,0.0556,0.1667,0.0,0.33,29.4,0.0,42.5,26.4,,,,,,,,,,,,,26.4
20260809T111407Z-8d420d681046,2026-08-09T11:14:07+00:00,2026,0000006213,何恆佑,統一7-ELEVEn獅,打者,野手,21.0,20.0,2.0,0.0,0,8,0.1,0.1,0.1,0.2,0.0,0.0,0.381,0.0,0.0,10.0,0.0,21.7,9.8,,,,,,,,,,,,,9.8
20260809T111407Z-8d420d681046,2026-08-09T11:14:07+00:00,2026,0000007091,高捷,富邦悍將,打者,野手,11.0,10.0,2.0,0.0,1,2,0.2,0.273,0.2,0.473,0.0,0.0909,0.1818,0.0,0.5,20.0,0.0,50.0,22.1,,,,,,,,,,,,,22.1
20260809T111407Z-8d420d681046,2026-08-09T11:14:07+00:00,2026,0000007036,戴伯丞,統一7-ELEVEn獅,打者,野手,16.0,15.0,2.0,0.0,0,5,0.133,0.133,0.133,0.266,0.0,0.0,0.3125,0.0,0.0,13.3,0.0,24.1,12.3,,,,,,,,,,,,,12.3
20260809T111407Z-8d420d681046,2026-08-09T11:14:07+00:00,2026,0000007806,道威聖,樂天桃猿,打者,野手,23.0,21.0,3.0,0.0,1,9,0.143,0.217,0.143,0.36,0.0,0.0435,0.3913,0.0,0.22,14.3,0.0,31.3,15.7,,,,,,,,,,,,,15.7
20260809T111407Z-8d420d681046,2026-08-09T11:14:07+00:00,2026,0000006909,豊暐,富邦悍將,打者,野手,7.0,7.0,0.0,0.0,0,3,0.0,0.0,0.0,0.0,0.0,0.0,0.4286,0.0,0.0,0.0,0.0,20.0,3.0,,,,,,,,,,,,,3.0
20260809T111407Z-8d420d681046,2026-08-09T11:14:07+00:00,2026,0000000356,石翔宇,味全龍,打者,野手,3.0,3.0,0.0,0.0,0,2,0.0,0.0,0.0,0.0,0.0,0.0,0.6667,0.0,0.0,0.0,0.0,11.7,1.8,,,,,,,,,,,,,1.8
20260809T111407Z-8d420d681046,2026-08-09T11:14:07+00:00,2026,0000007308,許博閎,味全龍,打者,野手,3.0,3.0,1.0,0.0,0,0,0.333,0.333,0.333,0.666,0.0,0.0,0.0,0.0,0.0,33.300000000000004,0.0,35.0,26.9,,,,,,,,,,,,,26.9
20260809T111407Z-8d420d681046,2026-08-09T11:14:07+00:00,2026,0000007313,曾冠傑,樂天桃猿,打者,野手,9.0,8.0,2.0,0.0,1,3,0.25,0.333,0.25,0.583,0.0,0.1111,0.3333,0.0,0.33,25.0,0.0,46.6,25.1,,,,,,,,,,,,,25.1
20260809T111407Z-8d420d681046,2026-08-09T11:14:07+00:00,2026,0000005310,陳真,富邦悍將,打者,野手,15.0,15.0,3.0,0.0,0,5,0.2,0.2,0.2,0.4,0.0,0.0,0.3333,0.0,0.0,20.0,0.0,23.3,16.5,,,,,,,,,,,,,16.5
20260809T111407Z-8d420d681046,2026-08-09T11:14:07+00:00,2026,0000003645,柯育民,統一7-ELEVEn獅,打者,野手,11.0,10.0,0.0,0.0,0,4,0.0,0.0,0.0,0.0,0.0,0.0,0.3636,0.0,0.0,0.0,0.0,22.3,3.3,,,,,,,,,,,,,3.3
20260809T111407Z-8d420d681046,2026-08-09T11:14:07+00:00,2026,0000007629,顏采丞,台鋼雄鷹,打者,野手,10.0,10.0,0.0,0.0,0,2,0.0,0.0,0.0,0.0,0.0,0.0,0.2,0.0,0.0,0.0,0.0,28.0,4.2,,,,,,,,,,,,,4.2
20260809T111407Z-8d420d681046,2026-08-09T11:14:07+00:00,2026,0000007291,全紹凱,統一7-ELEVEn獅,打者,野手,12.0,12.0,3.0,0.0,0,1,0.25,0.25,0.25,0.5,0.0,0.0,0.0833,0.0,0.0,25.0,0.0,32.1,21.1,,,,,,,,,,,,,21.1
20260809T111407Z-8d420d681046,2026-08-09T11:14:07+00:00,2026,0000000753,杜家明,台鋼雄鷹,打者,野手,12.0,12.0,1.0,0.0,0,1,0.083,0.083,0.083,0.166,0.0,0.0,0.0833,0.0,0.0,8.3,0.0,32.1,10.2,,,,,,,,,,,,,10.2
20260809T111407Z-8d420d681046,2026-08-09T11:14:07+00:00,2026,0000005536,歐晉,樂天桃猿,打者,野手,8.0,6.0,0.0,0.0,2,1,0.0,0.25,0.0,0.25,0.0,0.25,0.125,0.0,2.0,0.0,0.0,95.6,20.0,,,,,,,,,,,,,20.0
20260809T111407Z-8d420d681046,2026-08-09T11:14:07+00:00,2026,0000007086,楊祥禾,中信兄弟,打者,野手,2.0,2.0,0.0,0.0,0,1,0.0,0.0,0.0,0.0,0.0,0.0,0.5,0.0,0.0,0.0,0.0,17.5,2.6,,,,,,,,,,,,,2.6
20260809T111407Z-8d420d681046,2026-08-09T11:14:07+00:00,2026,0000006938,吳柏萱,台鋼雄鷹,打者,野手,9.0,9.0,3.0,0.0,0,2,0.333,0.333,0.333,0.666,0.0,0.0,0.2222,0.0,0.0,33.300000000000004,0.0,27.2,25.7,,,,,,,,,,,,,25.7
20260809T111407Z-8d420d681046,2026-08-09T11:14:07+00:00,2026,0000001118,高國麟,富邦悍將,打者,野手,6.0,6.0,2.0,0.0,0,0,0.333,0.333,0.333,0.666,0.0,0.0,0.0,0.0,0.0,33.300000000000004,0.0,35.0,26.9,,,,,,,,,,,,,26.9
20260809T111407Z-8d420d681046,2026-08-09T11:14:07+00:00,2026,0000005296,董秉軒,台鋼雄鷹,打者,野手,5.0,5.0,1.0,0.0,0,0,0.2,0.2,0.2,0.4,0.0,0.0,0.0,0.0,0.0,20.0,0.0,35.0,18.2,,,,,,,,,,,,,18.2
20260809T111407Z-8d420d681046,2026-08-09T11:14:07+00:00,2026,0000006770,邱邦,樂天桃猿,打者,野手,2.0,2.0,1.0,0.0,0,0,0.5,0.5,0.5,1.0,0.0,0.0,0.0,0.0,0.0,50.0,0.0,35.0,37.8,,,,,,,,,,,,,37.8
20260809T111407Z-8d420d681046,2026-08-09T11:14:07+00:00,2026,0000006955,余羿賢,統一7-ELEVEn獅,打者,野手,2.0,2.0,1.0,0.0,0,1,0.5,0.5,0.5,1.0,0.0,0.0,0.5,0.0,0.0,50.0,0.0,17.5,35.1,,,,,,,,,,,,,35.1
20260809T111407Z-8d420d681046,2026-08-09T11:14:07+00:00,2026,0000006856,董順傑,樂天桃猿,打者,野手,5.0,5.0,0.0,0.0,0,3,0.0,0.0,0.0,0.0,0.0,0.0,0.6,0.0,0.0,0.0,0.0,14.0,2.1,,,,,,,,,,,,,2.1
20260809T111407Z-8d420d681046,2026-08-09T11:14:07+00:00,2026,0000007297,楊泯貽,富邦悍將,打者,野手,5.0,5.0,0.0,0.0,0,0,0.0,0.0,0.0,0.0,0.0,0.0,0.0,0.0,0.0,0.0,0.0,35.0,5.2,,,,,,,,,,,,,5.2
20260809T111407Z-8d420d681046,2026-08-09T11:14:07+00:00,2026,0000007298,盧柏華,富邦悍將,打者,野手,3.0,3.0,0.0,0.0,0,0,0.0,0.0,0.0,0.0,0.0,0.0,0.0,0.0,0.0,0.0,0.0,35.0,5.2,,,,,,,,,,,,,5.2
20260809T111407Z-8d420d681046,2026-08-09T11:14:07+00:00,2026,0000007013,陳飛霖,台鋼雄鷹,打者,野手,4.0,3.0,0.0,0.0,1,1,0.0,0.25,0.0,0.25,0.0,0.25,0.25,0.0,1.0,0.0,0.0,81.2,17.8,,,,,,,,,,,,,17.8
20260809T111407Z-8d420d681046,2026-08-09T11:14:07+00:00,2026,0000006930,黃秉揚,台鋼雄鷹,打者,野手,3.0,3.0,0.0,0.0,0,1,0.0,0.0,0.0,0.0,0.0,0.0,0.3333,0.0,0.0,0.0,0.0,23.3,3.5,,,,,,,,,,,,,3.5
20260809T111407Z-8d420d681046,2026-08-09T11:14:07+00:00,2026,0000005563,姚冠瑋,味全龍,打者,野手,2.0,2.0,0.0,0.0,0,1,0.0,0.0,0.0,0.0,0.0,0.0,0.5,0.0,0.0,0.0,0.0,17.5,2.6,,,,,,,,,,,,,2.6
20260809T111407Z-8d420d681046,2026-08-09T11:14:07+00:00,2026,0000003339,林哲瑄,富邦悍將,打者,野手,1.0,1.0,1.0,0.0,0,0,1.0,1.0,1.0,2.0,0.0,0.0,0.0,0.0,0.0,100.0,0.0,35.0,70.2,,,,,,,,,,,,,70.2
20260809T111407Z-8d420d681046,2026-08-09T11:14:07+00:00,2026,0000007610,吳承皓,味全龍,打者,野手,4.0,3.0,1.0,0.0,1,0,0.333,0.5,0.333,0.833,0.0,0.25,0.0,0.0,0.0,33.300000000000004,0.0,80.0,37.4,,,,,,,,,,,,,37.4
20260809T111407Z-8d420d681046,2026-08-09T11:14:07+00:00,2026,0000007315,游承勳,樂天桃猿,打者,野手,4.0,4.0,0.0,0.0,0,1,0.0,0.0,0.0,0.0,0.0,0.0,0.25,0.0,0.0,0.0,0.0,26.2,3.9,,,,,,,,,,,,,3.9
20260809T111407Z-8d420d681046,2026-08-09T11:14:07+00:00,2026,0000007602,吳柏賢,統一7-ELEVEn獅,打者,野手,1.0,1.0,0.0,0.0,0,0,0.0,0.0,0.0,0.0,0.0,0.0,0.0,0.0,0.0,0.0,0.0,35.0,5.2,,,,,,,,,,,,,5.2
20260809T111407Z-8d420d681046,2026-08-09T11:14:07+00:00,2026,0000005538,黃柏豪,味全龍,打者,野手,1.0,1.0,0.0,0.0,0,1,0.0,0.0,0.0,0.0,0.0,0.0,1.0,0.0,0.0,0.0,0.0,0.0,0.0,,,,,,,,,,,,,0.0
20260809T111407Z-8d420d681046,2026-08-09T11:14:07+00:00,2026,0000000771,陳琥,中信兄弟,打者,野手,1.0,1.0,0.0,0.0,0,0,0.0,0.0,0.0,0.0,0.0,0.0,0.0,0.0,0.0,0.0,0.0,35.0,5.2,,,,,,,,,,,,,5.2
20260809T111407Z-8d420d681046,2026-08-09T11:14:07+00:00,2026,0000001232,江忠城,中信兄弟,打者,野手,1.0,1.0,0.0,0.0,0,0,0.0,0.0,0.0,0.0,0.0,0.0,0.0,0.0,0.0,0.0,0.0,35.0,5.2,,,,,,,,,,,,,5.2
20260809T111407Z-8d420d681046,2026-08-09T11:14:07+00:00,2026,0000007088,徐博瑋,中信兄弟,打者,野手,0.0,0.0,0.0,0.0,0,0,0.0,0.0,0.0,0.0,0.0,0.0,0.0,0.0,0.0,0.0,0.0,35.0,5.2,,,,,,,,,,,,,5.2
20260809T111407Z-8d420d681046,2026-08-09T11:14:07+00:00,2026,0000006221,劉貴元,中信兄弟,打者,野手,0.0,0.0,0.0,0.0,0,0,0.0,0.0,0.0,0.0,0.0,0.0,0.0,0.0,0.0,0.0,0.0,35.0,5.2,,,,,,,,,,,,,5.2
20260809T111407Z-8d420d681046,2026-08-09T11:14:07+00:00,2026,0000005555,陳冠偉,味全龍,投手,投手,,,,,7,26,,,,,,0.0496,0.1844,,,,,,,37.333,7.0,26.0,1.0,1.69,0.88,3.71,0.0071,92.2,36.9,63.1,69.6,69.6
20260809T111407Z-8d420d681046,2026-08-09T11:14:07+00:00,2026,0000005788,林凱威,味全龍,投手,投手,,,,,10,23,,,,,,0.0649,0.1494,,,,,,,37.0,12.0,33.0,2.0,2.92,1.16,2.3,0.013,88.3,29.9,54.7,63.6,63.6
20260809T111407Z-8d420d681046,2026-08-09T11:14:07+00:00,2026,0000005561,李建勳,富邦悍將,投手,投手,,,,,15,29,,,,,,0.1,0.1933,,,,,,,32.667,18.0,36.0,2.0,4.96,1.56,1.93,0.0133,82.1,38.7,49.4,61.4,61.4
20260809T111407Z-8d420d681046,2026-08-09T11:14:07+00:00,2026,0000000941,陳冠宇,樂天桃猿,投手,投手,,,,,13,41,,,,,,0.0903,0.2847,,,,,,,36.333,9.0,25.0,2.0,2.23,1.05,3.15,0.0139,90.2,56.9,56.3,71.7,71.7
20260809T111407Z-8d420d681046,2026-08-09T11:14:07+00:00,2026,0000006832,陳柏清,台鋼雄鷹,投手,投手,,,,,12,27,,,,,,0.0759,0.1709,,,,,,,38.667,14.0,35.0,2.0,3.26,1.22,2.25,0.0127,87.3,34.2,53.4,63.9,63.9
20260809T111407Z-8d420d681046,2026-08-09T11:14:07+00:00,2026,0000003639,呂彥青,中信兄弟,投手,投手,,,,,6,29,,,,,,0.0476,0.2302,,,,,,,34.0,5.0,20.0,1.0,1.32,0.76,4.83,0.0079,93.5,46.0,68.8,74.2,74.2
20260809T111407Z-8d420d681046,2026-08-09T11:14:07+00:00,2026,0000007293,鍾允華,統一7-ELEVEn獅,投手,投手,,,,,14,33,,,,,,0.0946,0.223,,,,,,,34.667,10.0,32.0,1.0,2.6,1.33,2.36,0.0068,88.1,44.6,52.1,66.4,66.4
20260809T111407Z-8d420d681046,2026-08-09T11:14:07+00:00,2026,0000005790,張奕,富邦悍將,投手,投手,,,,,13,27,,,,,,0.0897,0.1862,,,,,,,35.0,8.0,32.0,2.0,2.06,1.29,2.08,0.0138,89.4,37.2,51.2,64.9,64.9
20260809T111407Z-8d420d681046,2026-08-09T11:14:07+00:00,2026,0000006870,林栚呈,富邦悍將,投手,投手,,,,,16,16,,,,,,0.1103,0.1103,,,,,,,33.667,11.0,28.0,2.0,2.94,1.31,1.0,0.0138,87.5,22.1,43.8,58.0,58.0
20260809T111407Z-8d420d681046,2026-08-09T11:14:07+00:00,2026,0000002280,廖任磊,富邦悍將,投手,投手,,,,,15,9,,,,,,0.1119,0.0672,,,,,,,30.333,15.0,31.0,0.0,4.45,1.52,0.6,0.0,83.3,13.4,41.7,53.3,53.3
20260809T111407Z-8d420d681046,2026-08-09T11:14:07+00:00,2026,0000001821,林子昱,味全龍,投手,投手,,,,,6,15,,,,,,0.0465,0.1163,,,,,,,31.333,10.0,32.0,1.0,2.87,1.21,2.5,0.0078,88.1,23.3,57.5,62.7,62.7
20260809T111407Z-8d420d681046,2026-08-09T11:14:07+00:00,2026,0000006818,髙塩將樹,統一7-ELEVEn獅,投手,投手,,,,,9,18,,,,,,0.0667,0.1333,,,,,,,31.667,11.0,32.0,1.0,3.13,1.29,2.0,0.0074,87.2,26.7,53.1,61.8,61.8
20260809T111407Z-8d420d681046,2026-08-09T11:14:07+00:00,2026,0000005509,莊昕諺,樂天桃猿,投手,投手,,,,,16,21,,,,,,0.1119,0.1469,,,,,,,34.333,6.0,25.0,1.0,1.57,1.19,1.31,0.007,90.9,29.4,45.2,61.8,61.8
20260809T111407Z-8d420d681046,2026-08-09T11:14:07+00:00,2026,0000005558,蘇俊璋,樂天桃猿,投手,投手,,,,,7,21,,,,,,0.0654,0.1963,,,,,,,26.667,9.0,23.0,0.0,3.04,1.13,3.0,0.0,88.2,39.3,58.1,66.9,66.9
20260809T111407Z-8d420d681046,2026-08-09T11:14:07+00:00,2026,0000006227,曾峻岳,富邦悍將,投手,投手,,,,,7,45,,,,,,0.0538,0.3462,,,,,,,33.667,5.0,26.0,1.0,1.34,0.98,6.43,0.0077,92.4,69.2,76.0,81.7,81.7
20260809T111407Z-8d420d681046,2026-08-09T11:14:07+00:00,2026,0000000771,陳琥,中信兄弟,投手,投手,,,,,14,29,,,,,,0.0946,0.1959,,,,,,,36.667,11.0,30.0,3.0,2.7,1.2,2.07,0.0203,88.5,39.2,50.6,64.8,64.8
20260809T111407Z-8d420d681046,2026-08-09T11:14:07+00:00,2026,0000000778,蔡齊哲,中信兄弟,投手,投手,,,,,11,14,,,,,,0.1078,0.1373,,,,,,,25.0,6.0,16.0,2.0,2.16,1.08,1.27,0.0196,90.2,27.5,45.4,61.1,61.1
20260809T111407Z-8d420d681046,2026-08-09T11:14:07+00:00,2026,0000001232,江忠城,中信兄弟,投手,投手,,,,,10,12,,,,,,0.0893,0.1071,,,,,,,26.333,4.0,23.0,0.0,1.37,1.25,1.2,0.0,91.0,21.4,46.9,60.4,60.4
20260809T111407Z-8d420d681046,2026-08-09T11:14:07+00:00,2026,0000006982,黃群,台鋼雄鷹,投手,投手,,,,,13,24,,,,,,0.115,0.2124,,,,,,,27.0,6.0,18.0,0.0,2.0,1.15,1.85,0.0,90.2,42.5,47.5,65.5,65.5
20260809T111407Z-8d420d681046,2026-08-09T11:14:07+00:00,2026,0000003331,李振昌,中信兄弟,投手,投手,,,,,10,17,,,,,,0.0943,0.1604,,,,,,,25.0,11.0,22.0,3.0,3.96,1.28,1.7,0.0283,85.5,32.1,48.9,61.2,61.2
20260809T111407Z-8d420d681046,2026-08-09T11:14:07+00:00,2026,0000006160,李超,味全龍,投手,投手,,,,,9,18,,,,,,0.0857,0.1714,,,,,,,25.667,6.0,23.0,1.0,2.1,1.25,2.0,0.0095,89.5,34.3,51.2,64.2,64.2
20260809T111407Z-8d420d681046,2026-08-09T11:14:07+00:00,2026,0000006228,王志煊,樂天桃猿,投手,投手,,,,,5,11,,,,,,0.0926,0.2037,,,,,,,12.667,3.0,12.0,0.0,2.13,1.34,2.2,0.0,89.0,40.7,51.5,65.7,65.7
20260809T111407Z-8d420d681046,2026-08-09T11:14:07+00:00,2026,0000000998,邱浩鈞,統一7-ELEVEn獅,投手,投手,,,,,12,15,,,,,,0.1165,0.1456,,,,,,,23.667,5.0,20.0,0.0,1.9,1.35,1.25,0.0,89.4,29.1,44.4,60.8,60.8
20260809T111407Z-8d420d681046,2026-08-09T11:14:07+00:00,2026,0000006127,李其峰,統一7-ELEVEn獅,投手,投手,,,,,11,20,,,,,,0.0991,0.1802,,,,,,,24.0,5.0,29.0,2.0,1.88,1.67,1.82,0.018,87.8,36.0,49.0,63.2,63.2
20260809T111407Z-8d420d681046,2026-08-09T11:14:07+00:00,2026,0000000128,朱承洋,樂天桃猿,投手,投手,,,,,6,21,,,,,,0.0583,0.2039,,,,,,,25.667,8.0,23.0,1.0,2.81,1.13,3.5,0.0097,88.6,40.8,61.2,68.4,68.4
20260809T111407Z-8d420d681046,2026-08-09T11:14:07+00:00,2026,0000006833,陳宇宏,台鋼雄鷹,投手,投手,,,,,11,21,,,,,,0.0667,0.1273,,,,,,,36.667,19.0,45.0,2.0,4.66,1.53,1.91,0.0121,82.9,25.5,52.6,59.5,59.5
20260809T111407Z-8d420d681046,2026-08-09T11:14:07+00:00,2026,0000006949,林詩翔,台鋼雄鷹,投手,投手,,,,,12,17,,,,,,0.1081,0.1532,,,,,,,24.667,8.0,23.0,1.0,2.92,1.42,1.42,0.009,87.0,30.6,46.1,60.6,60.6
20260809T111407Z-8d420d681046,2026-08-09T11:14:07+00:00,2026,0000005285,許峻暘,台鋼雄鷹,投手,投手,,,,,4,16,,,,,,0.0482,0.1928,,,,,,,21.333,5.0,15.0,1.0,2.11,0.89,4.0,0.012,91.3,38.6,64.7,70.1,70.1
20260809T111407Z-8d420d681046,2026-08-09T11:14:07+00:00,2026,0000000773,李吳永勤,富邦悍將,投手,投手,,,,,9,11,,,,,,0.1034,0.1264,,,,,,,17.333,12.0,22.0,0.0,6.23,1.79,1.22,0.0,78.4,25.3,45.6,55.3,55.3
20260809T111407Z-8d420d681046,2026-08-09T11:14:07+00:00,2026,0000003292,賴鴻誠,富邦悍將,投手,投手,,,,,9,10,,,,,,0.09,0.1,,,,,,,21.0,15.0,31.0,3.0,6.43,1.9,1.11,0.03,77.4,20.0,46.4,53.8,53.8
20260809T111407Z-8d420d681046,2026-08-09T11:14:07+00:00,2026,0000005789,林鋅杰,味全龍,投手,投手,,,,,13,11,,,,,,0.134,0.1134,,,,,,,22.333,9.0,24.0,2.0,3.63,1.66,0.85,0.0206,84.3,22.7,40.7,55.8,55.8
20260809T111407Z-8d420d681046,2026-08-09T11:14:07+00:00,2026,0000005482,吳承諭,統一7-ELEVEn獅,投手,投手,,,,,6,10,,,,,,0.06,0.1,,,,,,,24.667,7.0,20.0,2.0,2.55,1.05,1.67,0.02,89.6,20.0,52.1,61.0,61.0
20260809T111407Z-8d420d681046,2026-08-09T11:14:07+00:00,2026,0000006237,林子崴,樂天桃猿,投手,投手,,,,,10,25,,,,,,0.0559,0.1397,,,,,,,45.667,7.0,39.0,0.0,1.38,1.07,2.5,0.0,91.8,27.9,56.6,65.3,65.3
20260809T111407Z-8d420d681046,2026-08-09T11:14:07+00:00,2026,0000001390,王躍霖,台鋼雄鷹,投手,投手,,,,,7,11,,,,,,0.0875,0.1375,,,,,,,17.333,9.0,21.0,1.0,4.67,1.62,1.57,0.0125,82.4,27.5,48.9,58.6,58.6
20260809T111407Z-8d420d681046,2026-08-09T11:14:07+00:00,2026,0000002348,施子謙,台鋼雄鷹,投手,投手,,,,,7,9,,,,,,0.0875,0.1125,,,,,,,17.667,9.0,19.0,3.0,4.58,1.47,1.29,0.0375,83.3,22.5,47.5,57.4,57.4
20260809T111407Z-8d420d681046,2026-08-09T11:14:07+00:00,2026,0000007292,李軍,統一7-ELEVEn獅,投手,投手,,,,,10,14,,,,,,0.1282,0.1795,,,,,,,19.333,4.0,10.0,0.0,1.86,1.03,1.4,0.0,91.1,35.9,44.0,63.2,63.2
20260809T111407Z-8d420d681046,2026-08-09T11:14:07+00:00,2026,0000006918,李欣穎,台鋼雄鷹,投手,投手,,,,,5,26,,,,,,0.0532,0.2766,,,,,,,20.333,8.0,24.0,2.0,3.54,1.43,5.2,0.0213,85.6,55.3,70.0,73.3,73.3
20260809T111407Z-8d420d681046,2026-08-09T11:14:07+00:00,2026,0000007580,韋宏亮,台鋼雄鷹,投手,投手,,,,,7,13,,,,,,0.0778,0.1444,,,,,,,20.333,11.0,22.0,0.0,4.87,1.43,1.86,0.0,82.9,28.9,51.3,59.9,59.9
20260809T111407Z-8d420d681046,2026-08-09T11:14:07+00:00,2026,0000006857,舒治浩,樂天桃猿,投手,投手,,,,,8,7,,,,,,0.1081,0.0946,,,,,,,18.667,4.0,13.0,0.0,1.93,1.13,0.88,0.0,90.4,18.9,43.5,58.5,58.5
20260809T111407Z-8d420d681046,2026-08-09T11:14:07+00:00,2026,0000006720,邱駿威,樂天桃猿,投手,投手,,,,,8,10,,,,,,0.0851,0.1064,,,,,,,19.333,9.0,26.0,1.0,4.19,1.76,1.25,0.0106,82.7,21.3,47.6,56.8,56.8
20260809T111407Z-8d420d681046,2026-08-09T11:14:07+00:00,2026,0000005151,羅戈,中信兄弟,投手,投手,,,,,27,82,,,,,,0.06,0.1822,,,,,,,110.0,38.0,102.0,3.0,3.11,1.17,3.04,0.0067,87.8,36.4,58.8,66.2,66.2
20260809T111407Z-8d420d681046,2026-08-09T11:14:07+00:00,2026,0000007044,鄭澔,統一7-ELEVEn獅,投手,投手,,,,,6,17,,,,,,0.1053,0.2982,,,,,,,14.0,3.0,8.0,0.0,1.93,1.0,2.83,0.0,91.1,59.6,53.3,71.9,71.9
20260809T111407Z-8d420d681046,2026-08-09T11:14:07+00:00,2026,0000002347,王浩原,富邦悍將,投手,投手,,,,,8,5,,,,,,0.1194,0.0746,,,,,,,13.667,6.0,20.0,0.0,3.95,2.05,0.62,0.0,81.7,14.9,41.1,52.8,52.8
20260809T111407Z-8d420d681046,2026-08-09T11:14:07+00:00,2026,0000006749,魔力藍,富邦悍將,投手,投手,,,,,27,67,,,,,,0.0616,0.153,,,,,,,103.0,37.0,108.0,3.0,3.23,1.31,2.48,0.0068,86.9,30.6,55.9,63.5,63.5
20260809T111407Z-8d420d681046,2026-08-09T11:14:07+00:00,2026,0000006497,鋼龍,味全龍,投手,投手,,,,,21,96,,,,,,0.0493,0.2254,,,,,,,105.333,25.0,96.0,6.0,2.14,1.11,4.57,0.0141,90.1,45.1,67.4,72.0,72.0
20260809T111407Z-8d420d681046,2026-08-09T11:14:07+00:00,2026,0000002303,黃竣彥,統一7-ELEVEn獅,投手,投手,,,,,4,6,,,,,,0.0727,0.1091,,,,,,,11.667,7.0,18.0,1.0,5.4,1.89,1.5,0.0182,79.6,21.8,50.0,56.3,56.3
20260809T111407Z-8d420d681046,2026-08-09T11:14:07+00:00,2026,0000006906,艾菩樂,樂天桃猿,投手,投手,,,,,21,72,,,,,,0.0465,0.1593,,,,,,,107.0,41.0,109.0,11.0,3.45,1.21,3.43,0.0243,86.9,31.9,62.1,65.7,65.7
20260809T111407Z-8d420d681046,2026-08-09T11:14:07+00:00,2026,0000007053,艾速特,台鋼雄鷹,投手,投手,,,,,32,95,,,,,,0.0796,0.2363,,,,,,,98.667,20.0,68.0,1.0,1.82,1.01,2.97,0.0025,91.2,47.3,56.5,69.8,69.8
20260809T111407Z-8d420d681046,2026-08-09T11:14:07+00:00,2026,0000005604,勝騎士,中信兄弟,投手,投手,,,,,8,82,,,,,,0.019,0.1952,,,,,,,103.0,40.0,107.0,11.0,3.5,1.12,10.25,0.0262,87.3,39.0,98.1,78.5,78.5
20260809T111407Z-8d420d681046,2026-08-09T11:14:07+00:00,2026,0000007597,獅帝芬,統一7-ELEVEn獅,投手,投手,,,,,29,66,,,,,,0.0751,0.171,,,,,,,93.333,28.0,82.0,3.0,2.7,1.19,2.28,0.0078,88.6,34.2,53.6,64.5,64.5
20260809T111407Z-8d420d681046,2026-08-09T11:14:07+00:00,2026,0000005315,高偉強,統一7-ELEVEn獅,投手,投手,,,,,13,9,,,,,,0.1688,0.1169,,,,,,,16.667,10.0,15.0,1.0,5.4,1.68,0.69,0.013,80.6,23.4,36.5,53.1,53.1
20260809T111407Z-8d420d681046,2026-08-09T11:14:07+00:00,2026,0000006910,王伯洋,味全龍,投手,投手,,,,,10,11,,,,,,0.1818,0.2,,,,,,,11.667,3.0,7.0,0.0,2.31,1.46,1.1,0.0,88.0,40.0,37.2,60.8,60.8
20260809T111407Z-8d420d681046,2026-08-09T11:14:07+00:00,2026,0000006215,趙璟榮,味全龍,投手,投手,,,,,10,8,,,,,,0.1538,0.1231,,,,,,,15.0,6.0,14.0,0.0,3.6,1.6,0.8,0.0,84.7,24.6,38.5,55.8,55.8
20260809T111407Z-8d420d681046,2026-08-09T11:14:07+00:00,2026,0000006507,後勁,台鋼雄鷹,投手,投手,,,,,41,65,,,,,,0.1079,0.1711,,,,,,,83.333,46.0,92.0,1.0,4.97,1.6,1.59,0.0026,81.9,34.2,47.0,59.5,59.5
20260809T111407Z-8d420d681046,2026-08-09T11:14:07+00:00,2026,0000001524,劉昱言,富邦悍將,投手,投手,,,,,4,4,,,,,,0.0909,0.0909,,,,,,,10.333,5.0,11.0,1.0,4.35,1.45,1.0,0.0227,83.9,18.2,45.8,56.0,56.0
20260809T111407Z-8d420d681046,2026-08-09T11:14:07+00:00,2026,0000006555,梅賽鍶,味全龍,投手,投手,,,,,16,58,,,,,,0.0436,0.158,,,,,,,92.667,21.0,84.0,4.0,2.04,1.08,3.62,0.0109,90.4,31.6,63.3,67.6,67.6
20260809T111407Z-8d420d681046,2026-08-09T11:14:07+00:00,2026,0000005552,呂偉晟,味全龍,投手,投手,,,,,9,5,,,,,,0.15,0.0833,,,,,,,11.0,3.0,13.0,0.0,2.45,2.0,0.56,0.0,85.0,16.7,37.7,53.7,53.7
20260809T111407Z-8d420d681046,2026-08-09T11:14:07+00:00,2026,0000007779,蔣銲,味全龍,投手,投手,,,,,31,99,,,,,,0.0829,0.2647,,,,,,,95.667,14.0,54.0,3.0,1.32,0.89,3.19,0.008,92.9,52.9,57.3,72.2,72.2
20260809T111407Z-8d420d681046,2026-08-09T11:14:07+00:00,2026,0000006739,李東洺,富邦悍將,投手,投手,,,,,30,44,,,,,,0.085,0.1246,,,,,,,85.0,22.0,70.0,6.0,2.33,1.18,1.47,0.017,89.4,24.9,48.7,61.1,61.1
20260809T111407Z-8d420d681046,2026-08-09T11:14:07+00:00,2026,0000007228,鈴木駿輔,富邦悍將,投手,投手,,,,,21,81,,,,,,0.0588,0.2269,,,,,,,88.333,21.0,76.0,4.0,2.14,1.1,3.86,0.0112,90.1,45.4,62.9,70.8,70.8
20260809T111407Z-8d420d681046,2026-08-09T11:14:07+00:00,2026,0000005731,布雷克,統一7-ELEVEn獅,投手,投手,,,,,11,58,,,,,,0.0284,0.1495,,,,,,,101.0,20.0,89.0,5.0,1.78,0.99,5.27,0.0129,91.4,29.9,72.9,70.5,70.5
20260809T111407Z-8d420d681046,2026-08-09T11:14:07+00:00,2026,0000002274,黃子鵬,台鋼雄鷹,投手,投手,,,,,14,42,,,,,,0.0354,0.1063,,,,,,,100.333,21.0,81.0,2.0,1.88,0.95,3.0,0.0051,91.4,21.3,61.1,64.8,64.8
20260809T111407Z-8d420d681046,2026-08-09T11:14:07+00:00,2026,0000007074,曾家輝,樂天桃猿,投手,投手,,,,,20,60,,,,,,0.0613,0.184,,,,,,,79.667,23.0,67.0,3.0,2.6,1.09,3.0,0.0092,89.3,36.8,58.5,66.9,66.9
20260809T111407Z-8d420d681046,2026-08-09T11:14:07+00:00,2026,0000007790,魔爾曼,樂天桃猿,投手,投手,,,,,26,71,,,,,,0.0708,0.1935,,,,,,,86.667,26.0,80.0,2.0,2.7,1.22,2.73,0.0054,88.4,38.7,56.2,66.3,66.3
20260809T111407Z-8d420d681046,2026-08-09T11:14:07+00:00,2026,0000002679,江承諺,台鋼雄鷹,投手,投手,,,,,21,36,,,,,,0.0633,0.1084,,,,,,,78.0,25.0,79.0,3.0,2.88,1.28,1.71,0.009,87.7,21.7,52.0,60.5,60.5
20260809T111407Z-8d420d681046,2026-08-09T11:14:07+00:00,2026,0000006850,鄭副豪,統一7-ELEVEn獅,投手,投手,,,,,11,5,,,,,,0.2,0.0909,,,,,,,11.333,8.0,9.0,0.0,6.35,1.76,0.45,0.0,78.3,18.2,32.2,49.4,49.4
20260809T111407Z-8d420d681046,2026-08-09T11:14:07+00:00,2026,0000007778,喬登,統一7-ELEVEn獅,投手,投手,,,,,31,84,,,,,,0.1047,0.2838,,,,,,,76.667,12.0,41.0,1.0,1.41,0.94,2.71,0.0034,92.4,56.8,52.7,71.6,71.6
20260809T111407Z-8d420d681046,2026-08-09T11:14:07+00:00,2026,0000002345,鄭浩均,中信兄弟,投手,投手,,,,,31,59,,,,,,0.0966,0.1838,,,,,,,72.333,54.0,75.0,10.0,6.72,1.47,1.9,0.0312,79.0,36.8,49.6,59.6,59.6
20260809T111407Z-8d420d681046,2026-08-09T11:14:07+00:00,2026,0000007276,伍立辰,中信兄弟,投手,投手,,,,,15,20,,,,,,0.0882,0.1176,,,,,,,38.333,24.0,39.0,4.0,5.63,1.41,1.33,0.0235,81.5,23.5,47.7,56.9,56.9
20260809T111407Z-8d420d681046,2026-08-09T11:14:07+00:00,2026,0000007622,錢可倫,中信兄弟,投手,投手,,,,,4,7,,,,,,0.08,0.14,,,,,,,10.0,9.0,14.0,0.0,8.1,1.8,1.75,0.0,74.5,28.0,50.5,55.7,55.7
20260809T111407Z-8d420d681046,2026-08-09T11:14:07+00:00,2026,0000006176,余謙,中信兄弟,投手,投手,,,,,5,7,,,,,,0.0658,0.0921,,,,,,,17.333,13.0,24.0,0.0,6.75,1.67,1.4,0.0,77.9,18.4,50.2,54.7,54.7
20260809T111407Z-8d420d681046,2026-08-09T11:14:07+00:00,2026,0000000762,伍鐸,味全龍,投手,投手,,,,,17,26,,,,,,0.0545,0.0833,,,,,,,75.333,34.0,76.0,5.0,4.06,1.23,1.53,0.016,85.6,16.7,52.0,58.3,58.3
20260809T111407Z-8d420d681046,2026-08-09T11:14:07+00:00,2026,0000005572,魏碩成,中信兄弟,投手,投手,,,,,14,6,,,,,,0.1522,0.0652,,,,,,,17.667,13.0,19.0,0.0,6.62,1.87,0.43,0.0,77.2,13.0,36.9,49.1,49.1
20260809T111407Z-8d420d681046,2026-08-09T11:14:07+00:00,2026,0000006767,許育銘,台鋼雄鷹,投手,投手,,,,,8,8,,,,,,0.1509,0.1509,,,,,,,11.667,4.0,10.0,1.0,3.09,1.54,1.0,0.0189,86.0,30.2,39.8,58.2,58.2
20260809T111407Z-8d420d681046,2026-08-09T11:14:07+00:00,2026,0000007570,坎南,台鋼雄鷹,投手,投手,,,,,13,58,,,,,,0.0405,0.1807,,,,,,,77.333,22.0,78.0,1.0,2.56,1.18,4.46,0.0031,88.9,36.1,67.7,69.3,69.3
20260809T111407Z-8d420d681046,2026-08-09T11:14:07+00:00,2026,0000006295,銳力獅,統一7-ELEVEn獅,投手,投手,,,,,12,51,,,,,,0.0411,0.1747,,,,,,,71.667,23.0,69.0,3.0,2.89,1.13,4.25,0.0103,88.5,34.9,66.6,68.5,68.5
20260809T111407Z-8d420d681046,2026-08-09T11:14:07+00:00,2026,0000007062,威能帝,樂天桃猿,投手,投手,,,,,10,71,,,,,,0.036,0.2554,,,,,,,69.333,16.0,60.0,3.0,2.08,1.01,7.1,0.0108,90.7,51.1,81.0,77.9,77.9
20260809T111407Z-8d420d681046,2026-08-09T11:14:07+00:00,2026,0000007073,賴胤豪,樂天桃猿,投手,投手,,,,,3,7,,,,,,0.0545,0.1273,,,,,,,11.667,9.0,17.0,1.0,6.94,1.71,2.33,0.0182,77.3,25.5,55.9,57.9,57.9
20260809T111407Z-8d420d681046,2026-08-09T11:14:07+00:00,2026,0000007264,魔神龍,味全龍,投手,投手,,,,,17,42,,,,,,0.0584,0.1443,,,,,,,70.333,14.0,68.0,1.0,1.79,1.21,2.47,0.0034,90.3,28.9,56.2,64.7,64.7
20260809T111407Z-8d420d681046,2026-08-09T11:14:07+00:00,2026,0000007299,陳品宏,富邦悍將,投手,投手,,,,,19,27,,,,,,0.1005,0.1429,,,,,,,41.0,22.0,44.0,3.0,4.83,1.54,1.42,0.0159,82.5,28.6,46.9,58.3,58.3
20260809T111407Z-8d420d681046,2026-08-09T11:14:07+00:00,2026,0000006006,德保拉,中信兄弟,投手,投手,,,,,9,41,,,,,,0.0305,0.139,,,,,,,74.667,25.0,67.0,2.0,3.01,1.02,4.56,0.0068,88.8,27.8,69.2,67.7,67.7
20260809T111407Z-8d420d681046,2026-08-09T11:14:07+00:00,2026,0000000776,王凱程,中信兄弟,投手,投手,,,,,1,4,,,,,,0.0179,0.0714,,,,,,,12.0,7.0,19.0,4.0,5.25,1.67,4.0,0.0714,81.0,14.3,67.7,60.3,60.3
20260809T111407Z-8d420d681046,2026-08-09T11:14:07+00:00,2026,0000007593,石梓霖,富邦悍將,投手,投手,,,,,4,5,,,,,,0.0678,0.0847,,,,,,,14.0,7.0,15.0,0.0,4.5,1.36,1.25,0.0,84.0,16.9,49.3,56.8,56.8
20260809T111407Z-8d420d681046,2026-08-09T11:14:07+00:00,2026,0000006923,曾品洋,中信兄弟,投手,投手,,,,,10,6,,,,,,0.2,0.12,,,,,,,10.667,3.0,13.0,1.0,2.53,2.16,0.6,0.02,84.0,24.0,32.9,53.7,53.7
20260809T111407Z-8d420d681046,2026-08-09T11:14:07+00:00,2026,0000003506,謝榮豪,中信兄弟,投手,投手,,,,,7,3,,,,,,0.1489,0.0638,,,,,,,9.667,8.0,10.0,3.0,7.45,1.76,0.43,0.0638,76.0,12.8,37.2,48.6,48.6
20260809T111407Z-8d420d681046,2026-08-09T11:14:07+00:00,2026,0000004637,劉軒荅,統一7-ELEVEn獅,投手,投手,,,,,3,3,,,,,,0.0732,0.0732,,,,,,,9.0,2.0,9.0,0.0,2.0,1.33,1.0,0.0,89.3,14.6,47.6,58.1,58.1
20260809T111407Z-8d420d681046,2026-08-09T11:14:07+00:00,2026,0000006848,林詔恩,統一7-ELEVEn獅,投手,投手,,,,,20,35,,,,,,0.1205,0.2108,,,,,,,40.333,16.0,30.0,0.0,3.57,1.24,1.75,0.0,86.5,42.2,46.5,63.4,63.4
20260809T111407Z-8d420d681046,2026-08-09T11:14:07+00:00,2026,0000007283,陳冠穎,中信兄弟,投手,投手,,,,,4,7,,,,,,0.1176,0.2059,,,,,,,8.667,1.0,5.0,0.0,1.04,1.04,1.75,0.0,92.7,41.2,46.8,66.1,66.1
20260809T111407Z-8d420d681046,2026-08-09T11:14:07+00:00,2026,0000007783,阿部雄大,富邦悍將,投手,投手,,,,,20,41,,,,,,0.0935,0.1916,,,,,,,50.667,25.0,47.0,3.0,4.44,1.32,2.05,0.014,84.4,38.3,50.6,62.7,62.7
20260809T111407Z-8d420d681046,2026-08-09T11:14:07+00:00,2026,0000006723,張鈞守,味全龍,投手,投手,,,,,7,7,,,,,,0.2121,0.2121,,,,,,,8.667,0.0,3.0,0.0,0.0,1.15,1.0,0.0,94.3,42.4,33.7,63.1,63.1
20260809T111407Z-8d420d681046,2026-08-09T11:14:07+00:00,2026,0000004625,吳俊偉,中信兄弟,投手,投手,,,,,3,6,,,,,,0.0833,0.1667,,,,,,,7.667,5.0,11.0,0.0,5.87,1.83,2.0,0.0,78.9,33.3,51.4,59.2,59.2
20260809T111407Z-8d420d681046,2026-08-09T11:14:07+00:00,2026,0000007789,麥斯威尼,樂天桃猿,投手,投手,,,,,24,21,,,,,,0.1132,0.0991,,,,,,,44.333,25.0,53.0,4.0,5.08,1.74,0.88,0.0189,81.0,19.8,43.0,54.3,54.3
20260809T111407Z-8d420d681046,2026-08-09T11:14:07+00:00,2026,0000002272,賴智垣,台鋼雄鷹,投手,投手,,,,,10,5,,,,,,0.2564,0.1282,,,,,,,7.333,3.0,6.0,0.0,3.68,2.18,0.5,0.0,81.6,25.6,26.8,51.2,51.2
20260809T111407Z-8d420d681046,2026-08-09T11:14:07+00:00,2026,0000004624,陳克羿,樂天桃猿,投手,投手,,,,,15,43,,,,,,0.0781,0.224,,,,,,,46.333,20.0,41.0,0.0,3.88,1.21,2.87,0.0,86.0,44.8,56.2,66.8,66.8
20260809T111407Z-8d420d681046,2026-08-09T11:14:07+00:00,2026,0000000779,陳柏豪,樂天桃猿,投手,投手,,,,,3,6,,,,,,0.0882,0.1765,,,,,,,6.667,6.0,13.0,1.0,8.1,2.4,2.0,0.0294,71.5,35.3,50.9,56.3,56.3
20260809T111407Z-8d420d681046,2026-08-09T11:14:07+00:00,2026,0000005479,江國豪,富邦悍將,投手,投手,,,,,14,10,,,,,,0.1094,0.0781,,,,,,,27.0,13.0,31.0,1.0,4.33,1.67,0.71,0.0078,82.8,15.6,42.5,53.9,53.9
20260809T111407Z-8d420d681046,2026-08-09T11:14:07+00:00,2026,0000007281,游竣宥,中信兄弟,投手,投手,,,,,7,7,,,,,,0.1094,0.1094,,,,,,,14.0,7.0,17.0,1.0,4.5,1.71,1.0,0.0156,82.3,21.9,43.9,55.7,55.7
20260809T111407Z-8d420d681046,2026-08-09T11:14:07+00:00,2026,0000006921,伍祐城,台鋼雄鷹,投手,投手,,,,,4,5,,,,,,0.1053,0.1316,,,,,,,9.333,2.0,7.0,2.0,1.93,1.18,1.25,0.0526,90.2,26.3,45.6,60.8,60.8
20260809T111407Z-8d420d681046,2026-08-09T11:14:07+00:00,2026,0000007787,黎克,中信兄弟,投手,投手,,,,,15,20,,,,,,0.1103,0.1471,,,,,,,29.333,16.0,35.0,4.0,4.91,1.7,1.33,0.0294,81.5,29.4,45.5,57.7,57.7
20260809T111407Z-8d420d681046,2026-08-09T11:14:07+00:00,2026,0000007581,黃暐傑,味全龍,投手,投手,,,,,4,3,,,,,,0.0976,0.0732,,,,,,,8.333,3.0,11.0,0.0,3.24,1.8,0.75,0.0,84.4,14.6,43.9,54.8,54.8
20260809T111407Z-8d420d681046,2026-08-09T11:14:07+00:00,2026,0000001719,胡智爲,統一7-ELEVEn獅,投手,投手,,,,,10,19,,,,,,0.0662,0.1258,,,,,,,33.333,24.0,45.0,4.0,6.48,1.65,1.9,0.0265,78.6,25.2,52.6,57.4,57.4
20260809T111407Z-8d420d681046,2026-08-09T11:14:07+00:00,2026,0000005372,呂詠臻,樂天桃猿,投手,投手,,,,,5,2,,,,,,0.1786,0.0714,,,,,,,7.0,2.0,4.0,0.0,2.57,1.29,0.4,0.0,88.3,14.3,34.1,53.5,53.5
20260809T111407Z-8d420d681046,2026-08-09T11:14:07+00:00,2026,0000007047,盧冠宇,樂天桃猿,投手,投手,,,,,3,1,,,,,,0.12,0.04,,,,,,,5.333,3.0,7.0,0.0,5.06,1.88,0.33,0.0,80.3,8.0,39.6,50.0,50.0
20260809T111407Z-8d420d681046,2026-08-09T11:14:07+00:00,2026,0000001260,郭俊麟,統一7-ELEVEn獅,投手,投手,,,,,17,18,,,,,,0.1197,0.1268,,,,,,,32.667,18.0,30.0,2.0,4.96,1.44,1.06,0.0141,82.7,25.4,43.2,56.5,56.5
20260809T111407Z-8d420d681046,2026-08-09T11:14:07+00:00,2026,0000002695,林子崴,統一7-ELEVEn獅,投手,投手,,,,,0,4,,,,,,0.0,0.1667,,,,,,,6.333,0.0,7.0,0.0,0.0,1.11,0.0,0.0,94.4,33.3,50.0,65.8,65.8
20260809T111407Z-8d420d681046,2026-08-09T11:14:07+00:00,2026,0000003608,曾仁和,味全龍,投手,投手,,,,,9,21,,,,,,0.0726,0.1694,,,,,,,28.667,8.0,31.0,1.0,2.51,1.4,2.33,0.0081,87.9,33.9,54.1,64.3,64.3
20260809T111407Z-8d420d681046,2026-08-09T11:14:07+00:00,2026,0000007560,菲力士,中信兄弟,投手,投手,,,,,24,28,,,,,,0.1655,0.1931,,,,,,,30.0,20.0,34.0,2.0,6.0,1.93,1.17,0.0138,78.1,38.6,39.2,56.6,56.6
20260809T111407Z-8d420d681046,2026-08-09T11:14:07+00:00,2026,0000007782,威戈神,富邦悍將,投手,投手,,,,,8,22,,,,,,0.065,0.1789,,,,,,,28.0,16.0,33.0,1.0,5.14,1.46,2.75,0.0081,82.2,35.8,56.9,63.0,63.0
20260809T111407Z-8d420d681046,2026-08-09T11:14:07+00:00,2026,0000006874,盧孟揚,中信兄弟,投手,投手,,,,,5,3,,,,,,0.1923,0.1154,,,,,,,5.333,5.0,5.0,0.0,8.44,1.88,0.6,0.0,73.4,23.1,33.7,48.9,48.9
20260809T111407Z-8d420d681046,2026-08-09T11:14:07+00:00,2026,0000005541,郭郁政,味全龍,投手,投手,,,,,0,7,,,,,,0.0,0.0667,,,,,,,25.667,12.0,30.0,4.0,4.21,1.17,0.0,0.0381,85.6,13.3,50.0,56.8,56.8
20260809T111407Z-8d420d681046,2026-08-09T11:14:07+00:00,2026,0000000135,陳禹勳,味全龍,投手,投手,,,,,1,3,,,,,,0.0588,0.1765,,,,,,,3.667,2.0,4.0,0.0,4.91,1.36,3.0,0.0,83.2,35.3,58.8,63.9,63.9
20260809T111407Z-8d420d681046,2026-08-09T11:14:07+00:00,2026,0000007305,李致霖,味全龍,投手,投手,,,,,11,5,,,,,,0.2558,0.1163,,,,,,,9.333,5.0,6.0,0.0,4.82,1.82,0.45,0.0,81.1,23.3,26.6,50.3,50.3
20260809T111407Z-8d420d681046,2026-08-09T11:14:07+00:00,2026,0000007081,黃侰程,味全龍,投手,投手,,,,,4,5,,,,,,0.1739,0.2174,,,,,,,5.0,2.0,4.0,0.0,3.6,1.6,1.25,0.0,84.7,43.5,38.7,60.6,60.6
20260809T111407Z-8d420d681046,2026-08-09T11:14:07+00:00,2026,0000006878,吳君奕,味全龍,投手,投手,,,,,4,3,,,,,,0.2,0.15,,,,,,,4.667,0.0,4.0,0.0,0.0,1.71,0.75,0.0,91.5,30.0,33.7,58.8,58.8
20260809T111407Z-8d420d681046,2026-08-09T11:14:07+00:00,2026,0000000938,張瑞麟,富邦悍將,投手,投手,,,,,3,3,,,,,,0.1364,0.1364,,,,,,,4.333,4.0,5.0,0.0,8.31,1.85,1.0,0.0,73.8,27.3,41.2,52.4,52.4
20260809T111407Z-8d420d681046,2026-08-09T11:14:07+00:00,2026,0000003393,王鏡銘,統一7-ELEVEn獅,投手,投手,,,,,1,1,,,,,,0.0625,0.0625,,,,,,,4.333,1.0,2.0,1.0,2.08,0.69,1.0,0.0625,92.3,12.5,48.6,59.2,59.2
20260809T111407Z-8d420d681046,2026-08-09T11:14:07+00:00,2026,0000002276,鄭鈞仁,統一7-ELEVEn獅,投手,投手,,,,,2,4,,,,,,0.1,0.2,,,,,,,5.0,1.0,2.0,0.0,1.8,0.8,2.0,0.0,92.3,40.0,49.8,66.5,66.5
20260809T111407Z-8d420d681046,2026-08-09T11:14:07+00:00,2026,0000007061,辛俊昇,統一7-ELEVEn獅,投手,投手,,,,,6,3,,,,,,0.2727,0.1364,,,,,,,3.0,6.0,7.0,0.0,18.0,4.33,0.5,0.0,41.7,27.3,25.2,33.2,33.2
20260809T111407Z-8d420d681046,2026-08-09T11:14:07+00:00,2026,0000006222,劉予承,統一7-ELEVEn獅,投手,投手,,,,,0,2,,,,,,0.0,0.1429,,,,,,,2.333,1.0,6.0,0.0,3.86,2.57,0.0,0.0,79.3,28.6,50.0,57.8,57.8
20260809T111407Z-8d420d681046,2026-08-09T11:14:07+00:00,2026,0000006860,劉家翔,樂天桃猿,投手,投手,,,,,6,9,,,,,,0.0779,0.1169,,,,,,,19.333,6.0,17.0,3.0,2.79,1.19,1.5,0.039,88.4,23.4,49.5,60.5,60.5
20260809T111407Z-8d420d681046,2026-08-09T11:14:07+00:00,2026,0000007615,李柏毓,樂天桃猿,投手,投手,,,,,1,1,,,,,,0.0625,0.0625,,,,,,,3.667,1.0,5.0,0.0,2.45,1.64,1.0,0.0,86.8,12.5,48.6,56.8,56.8
20260809T111407Z-8d420d681046,2026-08-09T11:14:07+00:00,2026,0000001603,王維中,台鋼雄鷹,投手,投手,,,,,6,12,,,,,,0.075,0.15,,,,,,,18.667,12.0,18.0,1.0,5.79,1.29,2.0,0.0125,81.8,30.0,52.3,60.0,60.0
20260809T111407Z-8d420d681046,2026-08-09T11:14:07+00:00,2026,0000000363,陳仕朋,富邦悍將,投手,投手,,,,,7,10,,,,,,0.0795,0.1136,,,,,,,19.667,16.0,24.0,3.0,7.32,1.58,1.43,0.0341,77.2,22.7,49.0,55.1,55.1
20260809T111407Z-8d420d681046,2026-08-09T11:14:07+00:00,2026,0000006771,陳正毅,台鋼雄鷹,投手,投手,,,,,8,7,,,,,,0.1379,0.1207,,,,,,,10.667,5.0,16.0,0.0,4.22,2.25,0.88,0.0,80.2,24.1,40.5,54.3,54.3
20260809T111407Z-8d420d681046,2026-08-09T11:14:07+00:00,2026,0000000368,游霆崴,富邦悍將,投手,投手,,,,,3,7,,,,,,0.0441,0.1029,,,,,,,16.0,6.0,17.0,0.0,3.38,1.25,2.33,0.0,86.9,20.6,57.0,61.4,61.4
20260809T111407Z-8d420d681046,2026-08-09T11:14:07+00:00,2026,0000007568,王偉軒,富邦悍將,投手,投手,,,,,2,4,,,,,,0.125,0.25,,,,,,,4.0,0.0,2.0,0.0,0.0,1.0,2.0,0.0,95.0,50.0,47.3,69.4,69.4
20260809T111407Z-8d420d681046,2026-08-09T11:14:07+00:00,2026,0000006750,陳暐皓,味全龍,投手,投手,,,,,1,2,,,,,,0.1,0.2,,,,,,,2.667,1.0,1.0,0.0,3.38,0.75,2.0,0.0,89.4,40.0,49.8,65.2,65.2
20260809T111407Z-8d420d681046,2026-08-09T11:14:07+00:00,2026,0000007290,張宥謙,統一7-ELEVEn獅,投手,投手,,,,,8,4,,,,,,0.1356,0.0678,,,,,,,13.333,7.0,13.0,0.0,4.73,1.58,0.5,0.0,82.5,13.6,38.9,52.2,52.2
20260809T111407Z-8d420d681046,2026-08-09T11:14:07+00:00,2026,0000002688,陳韻文,統一7-ELEVEn獅,投手,投手,,,,,0,3,,,,,,0.0,0.4286,,,,,,,2.0,0.0,1.0,0.0,0.0,0.5,0.0,0.0,97.5,85.7,50.0,80.3,80.3
20260809T111407Z-8d420d681046,2026-08-09T11:14:07+00:00,2026,0000005282,姚杰宏,統一7-ELEVEn獅,投手,投手,,,,,0,0,,,,,,0.0,0.0,,,,,,,1.667,1.0,3.0,1.0,5.4,1.8,0.0,0.1429,80.0,0.0,50.0,51.0,51.0
20260809T111407Z-8d420d681046,2026-08-09T11:14:07+00:00,2026,0000007303,黃子豪,台鋼雄鷹,投手,投手,,,,,3,8,,,,,,0.075,0.2,,,,,,,8.333,6.0,11.0,1.0,6.48,1.68,2.67,0.025,78.4,40.0,55.5,61.9,61.9
20260809T111407Z-8d420d681046,2026-08-09T11:14:07+00:00,2026,0000006917,謝葆錡,台鋼雄鷹,投手,投手,,,,,0,1,,,,,,0.0,0.125,,,,,,,2.0,1.0,3.0,0.0,4.5,1.5,0.0,0.0,83.3,25.0,50.0,58.7,58.7
20260809T111407Z-8d420d681046,2026-08-09T11:14:07+00:00,2026,0000007279,鄧朝駿,中信兄弟,投手,投手,,,,,1,1,,,,,,0.0909,0.0909,,,,,,,2.0,3.0,4.0,0.0,13.5,2.5,1.0,0.0,60.0,18.2,45.8,45.3,45.3
20260809T111407Z-8d420d681046,2026-08-09T11:14:07+00:00,2026,0000007090,林家勝,富邦悍將,投手,投手,,,,,3,3,,,,,,0.375,0.375,,,,,,,2.0,0.0,1.0,0.0,0.0,2.0,1.0,0.0,90.0,75.0,17.4,64.5,64.5
20260809T111407Z-8d420d681046,2026-08-09T11:14:07+00:00,2026,0000006922,黃紹睿,台鋼雄鷹,投手,投手,,,,,1,1,,,,,,0.1667,0.1667,,,,,,,1.0,3.0,1.0,0.0,27.0,2.0,1.0,0.0,35.0,33.3,38.2,35.5,35.5
20260809T111407Z-8d420d681046,2026-08-09T11:14:07+00:00,2026,0000006743,劉俊豪,富邦悍將,投手,投手,,,,,2,0,,,,,,0.2857,0.0,,,,,,,1.0,3.0,2.0,0.0,27.0,4.0,0.0,0.0,25.0,0.0,21.4,17.7,17.7
20260809T111407Z-8d420d681046,2026-08-09T11:14:07+00:00,2026,0000006875,陳柏均,中信兄弟,投手,投手,,,,,1,2,,,,,,0.2,0.4,,,,,,,1.0,0.0,1.0,0.0,0.0,2.0,2.0,0.0,90.0,80.0,39.8,72.4,72.4
20260809T111407Z-8d420d681046,2026-08-09T11:14:07+00:00,2026,0000007049,林暉盛,中信兄弟,投手,投手,,,,,4,2,,,,,,0.25,0.125,,,,,,,3.0,2.0,2.0,1.0,6.0,2.0,0.5,0.0625,77.8,25.0,27.4,49.5,49.5
20260809T111407Z-8d420d681046,2026-08-09T11:14:07+00:00,2026,0000006236,楊鈺翔,味全龍,投手,投手,,,,,1,1,,,,,,0.0769,0.0769,,,,,,,3.333,0.0,3.0,0.0,0.0,1.2,1.0,0.0,94.0,15.4,47.2,60.3,60.3
20260809T111407Z-8d420d681046,2026-08-09T11:14:07+00:00,2026,0000007295,陳鐿中,富邦悍將,投手,投手,,,,,0,2,,,,,,0.0,0.5,,,,,,,1.0,1.0,1.0,1.0,9.0,1.0,0.0,0.25,76.7,100.0,50.0,74.5,74.5
20260809T111407Z-8d420d681046,2026-08-09T11:14:07+00:00,2026,0000006159,林逸達,味全龍,投手,投手,,,,,2,0,,,,,,0.4,0.0,,,,,,,1.0,0.0,0.0,0.0,0.0,2.0,0.0,0.0,90.0,0.0,10.0,43.5,43.5
20260809T111407Z-8d420d681046,2026-08-09T11:14:07+00:00,2026,0000006920,陳冠豪,台鋼雄鷹,投手,投手,,,,,2,0,,,,,,0.5,0.0,,,,,,,0.333,0.0,1.0,0.0,0.0,9.0,0.0,0.0,55.0,0.0,0.0,24.8,24.8
20260809T111407Z-8d420d681046,2026-08-09T11:14:07+00:00,2026,0000007301,曾昱磬,台鋼雄鷹,投手,投手,,,,,0,0,,,,,,0.0,0.0,,,,,,,1.0,0.0,0.0,0.0,0.0,0.0,0.0,0.0,100.0,0.0,50.0,60.0,60.0
20260809T111407Z-8d420d681046,2026-08-09T11:14:07+00:00,2026,0000007619,王奕翔,樂天桃猿,投手,投手,,,,,1,1,,,,,,0.25,0.25,,,,,,,1.0,0.0,0.0,0.0,0.0,1.0,1.0,0.0,95.0,50.0,29.9,64.2,64.2
20260809T111407Z-8d420d681046,2026-08-09T11:14:07+00:00,2026,0000007793,榊原元稀,樂天桃猿,投手,投手,,,,,0,3,,,,,,0.0,0.1429,,,,,,,6.0,1.0,4.0,0.0,1.5,0.67,0.0,0.0,93.6,28.6,50.0,64.3,64.3
20260809T111407Z-8d420d681046,2026-08-09T11:14:07+00:00,2026,0000003563,余德龍,樂天桃猿,投手,投手,,,,,0,2,,,,,,0.0,0.3333,,,,,,,1.0,1.0,3.0,1.0,9.0,3.0,0.0,0.1667,66.7,66.7,50.0,61.7,61.7
20260809T111407Z-8d420d681046,2026-08-09T11:14:07+00:00,2026,0000006855,邱緯綸,樂天桃猿,投手,投手,,,,,1,2,,,,,,0.1667,0.3333,,,,,,,1.0,0.0,2.0,0.0,0.0,3.0,2.0,0.0,85.0,66.7,43.1,67.9,67.9
20260809T111407Z-8d420d681046,2026-08-09T11:14:07+00:00,2026,0000003620,江承峰,統一7-ELEVEn獅,投手,投手,,,,,1,0,,,,,,0.25,0.0,,,,,,,1.0,0.0,0.0,0.0,0.0,1.0,0.0,0.0,95.0,0.0,25.0,50.2,50.2
20260809T111407Z-8d420d681046,2026-08-09T11:14:07+00:00,2026,0000007063,周彥農,統一7-ELEVEn獅,投手,投手,,,,,1,4,,,,,,0.0556,0.2222,,,,,,,4.0,2.0,6.0,0.0,4.5,1.75,4.0,0.0,82.1,44.4,64.0,67.2,67.2
20260809T111407Z-8d420d681046,2026-08-09T11:14:07+00:00,2026,0000001412,江少慶,統一7-ELEVEn獅,投手,投手,,,,,2,4,,,,,,0.1818,0.3636,,,,,,,3.0,0.0,1.0,0.0,0.0,1.0,2.0,0.0,95.0,72.7,41.6,73.4,73.4
20260809T155513Z-f8f05a1c4870,2026-08-09T15:55:13+00:00,2026,0000006927,曾子祐,台鋼雄鷹,打者,野手,352.0,307.0,91.0,2.0,31,34,0.296,0.363,0.384,0.747,0.088,0.0881,0.0966,0.0057,1.0,29.6,17.8,57.5,34.9,,,,,,,,,,,,,34.9
20260809T155513Z-f8f05a1c4870,2026-08-09T15:55:13+00:00,2026,0000005549,郭天信,味全龍,打者,野手,353.0,318.0,92.0,9.0,24,29,0.289,0.341,0.421,0.762,0.132,0.0652,0.0822,0.0255,0.93,28.9,33.5,53.2,37.6,,,,,,,,,,,,,37.6
20260809T155513Z-f8f05a1c4870,2026-08-09T15:55:13+00:00,2026,0000007239,魔鷹,台鋼雄鷹,打者,野手,341.0,299.0,85.0,14.0,34,57,0.284,0.352,0.522,0.874,0.238,0.0792,0.1672,0.0411,0.61,28.4,58.5,49.5,44.5,,,,,,,,,,,,,44.5
20260809T155513Z-f8f05a1c4870,2026-08-09T15:55:13+00:00,2026,0000005542,張政禹,味全龍,打者,野手,293.0,261.0,73.0,1.0,27,37,0.28,0.345,0.337,0.682,0.057,0.0853,0.1263,0.0034,0.73,28.000000000000004,11.4,53.2,31.2,,,,,,,,,,,,,31.2
20260809T155513Z-f8f05a1c4870,2026-08-09T15:55:13+00:00,2026,0000005545,劉基鴻,味全龍,打者,野手,337.0,310.0,72.0,5.0,22,51,0.232,0.291,0.332,0.623,0.1,0.0623,0.1513,0.0148,0.51,23.200000000000003,23.6,46.0,30.3,,,,,,,,,,,,,30.3
20260809T155513Z-f8f05a1c4870,2026-08-09T15:55:13+00:00,2026,0000004633,陳晨威,樂天桃猿,打者,野手,324.0,287.0,86.0,6.0,30,28,0.3,0.361,0.415,0.776,0.115,0.0864,0.0864,0.0185,1.07,30.0,27.7,58.2,37.7,,,,,,,,,,,,,37.7
20260809T155513Z-f8f05a1c4870,2026-08-09T15:55:13+00:00,2026,0000005540,李凱威,味全龍,打者,野手,295.0,251.0,65.0,3.0,32,36,0.259,0.352,0.331,0.683,0.072,0.1085,0.122,0.0102,1.06,25.9,16.8,60.9,33.0,,,,,,,,,,,,,33.0
20260809T155513Z-f8f05a1c4870,2026-08-09T15:55:13+00:00,2026,0000002352,范國宸,富邦悍將,打者,野手,284.0,254.0,65.0,10.0,25,51,0.256,0.324,0.417,0.741,0.161,0.081,0.1796,0.0352,0.53,25.6,42.5,48.6,37.6,,,,,,,,,,,,,37.6
20260809T155513Z-f8f05a1c4870,2026-08-09T15:55:13+00:00,2026,0000006240,馬傑森,樂天桃猿,打者,野手,266.0,239.0,57.0,1.0,9,33,0.238,0.283,0.305,0.588,0.067,0.0338,0.1241,0.0038,0.48,23.8,13.4,41.5,26.9,,,,,,,,,,,,,26.9
20260809T155513Z-f8f05a1c4870,2026-08-09T15:55:13+00:00,2026,0000007089,王念好,富邦悍將,打者,野手,262.0,228.0,47.0,6.0,31,64,0.206,0.302,0.346,0.648,0.14,0.1183,0.2443,0.0229,0.5,20.6,33.9,52.7,33.4,,,,,,,,,,,,,33.4
20260809T155513Z-f8f05a1c4870,2026-08-09T15:55:13+00:00,2026,0000002707,潘傑楷,統一7-ELEVEn獅,打者,野手,290.0,247.0,68.0,2.0,36,44,0.275,0.375,0.36,0.735,0.085,0.1241,0.1517,0.0069,0.91,27.500000000000004,17.8,61.1,34.8,,,,,,,,,,,,,34.8
20260809T155513Z-f8f05a1c4870,2026-08-09T15:55:13+00:00,2026,0000001318,朱育賢,味全龍,打者,野手,311.0,279.0,68.0,11.0,18,63,0.244,0.309,0.394,0.703,0.15,0.0579,0.2026,0.0354,0.44,24.4,40.6,42.7,35.2,,,,,,,,,,,,,35.2
20260809T155513Z-f8f05a1c4870,2026-08-09T15:55:13+00:00,2026,0000003649,吳念庭,台鋼雄鷹,打者,野手,309.0,265.0,78.0,0.0,40,32,0.294,0.385,0.351,0.736,0.057,0.1294,0.1036,0.0,1.28,29.4,10.1,67.5,34.6,,,,,,,,,,,,,34.6
20260809T155513Z-f8f05a1c4870,2026-08-09T15:55:13+00:00,2026,0000000935,王柏融,台鋼雄鷹,打者,野手,281.0,253.0,64.0,6.0,17,59,0.253,0.31,0.375,0.685,0.122,0.0605,0.21,0.0214,0.39,25.3,30.1,42.4,32.9,,,,,,,,,,,,,32.9
20260809T155513Z-f8f05a1c4870,2026-08-09T15:55:13+00:00,2026,0000007268,陳聖平,統一7-ELEVEn獅,打者,野手,254.0,233.0,53.0,4.0,13,34,0.227,0.269,0.322,0.591,0.095,0.0512,0.1339,0.0157,0.44,22.7,23.1,43.9,29.0,,,,,,,,,,,,,29.0
20260809T155513Z-f8f05a1c4870,2026-08-09T15:55:13+00:00,2026,0000004645,戴培峰,富邦悍將,打者,野手,206.0,174.0,39.0,1.0,25,27,0.224,0.322,0.293,0.615,0.069,0.1214,0.1311,0.0049,0.96,22.4,14.2,61.9,30.4,,,,,,,,,,,,,30.4
20260809T155513Z-f8f05a1c4870,2026-08-09T15:55:13+00:00,2026,0000006854,宋嘉翔,樂天桃猿,打者,野手,206.0,189.0,40.0,2.0,6,34,0.212,0.241,0.254,0.495,0.042,0.0291,0.165,0.0097,0.24,21.2,11.3,36.9,23.2,,,,,,,,,,,,,23.2
20260809T155513Z-f8f05a1c4870,2026-08-09T15:55:13+00:00,2026,0000006888,張育成,富邦悍將,打者,野手,292.0,247.0,76.0,12.0,35,50,0.308,0.404,0.522,0.926,0.214,0.113,0.1712,0.0411,0.84,30.8,54.2,57.7,46.5,,,,,,,,,,,,,46.5
20260809T155513Z-f8f05a1c4870,2026-08-09T15:55:13+00:00,2026,0000007079,劉俊緯,味全龍,打者,野手,212.0,192.0,51.0,2.0,13,27,0.266,0.319,0.344,0.663,0.078,0.0566,0.1274,0.0094,0.59,26.6,17.5,46.6,30.7,,,,,,,,,,,,,30.7
20260809T155513Z-f8f05a1c4870,2026-08-09T15:55:13+00:00,2026,0000000929,王威晨,中信兄弟,打者,野手,262.0,241.0,64.0,1.0,17,28,0.266,0.317,0.336,0.653,0.07,0.0649,0.1069,0.0038,0.68,26.6,13.9,49.7,30.2,,,,,,,,,,,,,30.2
20260809T155513Z-f8f05a1c4870,2026-08-09T15:55:13+00:00,2026,0000005340,王博玄,台鋼雄鷹,打者,野手,254.0,233.0,73.0,1.0,11,43,0.313,0.348,0.352,0.7,0.039,0.0433,0.1693,0.0039,0.3,31.3,8.5,39.9,29.7,,,,,,,,,,,,,29.7
20260809T155513Z-f8f05a1c4870,2026-08-09T15:55:13+00:00,2026,0000006223,林子豪,統一7-ELEVEn獅,打者,野手,236.0,218.0,59.0,2.0,15,35,0.271,0.318,0.367,0.685,0.096,0.0636,0.1483,0.0085,0.46,27.1,20.4,45.9,31.8,,,,,,,,,,,,,31.8
20260809T155513Z-f8f05a1c4870,2026-08-09T15:55:13+00:00,2026,0000002285,高宇杰,中信兄弟,打者,野手,235.0,208.0,55.0,0.0,17,35,0.264,0.32,0.279,0.599,0.015,0.0723,0.1489,0.0,0.51,26.4,2.7,47.9,26.5,,,,,,,,,,,,,26.5
20260809T155513Z-f8f05a1c4870,2026-08-09T15:55:13+00:00,2026,0000001474,蘇智傑,統一7-ELEVEn獅,打者,野手,273.0,252.0,66.0,8.0,15,30,0.262,0.308,0.425,0.733,0.163,0.0549,0.1099,0.0293,0.6,26.200000000000003,40.5,47.0,36.9,,,,,,,,,,,,,36.9
20260809T155513Z-f8f05a1c4870,2026-08-09T15:55:13+00:00,2026,0000005531,邱智呈,統一7-ELEVEn獅,打者,野手,246.0,206.0,52.0,3.0,36,33,0.252,0.374,0.34,0.714,0.088,0.1463,0.1341,0.0122,1.21,25.2,20.4,68.7,35.5,,,,,,,,,,,,,35.5
20260809T155513Z-f8f05a1c4870,2026-08-09T15:55:13+00:00,2026,0000001618,林子偉,樂天桃猿,打者,野手,278.0,256.0,64.0,3.0,13,34,0.25,0.289,0.34,0.629,0.09,0.0468,0.1223,0.0108,0.44,25.0,20.2,43.5,29.7,,,,,,,,,,,,,29.7
20260809T155513Z-f8f05a1c4870,2026-08-09T15:55:13+00:00,2026,0000005571,岳政華,中信兄弟,打者,野手,249.0,215.0,49.0,4.0,20,49,0.228,0.3,0.34,0.64,0.112,0.0803,0.1968,0.0161,0.47,22.8,26.2,47.3,31.3,,,,,,,,,,,,,31.3
20260809T155513Z-f8f05a1c4870,2026-08-09T15:55:13+00:00,2026,0000000743,陳子豪,味全龍,打者,野手,244.0,215.0,39.0,3.0,25,46,0.181,0.27,0.274,0.544,0.093,0.1025,0.1885,0.0123,0.59,18.1,21.4,52.8,28.1,,,,,,,,,,,,,28.1
20260809T155513Z-f8f05a1c4870,2026-08-09T15:55:13+00:00,2026,0000006235,林政華,樂天桃猿,打者,野手,201.0,170.0,43.0,2.0,16,34,0.253,0.33,0.324,0.654,0.071,0.0796,0.1692,0.01,0.59,25.3,16.5,49.3,30.5,,,,,,,,,,,,,30.5
20260809T155513Z-f8f05a1c4870,2026-08-09T15:55:13+00:00,2026,0000006730,張仁瑋,中信兄弟,打者,野手,268.0,248.0,80.0,3.0,15,29,0.323,0.357,0.415,0.772,0.092,0.056,0.1082,0.0112,0.52,32.300000000000004,20.7,46.5,34.9,,,,,,,,,,,,,34.9
20260809T155513Z-f8f05a1c4870,2026-08-09T15:55:13+00:00,2026,0000006216,王順和,味全龍,打者,野手,221.0,191.0,54.0,3.0,21,59,0.283,0.368,0.408,0.776,0.125,0.095,0.267,0.0136,0.46,28.3,27.5,47.4,35.7,,,,,,,,,,,,,35.7
20260809T155513Z-f8f05a1c4870,2026-08-09T15:55:13+00:00,2026,0000005298,黃韋盛,中信兄弟,打者,野手,233.0,210.0,54.0,2.0,19,36,0.257,0.318,0.343,0.661,0.086,0.0815,0.1545,0.0086,0.56,25.7,18.6,49.9,31.2,,,,,,,,,,,,,31.2
20260809T155513Z-f8f05a1c4870,2026-08-09T15:55:13+00:00,2026,0000002291,岳東華,中信兄弟,打者,野手,232.0,209.0,58.0,2.0,16,41,0.278,0.33,0.392,0.722,0.114,0.069,0.1767,0.0086,0.44,27.800000000000004,23.6,45.6,33.4,,,,,,,,,,,,,33.4
20260809T155513Z-f8f05a1c4870,2026-08-09T15:55:13+00:00,2026,0000006225,宋晟睿,中信兄弟,打者,野手,216.0,190.0,52.0,5.0,15,36,0.274,0.336,0.442,0.778,0.168,0.0694,0.1667,0.0231,0.56,27.4,38.9,47.3,37.9,,,,,,,,,,,,,37.9
20260809T155513Z-f8f05a1c4870,2026-08-09T15:55:13+00:00,2026,0000006929,紀慶然,台鋼雄鷹,打者,野手,195.0,179.0,45.0,0.0,14,32,0.251,0.304,0.279,0.583,0.028,0.0718,0.1641,0.0,0.44,25.1,5.0,46.6,26.1,,,,,,,,,,,,,26.1
20260809T155513Z-f8f05a1c4870,2026-08-09T15:55:13+00:00,2026,0000004636,江坤宇,中信兄弟,打者,野手,251.0,213.0,60.0,2.0,20,26,0.282,0.366,0.362,0.728,0.08,0.0797,0.1036,0.008,1.12,28.2,17.3,56.9,34.0,,,,,,,,,,,,,34.0
20260809T155513Z-f8f05a1c4870,2026-08-09T15:55:13+00:00,2026,0000000772,陳文杰,台鋼雄鷹,打者,野手,286.0,258.0,75.0,1.0,20,33,0.291,0.349,0.395,0.744,0.104,0.0699,0.1154,0.0035,0.73,29.1,19.8,50.8,34.1,,,,,,,,,,,,,34.1
20260809T155513Z-f8f05a1c4870,2026-08-09T15:55:13+00:00,2026,0000005522,朱迦恩,統一7-ELEVEn獅,打者,野手,209.0,189.0,57.0,4.0,12,47,0.302,0.353,0.439,0.792,0.137,0.0574,0.2249,0.0191,0.34,30.2,31.8,40.9,36.4,,,,,,,,,,,,,36.4
20260809T155513Z-f8f05a1c4870,2026-08-09T15:55:13+00:00,2026,0000002298,陳重羽,統一7-ELEVEn獅,打者,野手,194.0,162.0,45.0,0.0,21,28,0.278,0.369,0.321,0.69,0.043,0.1082,0.1443,0.0,0.86,27.800000000000004,7.6,58.0,31.3,,,,,,,,,,,,,31.3
20260809T155513Z-f8f05a1c4870,2026-08-09T15:55:13+00:00,2026,0000007076,李勛傑,樂天桃猿,打者,野手,212.0,185.0,45.0,6.0,24,64,0.243,0.33,0.395,0.725,0.152,0.1132,0.3019,0.0283,0.39,24.3,38.2,48.7,36.1,,,,,,,,,,,,,36.1
20260809T155513Z-f8f05a1c4870,2026-08-09T15:55:13+00:00,2026,0000006736,王苡丞,富邦悍將,打者,野手,226.0,209.0,56.0,4.0,11,40,0.268,0.311,0.368,0.679,0.1,0.0487,0.177,0.0177,0.35,26.8,24.7,41.1,31.7,,,,,,,,,,,,,31.7
20260809T155513Z-f8f05a1c4870,2026-08-09T15:55:13+00:00,2026,0000005291,蔣少宏,味全龍,打者,野手,178.0,168.0,37.0,2.0,5,32,0.22,0.254,0.304,0.558,0.084,0.0281,0.1798,0.0112,0.25,22.0,19.3,36.3,26.3,,,,,,,,,,,,,26.3
20260809T155513Z-f8f05a1c4870,2026-08-09T15:55:13+00:00,2026,0000007301,曾昱磬,台鋼雄鷹,打者,野手,177.0,131.0,24.0,1.0,37,28,0.183,0.379,0.214,0.593,0.031,0.209,0.1582,0.0056,1.5,18.3,7.7,82.1,30.9,,,,,,,,,,,,,30.9
20260809T155513Z-f8f05a1c4870,2026-08-09T15:55:13+00:00,2026,0000001804,陳傑憲,統一7-ELEVEn獅,打者,野手,238.0,200.0,67.0,4.0,31,21,0.335,0.417,0.445,0.862,0.11,0.1134,0.0882,0.0168,1.48,33.5,26.1,67.1,41.4,,,,,,,,,,,,,41.4
20260809T155513Z-f8f05a1c4870,2026-08-09T15:55:13+00:00,2026,0000003467,林泓育,樂天桃猿,打者,野手,232.0,216.0,58.0,1.0,13,34,0.269,0.31,0.366,0.676,0.097,0.056,0.1466,0.0043,0.41,26.9,18.9,44.0,31.0,,,,,,,,,,,,,31.0
20260809T155513Z-f8f05a1c4870,2026-08-09T15:55:13+00:00,2026,0000003345,林智平,樂天桃猿,打者,野手,205.0,189.0,54.0,1.0,11,21,0.286,0.333,0.339,0.672,0.053,0.0488,0.1024,0.0049,0.67,28.6,11.3,46.9,30.1,,,,,,,,,,,,,30.1
20260809T155513Z-f8f05a1c4870,2026-08-09T15:55:13+00:00,2026,0000005510,林澤彬,富邦悍將,打者,野手,210.0,180.0,56.0,0.0,16,16,0.311,0.366,0.383,0.749,0.072,0.0762,0.0762,0.0,1.13,31.1,12.8,57.3,34.2,,,,,,,,,,,,,34.2
20260809T155513Z-f8f05a1c4870,2026-08-09T15:55:13+00:00,2026,0000006738,孔念恩,富邦悍將,打者,野手,198.0,185.0,57.0,1.0,5,48,0.308,0.323,0.411,0.734,0.103,0.0253,0.2424,0.0051,0.15,30.8,20.3,32.6,31.6,,,,,,,,,,,,,31.6
20260809T155513Z-f8f05a1c4870,2026-08-09T15:55:13+00:00,2026,0000007071,林泓弦,統一7-ELEVEn獅,打者,野手,126.0,114.0,25.0,0.0,9,16,0.219,0.282,0.272,0.554,0.053,0.0714,0.127,0.0,0.63,21.9,9.4,49.7,26.2,,,,,,,,,,,,,26.2
20260809T155513Z-f8f05a1c4870,2026-08-09T15:55:13+00:00,2026,0000006806,池恩齊,富邦悍將,打者,野手,200.0,180.0,39.0,0.0,11,55,0.217,0.26,0.256,0.516,0.039,0.055,0.275,0.0,0.2,21.7,6.9,37.3,22.9,,,,,,,,,,,,,22.9
20260809T155513Z-f8f05a1c4870,2026-08-09T15:55:13+00:00,2026,0000002297,詹子賢,中信兄弟,打者,野手,208.0,189.0,48.0,2.0,17,30,0.254,0.317,0.339,0.656,0.085,0.0817,0.1442,0.0096,0.6,25.4,18.9,50.7,31.2,,,,,,,,,,,,,31.2
20260809T155513Z-f8f05a1c4870,2026-08-09T15:55:13+00:00,2026,0000001291,郭阜林,台鋼雄鷹,打者,野手,150.0,140.0,35.0,1.0,7,32,0.25,0.3,0.307,0.607,0.057,0.0467,0.2133,0.0067,0.31,25.0,12.8,39.0,27.1,,,,,,,,,,,,,27.1
20260809T155513Z-f8f05a1c4870,2026-08-09T15:55:13+00:00,2026,0000001258,劉時豪,台鋼雄鷹,打者,野手,168.0,137.0,32.0,1.0,22,21,0.234,0.367,0.277,0.644,0.043,0.131,0.125,0.006,1.38,23.4,10.0,68.0,31.4,,,,,,,,,,,,,31.4
20260809T155513Z-f8f05a1c4870,2026-08-09T15:55:13+00:00,2026,0000006217,林辰勳,味全龍,打者,野手,115.0,98.0,26.0,0.0,8,23,0.265,0.309,0.316,0.625,0.051,0.0696,0.2,0.0,0.35,26.5,9.0,44.0,27.8,,,,,,,,,,,,,27.8
20260809T155513Z-f8f05a1c4870,2026-08-09T15:55:13+00:00,2026,0000004641,李丞齡,統一7-ELEVEn獅,打者,野手,139.0,133.0,31.0,3.0,5,24,0.233,0.259,0.316,0.575,0.083,0.036,0.1727,0.0216,0.21,23.3,23.3,37.5,27.9,,,,,,,,,,,,,27.9
20260809T155513Z-f8f05a1c4870,2026-08-09T15:55:13+00:00,2026,0000007018,劉子杰,樂天桃猿,打者,野手,174.0,166.0,42.0,1.0,6,14,0.253,0.277,0.307,0.584,0.054,0.0345,0.0805,0.0057,0.43,25.3,11.8,42.7,27.0,,,,,,,,,,,,,27.0
20260809T155513Z-f8f05a1c4870,2026-08-09T15:55:13+00:00,2026,0000003609,陳俊秀,中信兄弟,打者,野手,178.0,149.0,37.0,3.0,27,35,0.248,0.36,0.349,0.709,0.101,0.1517,0.1966,0.0169,0.77,24.8,24.6,63.1,35.3,,,,,,,,,,,,,35.3
20260809T155513Z-f8f05a1c4870,2026-08-09T15:55:13+00:00,2026,0000000362,申皓瑋,富邦悍將,打者,野手,165.0,148.0,35.0,2.0,11,40,0.236,0.303,0.324,0.627,0.088,0.0667,0.2424,0.0121,0.38,23.6,20.4,42.3,29.3,,,,,,,,,,,,,29.3
20260809T155513Z-f8f05a1c4870,2026-08-09T15:55:13+00:00,2026,0000002307,王政順,中信兄弟,打者,野手,128.0,110.0,27.0,0.0,12,28,0.245,0.331,0.264,0.595,0.019,0.0938,0.2188,0.0,0.54,24.5,3.4,49.6,26.4,,,,,,,,,,,,,26.4
20260809T155513Z-f8f05a1c4870,2026-08-09T15:55:13+00:00,2026,0000007085,張士綸,中信兄弟,打者,野手,190.0,177.0,58.0,1.0,8,21,0.328,0.351,0.384,0.735,0.056,0.0421,0.1105,0.0053,0.38,32.800000000000004,12.0,42.5,31.9,,,,,,,,,,,,,31.9
20260809T155513Z-f8f05a1c4870,2026-08-09T15:55:13+00:00,2026,0000007064,陳世嘉,台鋼雄鷹,打者,野手,90.0,82.0,8.0,0.0,3,15,0.098,0.149,0.11,0.259,0.012,0.0333,0.1667,0.0,0.33,9.8,2.1,38.5,14.0,,,,,,,,,,,,,14.0
20260809T155513Z-f8f05a1c4870,2026-08-09T15:55:13+00:00,2026,0000007288,何品室融,樂天桃猿,打者,野手,143.0,124.0,23.0,1.0,13,35,0.185,0.287,0.25,0.537,0.065,0.0909,0.2448,0.007,0.51,18.5,14.3,47.9,25.8,,,,,,,,,,,,,25.8
20260809T155513Z-f8f05a1c4870,2026-08-09T15:55:13+00:00,2026,0000000159,成晉,樂天桃猿,打者,野手,122.0,106.0,22.0,0.0,7,15,0.208,0.294,0.236,0.53,0.028,0.0574,0.123,0.0,0.87,20.8,5.0,49.7,24.5,,,,,,,,,,,,,24.5
20260809T155513Z-f8f05a1c4870,2026-08-09T15:55:13+00:00,2026,0000003625,吉力吉撈．鞏冠,味全龍,打者,野手,147.0,127.0,29.0,2.0,15,33,0.228,0.32,0.307,0.627,0.079,0.0952,0.2245,0.0136,0.55,22.8,19.4,49.8,30.0,,,,,,,,,,,,,30.0
20260809T155513Z-f8f05a1c4870,2026-08-09T15:55:13+00:00,2026,0000006868,周佳樂,富邦悍將,打者,野手,38.0,34.0,7.0,0.0,4,7,0.206,0.289,0.294,0.583,0.088,0.1053,0.1842,0.0,0.57,20.6,15.6,53.2,28.3,,,,,,,,,,,,,28.3
20260809T155513Z-f8f05a1c4870,2026-08-09T15:55:13+00:00,2026,0000007302,宋柏翰,台鋼雄鷹,打者,野手,92.0,77.0,19.0,2.0,10,18,0.247,0.319,0.39,0.709,0.143,0.1087,0.1957,0.0217,0.56,24.7,33.9,53.3,35.7,,,,,,,,,,,,,35.7
20260809T155513Z-f8f05a1c4870,2026-08-09T15:55:13+00:00,2026,0000007278,許庭綸,中信兄弟,打者,野手,96.0,84.0,15.0,1.0,7,15,0.179,0.271,0.286,0.557,0.107,0.0729,0.1563,0.0104,0.73,17.9,23.1,50.0,28.2,,,,,,,,,,,,,28.2
20260809T155513Z-f8f05a1c4870,2026-08-09T15:55:13+00:00,2026,0000005569,曾頌恩,中信兄弟,打者,野手,105.0,93.0,24.0,3.0,11,18,0.258,0.333,0.398,0.731,0.14,0.1048,0.1714,0.0286,0.61,25.8,36.1,54.0,36.9,,,,,,,,,,,,,36.9
20260809T155513Z-f8f05a1c4870,2026-08-09T15:55:13+00:00,2026,0000006716,張翔,統一7-ELEVEn獅,打者,野手,92.0,86.0,19.0,1.0,3,17,0.221,0.256,0.314,0.57,0.093,0.0326,0.1848,0.0109,0.24,22.1,20.8,36.8,26.9,,,,,,,,,,,,,26.9
20260809T155513Z-f8f05a1c4870,2026-08-09T15:55:13+00:00,2026,0000007037,張皓崴,統一7-ELEVEn獅,打者,野手,69.0,64.0,23.0,0.0,5,9,0.359,0.406,0.438,0.844,0.079,0.0725,0.1304,0.0,0.56,35.9,14.0,49.1,36.3,,,,,,,,,,,,,36.3
20260809T155513Z-f8f05a1c4870,2026-08-09T15:55:13+00:00,2026,0000006737,董子恩,富邦悍將,打者,野手,125.0,114.0,32.0,0.0,8,8,0.281,0.331,0.351,0.682,0.07,0.064,0.064,0.0,1.13,28.1,12.4,55.6,31.8,,,,,,,,,,,,,31.8
20260809T155513Z-f8f05a1c4870,2026-08-09T15:55:13+00:00,2026,0000006725,張祐嘉,味全龍,打者,野手,64.0,61.0,15.0,0.0,1,16,0.246,0.27,0.262,0.532,0.016,0.0156,0.25,0.0,0.13,24.6,2.8,30.4,22.0,,,,,,,,,,,,,22.0
20260809T155513Z-f8f05a1c4870,2026-08-09T15:55:13+00:00,2026,0000001119,許基宏,中信兄弟,打者,野手,132.0,108.0,20.0,0.0,20,29,0.185,0.326,0.25,0.576,0.065,0.1515,0.2197,0.0,0.79,18.5,11.5,62.5,28.3,,,,,,,,,,,,,28.3
20260809T155513Z-f8f05a1c4870,2026-08-09T15:55:13+00:00,2026,0000000132,梁家榮,樂天桃猿,打者,野手,110.0,99.0,22.0,0.0,10,16,0.222,0.294,0.293,0.587,0.071,0.0909,0.1455,0.0,0.63,22.2,12.6,52.6,28.1,,,,,,,,,,,,,28.1
20260809T155513Z-f8f05a1c4870,2026-08-09T15:55:13+00:00,2026,0000004032,嚴宏鈞,樂天桃猿,打者,野手,47.0,37.0,6.0,0.0,3,13,0.162,0.262,0.216,0.478,0.054,0.0638,0.2766,0.0,0.38,16.2,9.6,40.6,22.0,,,,,,,,,,,,,22.0
20260809T155513Z-f8f05a1c4870,2026-08-09T15:55:13+00:00,2026,0000006861,蔡佳諺,富邦悍將,打者,野手,55.0,53.0,10.0,0.0,1,17,0.189,0.2,0.189,0.389,0.0,0.0182,0.3091,0.0,0.06,18.9,0.0,28.1,16.7,,,,,,,,,,,,,16.7
20260809T155513Z-f8f05a1c4870,2026-08-09T15:55:13+00:00,2026,0000006851,林培緯,統一7-ELEVEn獅,打者,野手,93.0,88.0,19.0,0.0,3,20,0.216,0.247,0.273,0.52,0.057,0.0323,0.2151,0.0,0.2,21.6,10.1,35.3,23.3,,,,,,,,,,,,,23.3
20260809T155513Z-f8f05a1c4870,2026-08-09T15:55:13+00:00,2026,0000006743,劉俊豪,富邦悍將,打者,野手,29.0,24.0,4.0,0.0,4,4,0.167,0.286,0.167,0.453,0.0,0.1379,0.1379,0.0,1.0,16.7,0.0,65.0,23.3,,,,,,,,,,,,,23.3
20260809T155513Z-f8f05a1c4870,2026-08-09T15:55:13+00:00,2026,0000007304,曾聖安,味全龍,打者,野手,81.0,70.0,12.0,1.0,9,21,0.171,0.263,0.214,0.477,0.043,0.1111,0.2593,0.0123,0.43,17.1,12.5,50.2,24.2,,,,,,,,,,,,,24.2
20260809T155513Z-f8f05a1c4870,2026-08-09T15:55:13+00:00,2026,0000006229,葉子霆,富邦悍將,打者,野手,81.0,67.0,11.0,0.0,4,8,0.164,0.234,0.224,0.458,0.06,0.0494,0.0988,0.0,0.88,16.400000000000002,10.6,49.2,23.1,,,,,,,,,,,,,23.1
20260809T155513Z-f8f05a1c4870,2026-08-09T15:55:13+00:00,2026,0000005336,童堉誠,富邦悍將,打者,野手,89.0,72.0,17.0,0.0,12,26,0.236,0.371,0.278,0.649,0.042,0.1348,0.2921,0.0,0.62,23.6,7.4,55.2,29.1,,,,,,,,,,,,,29.1
20260809T155513Z-f8f05a1c4870,2026-08-09T15:55:13+00:00,2026,0000004642,林靖凱,統一7-ELEVEn獅,打者,野手,63.0,58.0,7.0,1.0,3,10,0.121,0.177,0.172,0.349,0.051,0.0476,0.1587,0.0159,0.4,12.1,15.3,42.0,19.6,,,,,,,,,,,,,19.6
20260809T155513Z-f8f05a1c4870,2026-08-09T15:55:13+00:00,2026,0000006936,高聖恩,台鋼雄鷹,打者,野手,53.0,49.0,13.0,0.0,1,15,0.265,0.288,0.286,0.574,0.021,0.0189,0.283,0.0,0.13,26.5,3.7,29.8,23.4,,,,,,,,,,,,,23.4
20260809T155513Z-f8f05a1c4870,2026-08-09T15:55:13+00:00,2026,0000005548,林孝程,味全龍,打者,野手,44.0,38.0,9.0,0.0,5,11,0.237,0.341,0.316,0.657,0.079,0.1136,0.25,0.0,0.55,23.7,14.0,52.2,30.2,,,,,,,,,,,,,30.2
20260809T155513Z-f8f05a1c4870,2026-08-09T15:55:13+00:00,2026,0000007070,林佳緯,統一7-ELEVEn獅,打者,野手,92.0,89.0,15.0,0.0,2,27,0.169,0.196,0.18,0.376,0.011,0.0217,0.2935,0.0,0.11,16.900000000000002,1.9,29.7,16.7,,,,,,,,,,,,,16.7
20260809T155513Z-f8f05a1c4870,2026-08-09T15:55:13+00:00,2026,0000001473,李宗賢,富邦悍將,打者,野手,64.0,58.0,13.0,0.0,5,8,0.224,0.297,0.259,0.556,0.035,0.0781,0.125,0.0,0.75,22.4,6.2,52.2,26.1,,,,,,,,,,,,,26.1
20260809T155513Z-f8f05a1c4870,2026-08-09T15:55:13+00:00,2026,0000006939,顏郁軒,台鋼雄鷹,打者,野手,64.0,56.0,8.0,2.0,2,11,0.143,0.197,0.25,0.447,0.107,0.0313,0.1719,0.0312,0.36,14.3,31.3,38.2,24.9,,,,,,,,,,,,,24.9
20260809T155513Z-f8f05a1c4870,2026-08-09T15:55:13+00:00,2026,0000003563,余德龍,樂天桃猿,打者,野手,40.0,34.0,4.0,1.0,2,10,0.118,0.162,0.206,0.368,0.088,0.05,0.25,0.025,0.2,11.8,25.5,37.2,21.3,,,,,,,,,,,,,21.3
20260809T155513Z-f8f05a1c4870,2026-08-09T15:55:13+00:00,2026,0000002286,林立,樂天桃猿,打者,野手,83.0,79.0,24.0,1.0,2,8,0.304,0.321,0.405,0.726,0.101,0.012,0.0964,0.012,0.25,30.4,22.7,36.3,32.4,,,,,,,,,,,,,32.4
20260809T155513Z-f8f05a1c4870,2026-08-09T15:55:13+00:00,2026,0000002661,陳鏞基,統一7-ELEVEn獅,打者,野手,61.0,56.0,16.0,0.0,5,7,0.286,0.344,0.286,0.63,0.0,0.082,0.1148,0.0,0.71,28.6,0.0,52.8,27.8,,,,,,,,,,,,,27.8
20260809T155513Z-f8f05a1c4870,2026-08-09T15:55:13+00:00,2026,0000001754,林書逸,富邦悍將,打者,野手,51.0,45.0,10.0,0.0,5,15,0.222,0.3,0.311,0.611,0.089,0.098,0.2941,0.0,0.33,22.2,15.8,45.6,28.2,,,,,,,,,,,,,28.2
20260809T155513Z-f8f05a1c4870,2026-08-09T15:55:13+00:00,2026,0000002289,陳重廷,統一7-ELEVEn獅,打者,野手,42.0,42.0,8.0,0.0,0,7,0.19,0.19,0.238,0.428,0.048,0.0,0.1667,0.0,0.0,19.0,8.5,29.2,19.5,,,,,,,,,,,,,19.5
20260809T155513Z-f8f05a1c4870,2026-08-09T15:55:13+00:00,2026,0000006928,林家鋐,台鋼雄鷹,打者,野手,51.0,39.0,7.0,0.0,6,11,0.179,0.34,0.179,0.519,0.0,0.1176,0.2157,0.0,0.91,17.9,0.0,57.7,23.9,,,,,,,,,,,,,23.9
20260809T155513Z-f8f05a1c4870,2026-08-09T15:55:13+00:00,2026,0000001606,林岱安,富邦悍將,打者,野手,31.0,29.0,1.0,0.0,1,7,0.034,0.067,0.034,0.101,0.0,0.0323,0.2258,0.0,0.14,3.4000000000000004,0.0,34.3,8.1,,,,,,,,,,,,,8.1
20260809T155513Z-f8f05a1c4870,2026-08-09T15:55:13+00:00,2026,0000003533,藍寅倫,台鋼雄鷹,打者,野手,47.0,42.0,15.0,1.0,4,8,0.357,0.404,0.429,0.833,0.072,0.0851,0.1702,0.0213,0.5,35.7,21.2,49.4,37.5,,,,,,,,,,,,,37.5
20260809T155513Z-f8f05a1c4870,2026-08-09T15:55:13+00:00,2026,0000005546,拿莫．伊漾,味全龍,打者,野手,34.0,30.0,9.0,3.0,3,11,0.3,0.382,0.667,1.049,0.367,0.0882,0.3235,0.0882,0.36,30.0,100.0,43.2,56.1,,,,,,,,,,,,,56.1
20260809T155513Z-f8f05a1c4870,2026-08-09T15:55:13+00:00,2026,0000000361,張洺瑀,富邦悍將,打者,野手,74.0,63.0,14.0,0.0,11,18,0.222,0.338,0.27,0.608,0.048,0.1486,0.2432,0.0,0.61,22.2,8.5,59.3,28.7,,,,,,,,,,,,,28.7
20260809T155513Z-f8f05a1c4870,2026-08-09T15:55:13+00:00,2026,0000006872,林岳谷,富邦悍將,打者,野手,66.0,59.0,17.0,0.0,4,9,0.288,0.328,0.322,0.65,0.034,0.0606,0.1364,0.0,0.44,28.8,6.0,45.5,28.4,,,,,,,,,,,,,28.4
20260809T155513Z-f8f05a1c4870,2026-08-09T15:55:13+00:00,2026,0000000153,林承飛,樂天桃猿,打者,野手,69.0,64.0,12.0,0.0,4,13,0.188,0.235,0.203,0.438,0.015,0.058,0.1884,0.0,0.31,18.8,2.7,41.9,20.4,,,,,,,,,,,,,20.4
20260809T155513Z-f8f05a1c4870,2026-08-09T15:55:13+00:00,2026,0000005306,許哲晏,統一7-ELEVEn獅,打者,野手,49.0,41.0,3.0,0.0,4,6,0.073,0.149,0.098,0.247,0.025,0.0816,0.1224,0.0,0.67,7.3,4.4,52.1,15.7,,,,,,,,,,,,,15.7
20260809T155513Z-f8f05a1c4870,2026-08-09T15:55:13+00:00,2026,0000007589,許賀捷,樂天桃猿,打者,野手,29.0,25.0,1.0,0.0,3,9,0.04,0.143,0.04,0.183,0.0,0.1034,0.3103,0.0,0.33,4.0,0.0,46.1,11.8,,,,,,,,,,,,,11.8
20260809T155513Z-f8f05a1c4870,2026-08-09T15:55:13+00:00,2026,BAT0001,邦力多,富邦悍將,打者,野手,75.0,70.0,16.0,0.0,5,13,0.229,0.28,0.271,0.551,0.042,0.0667,0.1733,0.0,0.38,22.9,7.4,44.7,25.2,,,,,,,,,,,,,25.2
20260809T155513Z-f8f05a1c4870,2026-08-09T15:55:13+00:00,2026,0000006726,李展毅,味全龍,打者,野手,54.0,50.0,12.0,0.0,4,12,0.24,0.296,0.34,0.636,0.1,0.0741,0.2222,0.0,0.33,24.0,17.7,43.9,29.2,,,,,,,,,,,,,29.2
20260809T155513Z-f8f05a1c4870,2026-08-09T15:55:13+00:00,2026,0000007591,張育豪,富邦悍將,打者,野手,40.0,33.0,6.0,0.0,4,13,0.182,0.27,0.212,0.482,0.03,0.1,0.325,0.0,0.31,18.2,5.3,44.7,22.2,,,,,,,,,,,,,22.2
20260809T155513Z-f8f05a1c4870,2026-08-09T15:55:13+00:00,2026,0000006847,田子杰,統一7-ELEVEn獅,打者,野手,54.0,50.0,9.0,1.0,3,13,0.18,0.226,0.28,0.506,0.1,0.0556,0.2407,0.0185,0.23,18.0,25.1,38.9,25.8,,,,,,,,,,,,,25.8
20260809T155513Z-f8f05a1c4870,2026-08-09T15:55:13+00:00,2026,0000006879,冉皓燐,味全龍,打者,野手,24.0,23.0,4.0,0.0,1,5,0.174,0.208,0.217,0.425,0.043,0.0417,0.2083,0.0,0.2,17.4,7.6,37.2,20.1,,,,,,,,,,,,,20.1
20260809T155513Z-f8f05a1c4870,2026-08-09T15:55:13+00:00,2026,0000006732,陳統恩,中信兄弟,打者,野手,32.0,27.0,4.0,0.0,4,4,0.148,0.281,0.148,0.429,0.0,0.125,0.125,0.0,1.25,14.8,0.0,65.6,22.5,,,,,,,,,,,,,22.5
20260809T155513Z-f8f05a1c4870,2026-08-09T15:55:13+00:00,2026,0000005333,湯家豪,台鋼雄鷹,打者,野手,27.0,22.0,6.0,0.0,5,3,0.273,0.407,0.273,0.68,0.0,0.1852,0.1111,0.0,1.67,27.3,0.0,81.1,32.9,,,,,,,,,,,,,32.9
20260809T155513Z-f8f05a1c4870,2026-08-09T15:55:13+00:00,2026,0000006931,黃劼希,台鋼雄鷹,打者,野手,40.0,35.0,7.0,1.0,3,9,0.2,0.3,0.343,0.643,0.143,0.075,0.225,0.025,0.56,20.0,35.2,46.2,32.4,,,,,,,,,,,,,32.4
20260809T155513Z-f8f05a1c4870,2026-08-09T15:55:13+00:00,2026,0000006858,陳佳樂,樂天桃猿,打者,野手,56.0,52.0,9.0,1.0,1,12,0.173,0.214,0.231,0.445,0.058,0.0179,0.2143,0.0179,0.25,17.299999999999997,17.4,33.2,21.9,,,,,,,,,,,,,21.9
20260809T155513Z-f8f05a1c4870,2026-08-09T15:55:13+00:00,2026,0000007631,朱盟,台鋼雄鷹,打者,野手,28.0,27.0,4.0,0.0,0,6,0.148,0.148,0.185,0.333,0.037,0.0,0.2143,0.0,0.0,14.8,6.6,27.5,15.9,,,,,,,,,,,,,15.9
20260809T155513Z-f8f05a1c4870,2026-08-09T15:55:13+00:00,2026,0000006843,潘磊,統一7-ELEVEn獅,打者,野手,39.0,37.0,5.0,1.0,0,11,0.135,0.154,0.216,0.37,0.081,0.0,0.2821,0.0256,0.09,13.5,24.5,26.0,19.8,,,,,,,,,,,,,19.8
20260809T155513Z-f8f05a1c4870,2026-08-09T15:55:13+00:00,2026,0000001339,林祖傑,統一7-ELEVEn獅,打者,野手,36.0,30.0,4.0,0.0,4,7,0.133,0.235,0.2,0.435,0.067,0.1111,0.1944,0.0,0.57,13.3,11.9,53.9,22.9,,,,,,,,,,,,,22.9
20260809T155513Z-f8f05a1c4870,2026-08-09T15:55:13+00:00,2026,0000003211,王勝偉,富邦悍將,打者,野手,36.0,29.0,6.0,1.0,4,8,0.207,0.324,0.31,0.634,0.103,0.1111,0.2222,0.0278,0.63,20.7,29.3,53.5,32.3,,,,,,,,,,,,,32.3
20260809T155513Z-f8f05a1c4870,2026-08-09T15:55:13+00:00,2026,0000003183,張志豪,中信兄弟,打者,野手,50.0,43.0,6.0,0.0,3,9,0.14,0.18,0.163,0.343,0.023,0.06,0.18,0.0,0.33,14.000000000000002,4.1,42.8,17.8,,,,,,,,,,,,,17.8
20260809T155513Z-f8f05a1c4870,2026-08-09T15:55:13+00:00,2026,0000004643,胡冠俞,台鋼雄鷹,打者,野手,30.0,26.0,5.0,0.0,2,9,0.192,0.276,0.231,0.507,0.039,0.0667,0.3,0.0,0.33,19.2,6.9,39.8,22.6,,,,,,,,,,,,,22.6
20260809T155513Z-f8f05a1c4870,2026-08-09T15:55:13+00:00,2026,0000007312,張趙紘,樂天桃猿,打者,野手,42.0,36.0,6.0,0.0,6,10,0.167,0.286,0.222,0.508,0.055,0.1429,0.2381,0.0,0.6,16.7,9.7,58.4,25.5,,,,,,,,,,,,,25.5
20260809T155513Z-f8f05a1c4870,2026-08-09T15:55:13+00:00,2026,0000005553,張祐銘,味全龍,打者,野手,26.0,23.0,6.0,0.0,1,4,0.261,0.346,0.391,0.737,0.13,0.0385,0.1538,0.0,0.75,26.1,23.0,44.0,33.0,,,,,,,,,,,,,33.0
20260809T155513Z-f8f05a1c4870,2026-08-09T15:55:13+00:00,2026,0000006835,顏清浤,台鋼雄鷹,打者,野手,18.0,16.0,4.0,0.0,1,4,0.25,0.294,0.25,0.544,0.0,0.0556,0.2222,0.0,0.25,25.0,0.0,39.7,23.2,,,,,,,,,,,,,23.2
20260809T155513Z-f8f05a1c4870,2026-08-09T15:55:13+00:00,2026,0000006926,陳致嘉,台鋼雄鷹,打者,野手,13.0,12.0,2.0,0.0,0,4,0.167,0.167,0.25,0.417,0.083,0.0,0.3077,0.0,0.0,16.7,14.7,24.2,19.3,,,,,,,,,,,,,19.3
20260809T155513Z-f8f05a1c4870,2026-08-09T15:55:13+00:00,2026,0000006728,陳思仲,味全龍,打者,野手,18.0,16.0,1.0,0.0,1,7,0.063,0.167,0.063,0.23,0.0,0.0556,0.3889,0.0,0.29,6.3,0.0,34.3,11.6,,,,,,,,,,,,,11.6
20260809T155513Z-f8f05a1c4870,2026-08-09T15:55:13+00:00,2026,0000006224,林吳晉瑋,中信兄弟,打者,野手,15.0,11.0,3.0,0.0,3,2,0.273,0.429,0.273,0.702,0.0,0.2,0.1333,0.0,1.5,27.3,0.0,81.3,33.4,,,,,,,,,,,,,33.4
20260809T155513Z-f8f05a1c4870,2026-08-09T15:55:13+00:00,2026,0000007822,威克,樂天桃猿,打者,野手,49.0,46.0,12.0,3.0,2,8,0.261,0.306,0.478,0.784,0.217,0.0408,0.1633,0.0612,0.38,26.1,62.7,40.4,41.5,,,,,,,,,,,,,41.5
20260809T155513Z-f8f05a1c4870,2026-08-09T15:55:13+00:00,2026,0000002282,張閔勛,樂天桃猿,打者,野手,25.0,21.0,3.0,0.0,4,2,0.143,0.28,0.143,0.423,0.0,0.12,0.08,0.0,2.0,14.3,0.0,73.8,23.4,,,,,,,,,,,,,23.4
20260809T155513Z-f8f05a1c4870,2026-08-09T15:55:13+00:00,2026,0000005496,辛元旭,富邦悍將,打者,野手,18.0,18.0,2.0,0.0,0,5,0.111,0.111,0.111,0.222,0.0,0.0,0.2778,0.0,0.0,11.1,0.0,25.3,11.0,,,,,,,,,,,,,11.0
20260809T155513Z-f8f05a1c4870,2026-08-09T15:55:13+00:00,2026,0000005656,李聖裕,中信兄弟,打者,野手,21.0,19.0,5.0,0.0,2,7,0.263,0.333,0.263,0.596,0.0,0.0952,0.3333,0.0,0.29,26.3,0.0,43.4,25.2,,,,,,,,,,,,,25.2
20260809T155513Z-f8f05a1c4870,2026-08-09T15:55:13+00:00,2026,0000005567,林瑞鈞,中信兄弟,打者,野手,20.0,17.0,4.0,1.0,2,6,0.235,0.35,0.471,0.821,0.236,0.1,0.3,0.05,0.5,23.5,61.6,47.5,42.6,,,,,,,,,,,,,42.6
20260809T155513Z-f8f05a1c4870,2026-08-09T15:55:13+00:00,2026,0000002304,吳明鴻,台鋼雄鷹,打者,野手,14.0,13.0,2.0,0.0,0,3,0.154,0.154,0.154,0.308,0.0,0.0,0.2143,0.0,0.0,15.4,0.0,27.5,14.1,,,,,,,,,,,,,14.1
20260809T155513Z-f8f05a1c4870,2026-08-09T15:55:13+00:00,2026,0000002305,王正棠,富邦悍將,打者,野手,14.0,13.0,2.0,0.0,1,1,0.154,0.214,0.154,0.368,0.0,0.0714,0.0714,0.0,1.0,15.4,0.0,55.4,19.7,,,,,,,,,,,,,19.7
20260809T155513Z-f8f05a1c4870,2026-08-09T15:55:13+00:00,2026,0000000910,張進德,富邦悍將,打者,野手,15.0,14.0,1.0,0.0,1,3,0.071,0.133,0.071,0.204,0.0,0.0667,0.2,0.0,0.33,7.1,0.0,43.3,12.5,,,,,,,,,,,,,12.5
20260809T155513Z-f8f05a1c4870,2026-08-09T15:55:13+00:00,2026,0000007605,王翾祐,統一7-ELEVEn獅,打者,野手,31.0,27.0,10.0,0.0,3,4,0.37,0.433,0.481,0.914,0.111,0.0968,0.129,0.0,0.75,37.0,19.7,55.4,40.2,,,,,,,,,,,,,40.2
20260809T155513Z-f8f05a1c4870,2026-08-09T15:55:13+00:00,2026,0000007282,陳九登,中信兄弟,打者,野手,18.0,15.0,5.0,0.0,3,4,0.333,0.444,0.4,0.844,0.067,0.1667,0.2222,0.0,0.75,33.300000000000004,11.9,64.7,37.7,,,,,,,,,,,,,37.7
20260809T155513Z-f8f05a1c4870,2026-08-09T15:55:13+00:00,2026,0000003174,郭永維,台鋼雄鷹,打者,野手,18.0,17.0,5.0,0.0,1,3,0.294,0.333,0.294,0.627,0.0,0.0556,0.1667,0.0,0.33,29.4,0.0,42.5,26.4,,,,,,,,,,,,,26.4
20260809T155513Z-f8f05a1c4870,2026-08-09T15:55:13+00:00,2026,0000006213,何恆佑,統一7-ELEVEn獅,打者,野手,21.0,20.0,2.0,0.0,0,8,0.1,0.1,0.1,0.2,0.0,0.0,0.381,0.0,0.0,10.0,0.0,21.7,9.8,,,,,,,,,,,,,9.8
20260809T155513Z-f8f05a1c4870,2026-08-09T15:55:13+00:00,2026,0000007091,高捷,富邦悍將,打者,野手,11.0,10.0,2.0,0.0,1,2,0.2,0.273,0.2,0.473,0.0,0.0909,0.1818,0.0,0.5,20.0,0.0,50.0,22.1,,,,,,,,,,,,,22.1
20260809T155513Z-f8f05a1c4870,2026-08-09T15:55:13+00:00,2026,0000007036,戴伯丞,統一7-ELEVEn獅,打者,野手,16.0,15.0,2.0,0.0,0,5,0.133,0.133,0.133,0.266,0.0,0.0,0.3125,0.0,0.0,13.3,0.0,24.1,12.3,,,,,,,,,,,,,12.3
20260809T155513Z-f8f05a1c4870,2026-08-09T15:55:13+00:00,2026,0000007806,道威聖,樂天桃猿,打者,野手,23.0,21.0,3.0,0.0,1,9,0.143,0.217,0.143,0.36,0.0,0.0435,0.3913,0.0,0.22,14.3,0.0,31.3,15.7,,,,,,,,,,,,,15.7
20260809T155513Z-f8f05a1c4870,2026-08-09T15:55:13+00:00,2026,0000006909,豊暐,富邦悍將,打者,野手,7.0,7.0,0.0,0.0,0,3,0.0,0.0,0.0,0.0,0.0,0.0,0.4286,0.0,0.0,0.0,0.0,20.0,3.0,,,,,,,,,,,,,3.0
20260809T155513Z-f8f05a1c4870,2026-08-09T15:55:13+00:00,2026,0000000356,石翔宇,味全龍,打者,野手,3.0,3.0,0.0,0.0,0,2,0.0,0.0,0.0,0.0,0.0,0.0,0.6667,0.0,0.0,0.0,0.0,11.7,1.8,,,,,,,,,,,,,1.8
20260809T155513Z-f8f05a1c4870,2026-08-09T15:55:13+00:00,2026,0000007308,許博閎,味全龍,打者,野手,3.0,3.0,1.0,0.0,0,0,0.333,0.333,0.333,0.666,0.0,0.0,0.0,0.0,0.0,33.300000000000004,0.0,35.0,26.9,,,,,,,,,,,,,26.9
20260809T155513Z-f8f05a1c4870,2026-08-09T15:55:13+00:00,2026,0000007313,曾冠傑,樂天桃猿,打者,野手,9.0,8.0,2.0,0.0,1,3,0.25,0.333,0.25,0.583,0.0,0.1111,0.3333,0.0,0.33,25.0,0.0,46.6,25.1,,,,,,,,,,,,,25.1
20260809T155513Z-f8f05a1c4870,2026-08-09T15:55:13+00:00,2026,0000005310,陳真,富邦悍將,打者,野手,15.0,15.0,3.0,0.0,0,5,0.2,0.2,0.2,0.4,0.0,0.0,0.3333,0.0,0.0,20.0,0.0,23.3,16.5,,,,,,,,,,,,,16.5
20260809T155513Z-f8f05a1c4870,2026-08-09T15:55:13+00:00,2026,0000003645,柯育民,統一7-ELEVEn獅,打者,野手,11.0,10.0,0.0,0.0,0,4,0.0,0.0,0.0,0.0,0.0,0.0,0.3636,0.0,0.0,0.0,0.0,22.3,3.3,,,,,,,,,,,,,3.3
20260809T155513Z-f8f05a1c4870,2026-08-09T15:55:13+00:00,2026,0000007629,顏采丞,台鋼雄鷹,打者,野手,10.0,10.0,0.0,0.0,0,2,0.0,0.0,0.0,0.0,0.0,0.0,0.2,0.0,0.0,0.0,0.0,28.0,4.2,,,,,,,,,,,,,4.2
20260809T155513Z-f8f05a1c4870,2026-08-09T15:55:13+00:00,2026,0000007291,全紹凱,統一7-ELEVEn獅,打者,野手,12.0,12.0,3.0,0.0,0,1,0.25,0.25,0.25,0.5,0.0,0.0,0.0833,0.0,0.0,25.0,0.0,32.1,21.1,,,,,,,,,,,,,21.1
20260809T155513Z-f8f05a1c4870,2026-08-09T15:55:13+00:00,2026,0000000753,杜家明,台鋼雄鷹,打者,野手,12.0,12.0,1.0,0.0,0,1,0.083,0.083,0.083,0.166,0.0,0.0,0.0833,0.0,0.0,8.3,0.0,32.1,10.2,,,,,,,,,,,,,10.2
20260809T155513Z-f8f05a1c4870,2026-08-09T15:55:13+00:00,2026,0000005536,歐晉,樂天桃猿,打者,野手,8.0,6.0,0.0,0.0,2,1,0.0,0.25,0.0,0.25,0.0,0.25,0.125,0.0,2.0,0.0,0.0,95.6,20.0,,,,,,,,,,,,,20.0
20260809T155513Z-f8f05a1c4870,2026-08-09T15:55:13+00:00,2026,0000007086,楊祥禾,中信兄弟,打者,野手,2.0,2.0,0.0,0.0,0,1,0.0,0.0,0.0,0.0,0.0,0.0,0.5,0.0,0.0,0.0,0.0,17.5,2.6,,,,,,,,,,,,,2.6
20260809T155513Z-f8f05a1c4870,2026-08-09T15:55:13+00:00,2026,0000006938,吳柏萱,台鋼雄鷹,打者,野手,9.0,9.0,3.0,0.0,0,2,0.333,0.333,0.333,0.666,0.0,0.0,0.2222,0.0,0.0,33.300000000000004,0.0,27.2,25.7,,,,,,,,,,,,,25.7
20260809T155513Z-f8f05a1c4870,2026-08-09T15:55:13+00:00,2026,0000001118,高國麟,富邦悍將,打者,野手,6.0,6.0,2.0,0.0,0,0,0.333,0.333,0.333,0.666,0.0,0.0,0.0,0.0,0.0,33.300000000000004,0.0,35.0,26.9,,,,,,,,,,,,,26.9
20260809T155513Z-f8f05a1c4870,2026-08-09T15:55:13+00:00,2026,0000005296,董秉軒,台鋼雄鷹,打者,野手,5.0,5.0,1.0,0.0,0,0,0.2,0.2,0.2,0.4,0.0,0.0,0.0,0.0,0.0,20.0,0.0,35.0,18.2,,,,,,,,,,,,,18.2
20260809T155513Z-f8f05a1c4870,2026-08-09T15:55:13+00:00,2026,0000006770,邱邦,樂天桃猿,打者,野手,2.0,2.0,1.0,0.0,0,0,0.5,0.5,0.5,1.0,0.0,0.0,0.0,0.0,0.0,50.0,0.0,35.0,37.8,,,,,,,,,,,,,37.8
20260809T155513Z-f8f05a1c4870,2026-08-09T15:55:13+00:00,2026,0000006955,余羿賢,統一7-ELEVEn獅,打者,野手,2.0,2.0,1.0,0.0,0,1,0.5,0.5,0.5,1.0,0.0,0.0,0.5,0.0,0.0,50.0,0.0,17.5,35.1,,,,,,,,,,,,,35.1
20260809T155513Z-f8f05a1c4870,2026-08-09T15:55:13+00:00,2026,0000006856,董順傑,樂天桃猿,打者,野手,5.0,5.0,0.0,0.0,0,3,0.0,0.0,0.0,0.0,0.0,0.0,0.6,0.0,0.0,0.0,0.0,14.0,2.1,,,,,,,,,,,,,2.1
20260809T155513Z-f8f05a1c4870,2026-08-09T15:55:13+00:00,2026,0000007297,楊泯貽,富邦悍將,打者,野手,5.0,5.0,0.0,0.0,0,0,0.0,0.0,0.0,0.0,0.0,0.0,0.0,0.0,0.0,0.0,0.0,35.0,5.2,,,,,,,,,,,,,5.2
20260809T155513Z-f8f05a1c4870,2026-08-09T15:55:13+00:00,2026,0000007298,盧柏華,富邦悍將,打者,野手,3.0,3.0,0.0,0.0,0,0,0.0,0.0,0.0,0.0,0.0,0.0,0.0,0.0,0.0,0.0,0.0,35.0,5.2,,,,,,,,,,,,,5.2
20260809T155513Z-f8f05a1c4870,2026-08-09T15:55:13+00:00,2026,0000007013,陳飛霖,台鋼雄鷹,打者,野手,4.0,3.0,0.0,0.0,1,1,0.0,0.25,0.0,0.25,0.0,0.25,0.25,0.0,1.0,0.0,0.0,81.2,17.8,,,,,,,,,,,,,17.8
20260809T155513Z-f8f05a1c4870,2026-08-09T15:55:13+00:00,2026,0000006930,黃秉揚,台鋼雄鷹,打者,野手,3.0,3.0,0.0,0.0,0,1,0.0,0.0,0.0,0.0,0.0,0.0,0.3333,0.0,0.0,0.0,0.0,23.3,3.5,,,,,,,,,,,,,3.5
20260809T155513Z-f8f05a1c4870,2026-08-09T15:55:13+00:00,2026,0000005563,姚冠瑋,味全龍,打者,野手,2.0,2.0,0.0,0.0,0,1,0.0,0.0,0.0,0.0,0.0,0.0,0.5,0.0,0.0,0.0,0.0,17.5,2.6,,,,,,,,,,,,,2.6
20260809T155513Z-f8f05a1c4870,2026-08-09T15:55:13+00:00,2026,0000003339,林哲瑄,富邦悍將,打者,野手,1.0,1.0,1.0,0.0,0,0,1.0,1.0,1.0,2.0,0.0,0.0,0.0,0.0,0.0,100.0,0.0,35.0,70.2,,,,,,,,,,,,,70.2
20260809T155513Z-f8f05a1c4870,2026-08-09T15:55:13+00:00,2026,0000007610,吳承皓,味全龍,打者,野手,4.0,3.0,1.0,0.0,1,0,0.333,0.5,0.333,0.833,0.0,0.25,0.0,0.0,0.0,33.300000000000004,0.0,80.0,37.4,,,,,,,,,,,,,37.4
20260809T155513Z-f8f05a1c4870,2026-08-09T15:55:13+00:00,2026,0000007315,游承勳,樂天桃猿,打者,野手,4.0,4.0,0.0,0.0,0,1,0.0,0.0,0.0,0.0,0.0,0.0,0.25,0.0,0.0,0.0,0.0,26.2,3.9,,,,,,,,,,,,,3.9
20260809T155513Z-f8f05a1c4870,2026-08-09T15:55:13+00:00,2026,0000007602,吳柏賢,統一7-ELEVEn獅,打者,野手,1.0,1.0,0.0,0.0,0,0,0.0,0.0,0.0,0.0,0.0,0.0,0.0,0.0,0.0,0.0,0.0,35.0,5.2,,,,,,,,,,,,,5.2
20260809T155513Z-f8f05a1c4870,2026-08-09T15:55:13+00:00,2026,0000005538,黃柏豪,味全龍,打者,野手,1.0,1.0,0.0,0.0,0,1,0.0,0.0,0.0,0.0,0.0,0.0,1.0,0.0,0.0,0.0,0.0,0.0,0.0,,,,,,,,,,,,,0.0
20260809T155513Z-f8f05a1c4870,2026-08-09T15:55:13+00:00,2026,0000000771,陳琥,中信兄弟,打者,野手,1.0,1.0,0.0,0.0,0,0,0.0,0.0,0.0,0.0,0.0,0.0,0.0,0.0,0.0,0.0,0.0,35.0,5.2,,,,,,,,,,,,,5.2
20260809T155513Z-f8f05a1c4870,2026-08-09T15:55:13+00:00,2026,0000001232,江忠城,中信兄弟,打者,野手,1.0,1.0,0.0,0.0,0,0,0.0,0.0,0.0,0.0,0.0,0.0,0.0,0.0,0.0,0.0,0.0,35.0,5.2,,,,,,,,,,,,,5.2
20260809T155513Z-f8f05a1c4870,2026-08-09T15:55:13+00:00,2026,0000007088,徐博瑋,中信兄弟,打者,野手,0.0,0.0,0.0,0.0,0,0,0.0,0.0,0.0,0.0,0.0,0.0,0.0,0.0,0.0,0.0,0.0,35.0,5.2,,,,,,,,,,,,,5.2
20260809T155513Z-f8f05a1c4870,2026-08-09T15:55:13+00:00,2026,0000006221,劉貴元,中信兄弟,打者,野手,0.0,0.0,0.0,0.0,0,0,0.0,0.0,0.0,0.0,0.0,0.0,0.0,0.0,0.0,0.0,0.0,35.0,5.2,,,,,,,,,,,,,5.2
20260809T155513Z-f8f05a1c4870,2026-08-09T15:55:13+00:00,2026,0000005555,陳冠偉,味全龍,投手,投手,,,,,7,26,,,,,,0.0496,0.1844,,,,,,,37.333,7.0,26.0,1.0,1.69,0.88,3.71,0.0071,92.2,36.9,63.1,69.6,69.6
20260809T155513Z-f8f05a1c4870,2026-08-09T15:55:13+00:00,2026,0000005788,林凱威,味全龍,投手,投手,,,,,10,23,,,,,,0.0649,0.1494,,,,,,,37.0,12.0,33.0,2.0,2.92,1.16,2.3,0.013,88.3,29.9,54.7,63.6,63.6
20260809T155513Z-f8f05a1c4870,2026-08-09T15:55:13+00:00,2026,0000005561,李建勳,富邦悍將,投手,投手,,,,,15,29,,,,,,0.1,0.1933,,,,,,,32.667,18.0,36.0,2.0,4.96,1.56,1.93,0.0133,82.1,38.7,49.4,61.4,61.4
20260809T155513Z-f8f05a1c4870,2026-08-09T15:55:13+00:00,2026,0000000941,陳冠宇,樂天桃猿,投手,投手,,,,,13,41,,,,,,0.0903,0.2847,,,,,,,36.333,9.0,25.0,2.0,2.23,1.05,3.15,0.0139,90.2,56.9,56.3,71.7,71.7
20260809T155513Z-f8f05a1c4870,2026-08-09T15:55:13+00:00,2026,0000006832,陳柏清,台鋼雄鷹,投手,投手,,,,,12,27,,,,,,0.0759,0.1709,,,,,,,38.667,14.0,35.0,2.0,3.26,1.22,2.25,0.0127,87.3,34.2,53.4,63.9,63.9
20260809T155513Z-f8f05a1c4870,2026-08-09T15:55:13+00:00,2026,0000003639,呂彥青,中信兄弟,投手,投手,,,,,6,29,,,,,,0.0476,0.2302,,,,,,,34.0,5.0,20.0,1.0,1.32,0.76,4.83,0.0079,93.5,46.0,68.8,74.2,74.2
20260809T155513Z-f8f05a1c4870,2026-08-09T15:55:13+00:00,2026,0000007293,鍾允華,統一7-ELEVEn獅,投手,投手,,,,,14,33,,,,,,0.0946,0.223,,,,,,,34.667,10.0,32.0,1.0,2.6,1.33,2.36,0.0068,88.1,44.6,52.1,66.4,66.4
20260809T155513Z-f8f05a1c4870,2026-08-09T15:55:13+00:00,2026,0000005790,張奕,富邦悍將,投手,投手,,,,,13,27,,,,,,0.0897,0.1862,,,,,,,35.0,8.0,32.0,2.0,2.06,1.29,2.08,0.0138,89.4,37.2,51.2,64.9,64.9
20260809T155513Z-f8f05a1c4870,2026-08-09T15:55:13+00:00,2026,0000006870,林栚呈,富邦悍將,投手,投手,,,,,16,16,,,,,,0.1103,0.1103,,,,,,,33.667,11.0,28.0,2.0,2.94,1.31,1.0,0.0138,87.5,22.1,43.8,58.0,58.0
20260809T155513Z-f8f05a1c4870,2026-08-09T15:55:13+00:00,2026,0000002280,廖任磊,富邦悍將,投手,投手,,,,,15,9,,,,,,0.1119,0.0672,,,,,,,30.333,15.0,31.0,0.0,4.45,1.52,0.6,0.0,83.3,13.4,41.7,53.3,53.3
20260809T155513Z-f8f05a1c4870,2026-08-09T15:55:13+00:00,2026,0000001821,林子昱,味全龍,投手,投手,,,,,6,15,,,,,,0.0465,0.1163,,,,,,,31.333,10.0,32.0,1.0,2.87,1.21,2.5,0.0078,88.1,23.3,57.5,62.7,62.7
20260809T155513Z-f8f05a1c4870,2026-08-09T15:55:13+00:00,2026,0000006818,髙塩將樹,統一7-ELEVEn獅,投手,投手,,,,,9,18,,,,,,0.0667,0.1333,,,,,,,31.667,11.0,32.0,1.0,3.13,1.29,2.0,0.0074,87.2,26.7,53.1,61.8,61.8
20260809T155513Z-f8f05a1c4870,2026-08-09T15:55:13+00:00,2026,0000005509,莊昕諺,樂天桃猿,投手,投手,,,,,16,21,,,,,,0.1119,0.1469,,,,,,,34.333,6.0,25.0,1.0,1.57,1.19,1.31,0.007,90.9,29.4,45.2,61.8,61.8
20260809T155513Z-f8f05a1c4870,2026-08-09T15:55:13+00:00,2026,0000005558,蘇俊璋,樂天桃猿,投手,投手,,,,,7,21,,,,,,0.0654,0.1963,,,,,,,26.667,9.0,23.0,0.0,3.04,1.13,3.0,0.0,88.2,39.3,58.1,66.9,66.9
20260809T155513Z-f8f05a1c4870,2026-08-09T15:55:13+00:00,2026,0000006227,曾峻岳,富邦悍將,投手,投手,,,,,7,45,,,,,,0.0538,0.3462,,,,,,,33.667,5.0,26.0,1.0,1.34,0.98,6.43,0.0077,92.4,69.2,76.0,81.7,81.7
20260809T155513Z-f8f05a1c4870,2026-08-09T15:55:13+00:00,2026,0000000771,陳琥,中信兄弟,投手,投手,,,,,14,29,,,,,,0.0946,0.1959,,,,,,,36.667,11.0,30.0,3.0,2.7,1.2,2.07,0.0203,88.5,39.2,50.6,64.8,64.8
20260809T155513Z-f8f05a1c4870,2026-08-09T15:55:13+00:00,2026,0000000778,蔡齊哲,中信兄弟,投手,投手,,,,,11,14,,,,,,0.1078,0.1373,,,,,,,25.0,6.0,16.0,2.0,2.16,1.08,1.27,0.0196,90.2,27.5,45.4,61.1,61.1
20260809T155513Z-f8f05a1c4870,2026-08-09T15:55:13+00:00,2026,0000001232,江忠城,中信兄弟,投手,投手,,,,,10,12,,,,,,0.0893,0.1071,,,,,,,26.333,4.0,23.0,0.0,1.37,1.25,1.2,0.0,91.0,21.4,46.9,60.4,60.4
20260809T155513Z-f8f05a1c4870,2026-08-09T15:55:13+00:00,2026,0000006982,黃群,台鋼雄鷹,投手,投手,,,,,13,24,,,,,,0.115,0.2124,,,,,,,27.0,6.0,18.0,0.0,2.0,1.15,1.85,0.0,90.2,42.5,47.5,65.5,65.5
20260809T155513Z-f8f05a1c4870,2026-08-09T15:55:13+00:00,2026,0000003331,李振昌,中信兄弟,投手,投手,,,,,10,17,,,,,,0.0943,0.1604,,,,,,,25.0,11.0,22.0,3.0,3.96,1.28,1.7,0.0283,85.5,32.1,48.9,61.2,61.2
20260809T155513Z-f8f05a1c4870,2026-08-09T15:55:13+00:00,2026,0000006160,李超,味全龍,投手,投手,,,,,9,18,,,,,,0.0857,0.1714,,,,,,,25.667,6.0,23.0,1.0,2.1,1.25,2.0,0.0095,89.5,34.3,51.2,64.2,64.2
20260809T155513Z-f8f05a1c4870,2026-08-09T15:55:13+00:00,2026,0000006228,王志煊,樂天桃猿,投手,投手,,,,,5,11,,,,,,0.0926,0.2037,,,,,,,12.667,3.0,12.0,0.0,2.13,1.34,2.2,0.0,89.0,40.7,51.5,65.7,65.7
20260809T155513Z-f8f05a1c4870,2026-08-09T15:55:13+00:00,2026,0000000998,邱浩鈞,統一7-ELEVEn獅,投手,投手,,,,,12,15,,,,,,0.1165,0.1456,,,,,,,23.667,5.0,20.0,0.0,1.9,1.35,1.25,0.0,89.4,29.1,44.4,60.8,60.8
20260809T155513Z-f8f05a1c4870,2026-08-09T15:55:13+00:00,2026,0000006127,李其峰,統一7-ELEVEn獅,投手,投手,,,,,11,20,,,,,,0.0991,0.1802,,,,,,,24.0,5.0,29.0,2.0,1.88,1.67,1.82,0.018,87.8,36.0,49.0,63.2,63.2
20260809T155513Z-f8f05a1c4870,2026-08-09T15:55:13+00:00,2026,0000000128,朱承洋,樂天桃猿,投手,投手,,,,,6,21,,,,,,0.0583,0.2039,,,,,,,25.667,8.0,23.0,1.0,2.81,1.13,3.5,0.0097,88.6,40.8,61.2,68.4,68.4
20260809T155513Z-f8f05a1c4870,2026-08-09T15:55:13+00:00,2026,0000006833,陳宇宏,台鋼雄鷹,投手,投手,,,,,11,21,,,,,,0.0667,0.1273,,,,,,,36.667,19.0,45.0,2.0,4.66,1.53,1.91,0.0121,82.9,25.5,52.6,59.5,59.5
20260809T155513Z-f8f05a1c4870,2026-08-09T15:55:13+00:00,2026,0000006949,林詩翔,台鋼雄鷹,投手,投手,,,,,12,17,,,,,,0.1081,0.1532,,,,,,,24.667,8.0,23.0,1.0,2.92,1.42,1.42,0.009,87.0,30.6,46.1,60.6,60.6
20260809T155513Z-f8f05a1c4870,2026-08-09T15:55:13+00:00,2026,0000005285,許峻暘,台鋼雄鷹,投手,投手,,,,,4,16,,,,,,0.0482,0.1928,,,,,,,21.333,5.0,15.0,1.0,2.11,0.89,4.0,0.012,91.3,38.6,64.7,70.1,70.1
20260809T155513Z-f8f05a1c4870,2026-08-09T15:55:13+00:00,2026,0000000773,李吳永勤,富邦悍將,投手,投手,,,,,9,11,,,,,,0.1034,0.1264,,,,,,,17.333,12.0,22.0,0.0,6.23,1.79,1.22,0.0,78.4,25.3,45.6,55.3,55.3
20260809T155513Z-f8f05a1c4870,2026-08-09T15:55:13+00:00,2026,0000003292,賴鴻誠,富邦悍將,投手,投手,,,,,9,10,,,,,,0.09,0.1,,,,,,,21.0,15.0,31.0,3.0,6.43,1.9,1.11,0.03,77.4,20.0,46.4,53.8,53.8
20260809T155513Z-f8f05a1c4870,2026-08-09T15:55:13+00:00,2026,0000005789,林鋅杰,味全龍,投手,投手,,,,,13,11,,,,,,0.134,0.1134,,,,,,,22.333,9.0,24.0,2.0,3.63,1.66,0.85,0.0206,84.3,22.7,40.7,55.8,55.8
20260809T155513Z-f8f05a1c4870,2026-08-09T15:55:13+00:00,2026,0000005482,吳承諭,統一7-ELEVEn獅,投手,投手,,,,,6,10,,,,,,0.06,0.1,,,,,,,24.667,7.0,20.0,2.0,2.55,1.05,1.67,0.02,89.6,20.0,52.1,61.0,61.0
20260809T155513Z-f8f05a1c4870,2026-08-09T15:55:13+00:00,2026,0000006237,林子崴,樂天桃猿,投手,投手,,,,,10,25,,,,,,0.0559,0.1397,,,,,,,45.667,7.0,39.0,0.0,1.38,1.07,2.5,0.0,91.8,27.9,56.6,65.3,65.3
20260809T155513Z-f8f05a1c4870,2026-08-09T15:55:13+00:00,2026,0000001390,王躍霖,台鋼雄鷹,投手,投手,,,,,7,11,,,,,,0.0875,0.1375,,,,,,,17.333,9.0,21.0,1.0,4.67,1.62,1.57,0.0125,82.4,27.5,48.9,58.6,58.6
20260809T155513Z-f8f05a1c4870,2026-08-09T15:55:13+00:00,2026,0000002348,施子謙,台鋼雄鷹,投手,投手,,,,,7,9,,,,,,0.0875,0.1125,,,,,,,17.667,9.0,19.0,3.0,4.58,1.47,1.29,0.0375,83.3,22.5,47.5,57.4,57.4
20260809T155513Z-f8f05a1c4870,2026-08-09T15:55:13+00:00,2026,0000007292,李軍,統一7-ELEVEn獅,投手,投手,,,,,10,14,,,,,,0.1282,0.1795,,,,,,,19.333,4.0,10.0,0.0,1.86,1.03,1.4,0.0,91.1,35.9,44.0,63.2,63.2
20260809T155513Z-f8f05a1c4870,2026-08-09T15:55:13+00:00,2026,0000006918,李欣穎,台鋼雄鷹,投手,投手,,,,,5,26,,,,,,0.0532,0.2766,,,,,,,20.333,8.0,24.0,2.0,3.54,1.43,5.2,0.0213,85.6,55.3,70.0,73.3,73.3
20260809T155513Z-f8f05a1c4870,2026-08-09T15:55:13+00:00,2026,0000007580,韋宏亮,台鋼雄鷹,投手,投手,,,,,7,13,,,,,,0.0778,0.1444,,,,,,,20.333,11.0,22.0,0.0,4.87,1.43,1.86,0.0,82.9,28.9,51.3,59.9,59.9
20260809T155513Z-f8f05a1c4870,2026-08-09T15:55:13+00:00,2026,0000006857,舒治浩,樂天桃猿,投手,投手,,,,,8,7,,,,,,0.1081,0.0946,,,,,,,18.667,4.0,13.0,0.0,1.93,1.13,0.88,0.0,90.4,18.9,43.5,58.5,58.5
20260809T155513Z-f8f05a1c4870,2026-08-09T15:55:13+00:00,2026,0000006720,邱駿威,樂天桃猿,投手,投手,,,,,8,10,,,,,,0.0851,0.1064,,,,,,,19.333,9.0,26.0,1.0,4.19,1.76,1.25,0.0106,82.7,21.3,47.6,56.8,56.8
20260809T155513Z-f8f05a1c4870,2026-08-09T15:55:13+00:00,2026,0000005151,羅戈,中信兄弟,投手,投手,,,,,27,82,,,,,,0.06,0.1822,,,,,,,110.0,38.0,102.0,3.0,3.11,1.17,3.04,0.0067,87.8,36.4,58.8,66.2,66.2
20260809T155513Z-f8f05a1c4870,2026-08-09T15:55:13+00:00,2026,0000007044,鄭澔,統一7-ELEVEn獅,投手,投手,,,,,6,17,,,,,,0.1053,0.2982,,,,,,,14.0,3.0,8.0,0.0,1.93,1.0,2.83,0.0,91.1,59.6,53.3,71.9,71.9
20260809T155513Z-f8f05a1c4870,2026-08-09T15:55:13+00:00,2026,0000002347,王浩原,富邦悍將,投手,投手,,,,,8,5,,,,,,0.1194,0.0746,,,,,,,13.667,6.0,20.0,0.0,3.95,2.05,0.62,0.0,81.7,14.9,41.1,52.8,52.8
20260809T155513Z-f8f05a1c4870,2026-08-09T15:55:13+00:00,2026,0000006749,魔力藍,富邦悍將,投手,投手,,,,,27,67,,,,,,0.0616,0.153,,,,,,,103.0,37.0,108.0,3.0,3.23,1.31,2.48,0.0068,86.9,30.6,55.9,63.5,63.5
20260809T155513Z-f8f05a1c4870,2026-08-09T15:55:13+00:00,2026,0000006497,鋼龍,味全龍,投手,投手,,,,,21,96,,,,,,0.0493,0.2254,,,,,,,105.333,25.0,96.0,6.0,2.14,1.11,4.57,0.0141,90.1,45.1,67.4,72.0,72.0
20260809T155513Z-f8f05a1c4870,2026-08-09T15:55:13+00:00,2026,0000002303,黃竣彥,統一7-ELEVEn獅,投手,投手,,,,,4,6,,,,,,0.0727,0.1091,,,,,,,11.667,7.0,18.0,1.0,5.4,1.89,1.5,0.0182,79.6,21.8,50.0,56.3,56.3
20260809T155513Z-f8f05a1c4870,2026-08-09T15:55:13+00:00,2026,0000006906,艾菩樂,樂天桃猿,投手,投手,,,,,21,72,,,,,,0.0465,0.1593,,,,,,,107.0,41.0,109.0,11.0,3.45,1.21,3.43,0.0243,86.9,31.9,62.1,65.7,65.7
20260809T155513Z-f8f05a1c4870,2026-08-09T15:55:13+00:00,2026,0000007053,艾速特,台鋼雄鷹,投手,投手,,,,,32,95,,,,,,0.0796,0.2363,,,,,,,98.667,20.0,68.0,1.0,1.82,1.01,2.97,0.0025,91.2,47.3,56.5,69.8,69.8
20260809T155513Z-f8f05a1c4870,2026-08-09T15:55:13+00:00,2026,0000005604,勝騎士,中信兄弟,投手,投手,,,,,8,82,,,,,,0.019,0.1952,,,,,,,103.0,40.0,107.0,11.0,3.5,1.12,10.25,0.0262,87.3,39.0,98.1,78.5,78.5
20260809T155513Z-f8f05a1c4870,2026-08-09T15:55:13+00:00,2026,0000007597,獅帝芬,統一7-ELEVEn獅,投手,投手,,,,,29,66,,,,,,0.0751,0.171,,,,,,,93.333,28.0,82.0,3.0,2.7,1.19,2.28,0.0078,88.6,34.2,53.6,64.5,64.5
20260809T155513Z-f8f05a1c4870,2026-08-09T15:55:13+00:00,2026,0000005315,高偉強,統一7-ELEVEn獅,投手,投手,,,,,13,9,,,,,,0.1688,0.1169,,,,,,,16.667,10.0,15.0,1.0,5.4,1.68,0.69,0.013,80.6,23.4,36.5,53.1,53.1
20260809T155513Z-f8f05a1c4870,2026-08-09T15:55:13+00:00,2026,0000006910,王伯洋,味全龍,投手,投手,,,,,10,11,,,,,,0.1818,0.2,,,,,,,11.667,3.0,7.0,0.0,2.31,1.46,1.1,0.0,88.0,40.0,37.2,60.8,60.8
20260809T155513Z-f8f05a1c4870,2026-08-09T15:55:13+00:00,2026,0000006215,趙璟榮,味全龍,投手,投手,,,,,10,8,,,,,,0.1538,0.1231,,,,,,,15.0,6.0,14.0,0.0,3.6,1.6,0.8,0.0,84.7,24.6,38.5,55.8,55.8
20260809T155513Z-f8f05a1c4870,2026-08-09T15:55:13+00:00,2026,0000006507,後勁,台鋼雄鷹,投手,投手,,,,,41,65,,,,,,0.1079,0.1711,,,,,,,83.333,46.0,92.0,1.0,4.97,1.6,1.59,0.0026,81.9,34.2,47.0,59.5,59.5
20260809T155513Z-f8f05a1c4870,2026-08-09T15:55:13+00:00,2026,0000001524,劉昱言,富邦悍將,投手,投手,,,,,4,4,,,,,,0.0909,0.0909,,,,,,,10.333,5.0,11.0,1.0,4.35,1.45,1.0,0.0227,83.9,18.2,45.8,56.0,56.0
20260809T155513Z-f8f05a1c4870,2026-08-09T15:55:13+00:00,2026,0000006555,梅賽鍶,味全龍,投手,投手,,,,,16,58,,,,,,0.0436,0.158,,,,,,,92.667,21.0,84.0,4.0,2.04,1.08,3.62,0.0109,90.4,31.6,63.3,67.6,67.6
20260809T155513Z-f8f05a1c4870,2026-08-09T15:55:13+00:00,2026,0000005552,呂偉晟,味全龍,投手,投手,,,,,9,5,,,,,,0.15,0.0833,,,,,,,11.0,3.0,13.0,0.0,2.45,2.0,0.56,0.0,85.0,16.7,37.7,53.7,53.7
20260809T155513Z-f8f05a1c4870,2026-08-09T15:55:13+00:00,2026,0000007779,蔣銲,味全龍,投手,投手,,,,,31,99,,,,,,0.0829,0.2647,,,,,,,95.667,14.0,54.0,3.0,1.32,0.89,3.19,0.008,92.9,52.9,57.3,72.2,72.2
20260809T155513Z-f8f05a1c4870,2026-08-09T15:55:13+00:00,2026,0000006739,李東洺,富邦悍將,投手,投手,,,,,30,44,,,,,,0.085,0.1246,,,,,,,85.0,22.0,70.0,6.0,2.33,1.18,1.47,0.017,89.4,24.9,48.7,61.1,61.1
20260809T155513Z-f8f05a1c4870,2026-08-09T15:55:13+00:00,2026,0000007228,鈴木駿輔,富邦悍將,投手,投手,,,,,21,81,,,,,,0.0588,0.2269,,,,,,,88.333,21.0,76.0,4.0,2.14,1.1,3.86,0.0112,90.1,45.4,62.9,70.8,70.8
20260809T155513Z-f8f05a1c4870,2026-08-09T15:55:13+00:00,2026,0000005731,布雷克,統一7-ELEVEn獅,投手,投手,,,,,11,58,,,,,,0.0284,0.1495,,,,,,,101.0,20.0,89.0,5.0,1.78,0.99,5.27,0.0129,91.4,29.9,72.9,70.5,70.5
20260809T155513Z-f8f05a1c4870,2026-08-09T15:55:13+00:00,2026,0000002274,黃子鵬,台鋼雄鷹,投手,投手,,,,,14,42,,,,,,0.0354,0.1063,,,,,,,100.333,21.0,81.0,2.0,1.88,0.95,3.0,0.0051,91.4,21.3,61.1,64.8,64.8
20260809T155513Z-f8f05a1c4870,2026-08-09T15:55:13+00:00,2026,0000007074,曾家輝,樂天桃猿,投手,投手,,,,,20,60,,,,,,0.0613,0.184,,,,,,,79.667,23.0,67.0,3.0,2.6,1.09,3.0,0.0092,89.3,36.8,58.5,66.9,66.9
20260809T155513Z-f8f05a1c4870,2026-08-09T15:55:13+00:00,2026,0000007790,魔爾曼,樂天桃猿,投手,投手,,,,,26,71,,,,,,0.0708,0.1935,,,,,,,86.667,26.0,80.0,2.0,2.7,1.22,2.73,0.0054,88.4,38.7,56.2,66.3,66.3
20260809T155513Z-f8f05a1c4870,2026-08-09T15:55:13+00:00,2026,0000002679,江承諺,台鋼雄鷹,投手,投手,,,,,21,36,,,,,,0.0633,0.1084,,,,,,,78.0,25.0,79.0,3.0,2.88,1.28,1.71,0.009,87.7,21.7,52.0,60.5,60.5
20260809T155513Z-f8f05a1c4870,2026-08-09T15:55:13+00:00,2026,0000006850,鄭副豪,統一7-ELEVEn獅,投手,投手,,,,,11,5,,,,,,0.2,0.0909,,,,,,,11.333,8.0,9.0,0.0,6.35,1.76,0.45,0.0,78.3,18.2,32.2,49.4,49.4
20260809T155513Z-f8f05a1c4870,2026-08-09T15:55:13+00:00,2026,0000007778,喬登,統一7-ELEVEn獅,投手,投手,,,,,31,84,,,,,,0.1047,0.2838,,,,,,,76.667,12.0,41.0,1.0,1.41,0.94,2.71,0.0034,92.4,56.8,52.7,71.6,71.6
20260809T155513Z-f8f05a1c4870,2026-08-09T15:55:13+00:00,2026,0000002345,鄭浩均,中信兄弟,投手,投手,,,,,31,59,,,,,,0.0966,0.1838,,,,,,,72.333,54.0,75.0,10.0,6.72,1.47,1.9,0.0312,79.0,36.8,49.6,59.6,59.6
20260809T155513Z-f8f05a1c4870,2026-08-09T15:55:13+00:00,2026,0000007276,伍立辰,中信兄弟,投手,投手,,,,,15,20,,,,,,0.0882,0.1176,,,,,,,38.333,24.0,39.0,4.0,5.63,1.41,1.33,0.0235,81.5,23.5,47.7,56.9,56.9
20260809T155513Z-f8f05a1c4870,2026-08-09T15:55:13+00:00,2026,0000007622,錢可倫,中信兄弟,投手,投手,,,,,4,7,,,,,,0.08,0.14,,,,,,,10.0,9.0,14.0,0.0,8.1,1.8,1.75,0.0,74.5,28.0,50.5,55.7,55.7
20260809T155513Z-f8f05a1c4870,2026-08-09T15:55:13+00:00,2026,0000006176,余謙,中信兄弟,投手,投手,,,,,5,7,,,,,,0.0658,0.0921,,,,,,,17.333,13.0,24.0,0.0,6.75,1.67,1.4,0.0,77.9,18.4,50.2,54.7,54.7
20260809T155513Z-f8f05a1c4870,2026-08-09T15:55:13+00:00,2026,0000000762,伍鐸,味全龍,投手,投手,,,,,17,26,,,,,,0.0545,0.0833,,,,,,,75.333,34.0,76.0,5.0,4.06,1.23,1.53,0.016,85.6,16.7,52.0,58.3,58.3
20260809T155513Z-f8f05a1c4870,2026-08-09T15:55:13+00:00,2026,0000005572,魏碩成,中信兄弟,投手,投手,,,,,14,6,,,,,,0.1522,0.0652,,,,,,,17.667,13.0,19.0,0.0,6.62,1.87,0.43,0.0,77.2,13.0,36.9,49.1,49.1
20260809T155513Z-f8f05a1c4870,2026-08-09T15:55:13+00:00,2026,0000006767,許育銘,台鋼雄鷹,投手,投手,,,,,8,8,,,,,,0.1509,0.1509,,,,,,,11.667,4.0,10.0,1.0,3.09,1.54,1.0,0.0189,86.0,30.2,39.8,58.2,58.2
20260809T155513Z-f8f05a1c4870,2026-08-09T15:55:13+00:00,2026,0000007570,坎南,台鋼雄鷹,投手,投手,,,,,13,58,,,,,,0.0405,0.1807,,,,,,,77.333,22.0,78.0,1.0,2.56,1.18,4.46,0.0031,88.9,36.1,67.7,69.3,69.3
20260809T155513Z-f8f05a1c4870,2026-08-09T15:55:13+00:00,2026,0000006295,銳力獅,統一7-ELEVEn獅,投手,投手,,,,,12,51,,,,,,0.0411,0.1747,,,,,,,71.667,23.0,69.0,3.0,2.89,1.13,4.25,0.0103,88.5,34.9,66.6,68.5,68.5
20260809T155513Z-f8f05a1c4870,2026-08-09T15:55:13+00:00,2026,0000007062,威能帝,樂天桃猿,投手,投手,,,,,10,71,,,,,,0.036,0.2554,,,,,,,69.333,16.0,60.0,3.0,2.08,1.01,7.1,0.0108,90.7,51.1,81.0,77.9,77.9
20260809T155513Z-f8f05a1c4870,2026-08-09T15:55:13+00:00,2026,0000007073,賴胤豪,樂天桃猿,投手,投手,,,,,3,7,,,,,,0.0545,0.1273,,,,,,,11.667,9.0,17.0,1.0,6.94,1.71,2.33,0.0182,77.3,25.5,55.9,57.9,57.9
20260809T155513Z-f8f05a1c4870,2026-08-09T15:55:13+00:00,2026,0000007264,魔神龍,味全龍,投手,投手,,,,,17,42,,,,,,0.0584,0.1443,,,,,,,70.333,14.0,68.0,1.0,1.79,1.21,2.47,0.0034,90.3,28.9,56.2,64.7,64.7
20260809T155513Z-f8f05a1c4870,2026-08-09T15:55:13+00:00,2026,0000007299,陳品宏,富邦悍將,投手,投手,,,,,19,27,,,,,,0.1005,0.1429,,,,,,,41.0,22.0,44.0,3.0,4.83,1.54,1.42,0.0159,82.5,28.6,46.9,58.3,58.3
20260809T155513Z-f8f05a1c4870,2026-08-09T15:55:13+00:00,2026,0000006006,德保拉,中信兄弟,投手,投手,,,,,9,41,,,,,,0.0305,0.139,,,,,,,74.667,25.0,67.0,2.0,3.01,1.02,4.56,0.0068,88.8,27.8,69.2,67.7,67.7
20260809T155513Z-f8f05a1c4870,2026-08-09T15:55:13+00:00,2026,0000000776,王凱程,中信兄弟,投手,投手,,,,,1,4,,,,,,0.0179,0.0714,,,,,,,12.0,7.0,19.0,4.0,5.25,1.67,4.0,0.0714,81.0,14.3,67.7,60.3,60.3
20260809T155513Z-f8f05a1c4870,2026-08-09T15:55:13+00:00,2026,0000007593,石梓霖,富邦悍將,投手,投手,,,,,4,5,,,,,,0.0678,0.0847,,,,,,,14.0,7.0,15.0,0.0,4.5,1.36,1.25,0.0,84.0,16.9,49.3,56.8,56.8
20260809T155513Z-f8f05a1c4870,2026-08-09T15:55:13+00:00,2026,0000006923,曾品洋,中信兄弟,投手,投手,,,,,10,6,,,,,,0.2,0.12,,,,,,,10.667,3.0,13.0,1.0,2.53,2.16,0.6,0.02,84.0,24.0,32.9,53.7,53.7
20260809T155513Z-f8f05a1c4870,2026-08-09T15:55:13+00:00,2026,0000003506,謝榮豪,中信兄弟,投手,投手,,,,,7,3,,,,,,0.1489,0.0638,,,,,,,9.667,8.0,10.0,3.0,7.45,1.76,0.43,0.0638,76.0,12.8,37.2,48.6,48.6
20260809T155513Z-f8f05a1c4870,2026-08-09T15:55:13+00:00,2026,0000004637,劉軒荅,統一7-ELEVEn獅,投手,投手,,,,,3,3,,,,,,0.0732,0.0732,,,,,,,9.0,2.0,9.0,0.0,2.0,1.33,1.0,0.0,89.3,14.6,47.6,58.1,58.1
20260809T155513Z-f8f05a1c4870,2026-08-09T15:55:13+00:00,2026,0000006848,林詔恩,統一7-ELEVEn獅,投手,投手,,,,,20,35,,,,,,0.1205,0.2108,,,,,,,40.333,16.0,30.0,0.0,3.57,1.24,1.75,0.0,86.5,42.2,46.5,63.4,63.4
20260809T155513Z-f8f05a1c4870,2026-08-09T15:55:13+00:00,2026,0000007283,陳冠穎,中信兄弟,投手,投手,,,,,4,7,,,,,,0.1176,0.2059,,,,,,,8.667,1.0,5.0,0.0,1.04,1.04,1.75,0.0,92.7,41.2,46.8,66.1,66.1
20260809T155513Z-f8f05a1c4870,2026-08-09T15:55:13+00:00,2026,0000007783,阿部雄大,富邦悍將,投手,投手,,,,,20,41,,,,,,0.0935,0.1916,,,,,,,50.667,25.0,47.0,3.0,4.44,1.32,2.05,0.014,84.4,38.3,50.6,62.7,62.7
20260809T155513Z-f8f05a1c4870,2026-08-09T15:55:13+00:00,2026,0000006723,張鈞守,味全龍,投手,投手,,,,,7,7,,,,,,0.2121,0.2121,,,,,,,8.667,0.0,3.0,0.0,0.0,1.15,1.0,0.0,94.3,42.4,33.7,63.1,63.1
20260809T155513Z-f8f05a1c4870,2026-08-09T15:55:13+00:00,2026,0000004625,吳俊偉,中信兄弟,投手,投手,,,,,3,6,,,,,,0.0833,0.1667,,,,,,,7.667,5.0,11.0,0.0,5.87,1.83,2.0,0.0,78.9,33.3,51.4,59.2,59.2
20260809T155513Z-f8f05a1c4870,2026-08-09T15:55:13+00:00,2026,0000007789,麥斯威尼,樂天桃猿,投手,投手,,,,,24,21,,,,,,0.1132,0.0991,,,,,,,44.333,25.0,53.0,4.0,5.08,1.74,0.88,0.0189,81.0,19.8,43.0,54.3,54.3
20260809T155513Z-f8f05a1c4870,2026-08-09T15:55:13+00:00,2026,0000002272,賴智垣,台鋼雄鷹,投手,投手,,,,,10,5,,,,,,0.2564,0.1282,,,,,,,7.333,3.0,6.0,0.0,3.68,2.18,0.5,0.0,81.6,25.6,26.8,51.2,51.2
20260809T155513Z-f8f05a1c4870,2026-08-09T15:55:13+00:00,2026,0000004624,陳克羿,樂天桃猿,投手,投手,,,,,15,43,,,,,,0.0781,0.224,,,,,,,46.333,20.0,41.0,0.0,3.88,1.21,2.87,0.0,86.0,44.8,56.2,66.8,66.8
20260809T155513Z-f8f05a1c4870,2026-08-09T15:55:13+00:00,2026,0000000779,陳柏豪,樂天桃猿,投手,投手,,,,,3,6,,,,,,0.0882,0.1765,,,,,,,6.667,6.0,13.0,1.0,8.1,2.4,2.0,0.0294,71.5,35.3,50.9,56.3,56.3
20260809T155513Z-f8f05a1c4870,2026-08-09T15:55:13+00:00,2026,0000005479,江國豪,富邦悍將,投手,投手,,,,,14,10,,,,,,0.1094,0.0781,,,,,,,27.0,13.0,31.0,1.0,4.33,1.67,0.71,0.0078,82.8,15.6,42.5,53.9,53.9
20260809T155513Z-f8f05a1c4870,2026-08-09T15:55:13+00:00,2026,0000007281,游竣宥,中信兄弟,投手,投手,,,,,7,7,,,,,,0.1094,0.1094,,,,,,,14.0,7.0,17.0,1.0,4.5,1.71,1.0,0.0156,82.3,21.9,43.9,55.7,55.7
20260809T155513Z-f8f05a1c4870,2026-08-09T15:55:13+00:00,2026,0000006921,伍祐城,台鋼雄鷹,投手,投手,,,,,4,5,,,,,,0.1053,0.1316,,,,,,,9.333,2.0,7.0,2.0,1.93,1.18,1.25,0.0526,90.2,26.3,45.6,60.8,60.8
20260809T155513Z-f8f05a1c4870,2026-08-09T15:55:13+00:00,2026,0000007787,黎克,中信兄弟,投手,投手,,,,,15,20,,,,,,0.1103,0.1471,,,,,,,29.333,16.0,35.0,4.0,4.91,1.7,1.33,0.0294,81.5,29.4,45.5,57.7,57.7
20260809T155513Z-f8f05a1c4870,2026-08-09T15:55:13+00:00,2026,0000007581,黃暐傑,味全龍,投手,投手,,,,,4,3,,,,,,0.0976,0.0732,,,,,,,8.333,3.0,11.0,0.0,3.24,1.8,0.75,0.0,84.4,14.6,43.9,54.8,54.8
20260809T155513Z-f8f05a1c4870,2026-08-09T15:55:13+00:00,2026,0000001719,胡智爲,統一7-ELEVEn獅,投手,投手,,,,,10,19,,,,,,0.0662,0.1258,,,,,,,33.333,24.0,45.0,4.0,6.48,1.65,1.9,0.0265,78.6,25.2,52.6,57.4,57.4
20260809T155513Z-f8f05a1c4870,2026-08-09T15:55:13+00:00,2026,0000005372,呂詠臻,樂天桃猿,投手,投手,,,,,5,2,,,,,,0.1786,0.0714,,,,,,,7.0,2.0,4.0,0.0,2.57,1.29,0.4,0.0,88.3,14.3,34.1,53.5,53.5
20260809T155513Z-f8f05a1c4870,2026-08-09T15:55:13+00:00,2026,0000007047,盧冠宇,樂天桃猿,投手,投手,,,,,3,1,,,,,,0.12,0.04,,,,,,,5.333,3.0,7.0,0.0,5.06,1.88,0.33,0.0,80.3,8.0,39.6,50.0,50.0
20260809T155513Z-f8f05a1c4870,2026-08-09T15:55:13+00:00,2026,0000001260,郭俊麟,統一7-ELEVEn獅,投手,投手,,,,,17,18,,,,,,0.1197,0.1268,,,,,,,32.667,18.0,30.0,2.0,4.96,1.44,1.06,0.0141,82.7,25.4,43.2,56.5,56.5
20260809T155513Z-f8f05a1c4870,2026-08-09T15:55:13+00:00,2026,0000002695,林子崴,統一7-ELEVEn獅,投手,投手,,,,,0,4,,,,,,0.0,0.1667,,,,,,,6.333,0.0,7.0,0.0,0.0,1.11,0.0,0.0,94.4,33.3,50.0,65.8,65.8
20260809T155513Z-f8f05a1c4870,2026-08-09T15:55:13+00:00,2026,0000003608,曾仁和,味全龍,投手,投手,,,,,9,21,,,,,,0.0726,0.1694,,,,,,,28.667,8.0,31.0,1.0,2.51,1.4,2.33,0.0081,87.9,33.9,54.1,64.3,64.3
20260809T155513Z-f8f05a1c4870,2026-08-09T15:55:13+00:00,2026,0000007560,菲力士,中信兄弟,投手,投手,,,,,24,28,,,,,,0.1655,0.1931,,,,,,,30.0,20.0,34.0,2.0,6.0,1.93,1.17,0.0138,78.1,38.6,39.2,56.6,56.6
20260809T155513Z-f8f05a1c4870,2026-08-09T15:55:13+00:00,2026,0000007782,威戈神,富邦悍將,投手,投手,,,,,8,22,,,,,,0.065,0.1789,,,,,,,28.0,16.0,33.0,1.0,5.14,1.46,2.75,0.0081,82.2,35.8,56.9,63.0,63.0
20260809T155513Z-f8f05a1c4870,2026-08-09T15:55:13+00:00,2026,0000006874,盧孟揚,中信兄弟,投手,投手,,,,,5,3,,,,,,0.1923,0.1154,,,,,,,5.333,5.0,5.0,0.0,8.44,1.88,0.6,0.0,73.4,23.1,33.7,48.9,48.9
20260809T155513Z-f8f05a1c4870,2026-08-09T15:55:13+00:00,2026,0000005541,郭郁政,味全龍,投手,投手,,,,,0,7,,,,,,0.0,0.0667,,,,,,,25.667,12.0,30.0,4.0,4.21,1.17,0.0,0.0381,85.6,13.3,50.0,56.8,56.8
20260809T155513Z-f8f05a1c4870,2026-08-09T15:55:13+00:00,2026,0000000135,陳禹勳,味全龍,投手,投手,,,,,1,3,,,,,,0.0588,0.1765,,,,,,,3.667,2.0,4.0,0.0,4.91,1.36,3.0,0.0,83.2,35.3,58.8,63.9,63.9
20260809T155513Z-f8f05a1c4870,2026-08-09T15:55:13+00:00,2026,0000007305,李致霖,味全龍,投手,投手,,,,,11,5,,,,,,0.2558,0.1163,,,,,,,9.333,5.0,6.0,0.0,4.82,1.82,0.45,0.0,81.1,23.3,26.6,50.3,50.3
20260809T155513Z-f8f05a1c4870,2026-08-09T15:55:13+00:00,2026,0000007081,黃侰程,味全龍,投手,投手,,,,,4,5,,,,,,0.1739,0.2174,,,,,,,5.0,2.0,4.0,0.0,3.6,1.6,1.25,0.0,84.7,43.5,38.7,60.6,60.6
20260809T155513Z-f8f05a1c4870,2026-08-09T15:55:13+00:00,2026,0000006878,吳君奕,味全龍,投手,投手,,,,,4,3,,,,,,0.2,0.15,,,,,,,4.667,0.0,4.0,0.0,0.0,1.71,0.75,0.0,91.5,30.0,33.7,58.8,58.8
20260809T155513Z-f8f05a1c4870,2026-08-09T15:55:13+00:00,2026,0000000938,張瑞麟,富邦悍將,投手,投手,,,,,3,3,,,,,,0.1364,0.1364,,,,,,,4.333,4.0,5.0,0.0,8.31,1.85,1.0,0.0,73.8,27.3,41.2,52.4,52.4
20260809T155513Z-f8f05a1c4870,2026-08-09T15:55:13+00:00,2026,0000003393,王鏡銘,統一7-ELEVEn獅,投手,投手,,,,,1,1,,,,,,0.0625,0.0625,,,,,,,4.333,1.0,2.0,1.0,2.08,0.69,1.0,0.0625,92.3,12.5,48.6,59.2,59.2
20260809T155513Z-f8f05a1c4870,2026-08-09T15:55:13+00:00,2026,0000002276,鄭鈞仁,統一7-ELEVEn獅,投手,投手,,,,,2,4,,,,,,0.1,0.2,,,,,,,5.0,1.0,2.0,0.0,1.8,0.8,2.0,0.0,92.3,40.0,49.8,66.5,66.5
20260809T155513Z-f8f05a1c4870,2026-08-09T15:55:13+00:00,2026,0000007061,辛俊昇,統一7-ELEVEn獅,投手,投手,,,,,6,3,,,,,,0.2727,0.1364,,,,,,,3.0,6.0,7.0,0.0,18.0,4.33,0.5,0.0,41.7,27.3,25.2,33.2,33.2
20260809T155513Z-f8f05a1c4870,2026-08-09T15:55:13+00:00,2026,0000006222,劉予承,統一7-ELEVEn獅,投手,投手,,,,,0,2,,,,,,0.0,0.1429,,,,,,,2.333,1.0,6.0,0.0,3.86,2.57,0.0,0.0,79.3,28.6,50.0,57.8,57.8
20260809T155513Z-f8f05a1c4870,2026-08-09T15:55:13+00:00,2026,0000006860,劉家翔,樂天桃猿,投手,投手,,,,,6,9,,,,,,0.0779,0.1169,,,,,,,19.333,6.0,17.0,3.0,2.79,1.19,1.5,0.039,88.4,23.4,49.5,60.5,60.5
20260809T155513Z-f8f05a1c4870,2026-08-09T15:55:13+00:00,2026,0000007615,李柏毓,樂天桃猿,投手,投手,,,,,1,1,,,,,,0.0625,0.0625,,,,,,,3.667,1.0,5.0,0.0,2.45,1.64,1.0,0.0,86.8,12.5,48.6,56.8,56.8
20260809T155513Z-f8f05a1c4870,2026-08-09T15:55:13+00:00,2026,0000001603,王維中,台鋼雄鷹,投手,投手,,,,,6,12,,,,,,0.075,0.15,,,,,,,18.667,12.0,18.0,1.0,5.79,1.29,2.0,0.0125,81.8,30.0,52.3,60.0,60.0
20260809T155513Z-f8f05a1c4870,2026-08-09T15:55:13+00:00,2026,0000000363,陳仕朋,富邦悍將,投手,投手,,,,,7,10,,,,,,0.0795,0.1136,,,,,,,19.667,16.0,24.0,3.0,7.32,1.58,1.43,0.0341,77.2,22.7,49.0,55.1,55.1
20260809T155513Z-f8f05a1c4870,2026-08-09T15:55:13+00:00,2026,0000006771,陳正毅,台鋼雄鷹,投手,投手,,,,,8,7,,,,,,0.1379,0.1207,,,,,,,10.667,5.0,16.0,0.0,4.22,2.25,0.88,0.0,80.2,24.1,40.5,54.3,54.3
20260809T155513Z-f8f05a1c4870,2026-08-09T15:55:13+00:00,2026,0000000368,游霆崴,富邦悍將,投手,投手,,,,,3,7,,,,,,0.0441,0.1029,,,,,,,16.0,6.0,17.0,0.0,3.38,1.25,2.33,0.0,86.9,20.6,57.0,61.4,61.4
20260809T155513Z-f8f05a1c4870,2026-08-09T15:55:13+00:00,2026,0000007568,王偉軒,富邦悍將,投手,投手,,,,,2,4,,,,,,0.125,0.25,,,,,,,4.0,0.0,2.0,0.0,0.0,1.0,2.0,0.0,95.0,50.0,47.3,69.4,69.4
20260809T155513Z-f8f05a1c4870,2026-08-09T15:55:13+00:00,2026,0000006750,陳暐皓,味全龍,投手,投手,,,,,1,2,,,,,,0.1,0.2,,,,,,,2.667,1.0,1.0,0.0,3.38,0.75,2.0,0.0,89.4,40.0,49.8,65.2,65.2
20260809T155513Z-f8f05a1c4870,2026-08-09T15:55:13+00:00,2026,0000007290,張宥謙,統一7-ELEVEn獅,投手,投手,,,,,8,4,,,,,,0.1356,0.0678,,,,,,,13.333,7.0,13.0,0.0,4.73,1.58,0.5,0.0,82.5,13.6,38.9,52.2,52.2
20260809T155513Z-f8f05a1c4870,2026-08-09T15:55:13+00:00,2026,0000002688,陳韻文,統一7-ELEVEn獅,投手,投手,,,,,0,3,,,,,,0.0,0.4286,,,,,,,2.0,0.0,1.0,0.0,0.0,0.5,0.0,0.0,97.5,85.7,50.0,80.3,80.3
20260809T155513Z-f8f05a1c4870,2026-08-09T15:55:13+00:00,2026,0000005282,姚杰宏,統一7-ELEVEn獅,投手,投手,,,,,0,0,,,,,,0.0,0.0,,,,,,,1.667,1.0,3.0,1.0,5.4,1.8,0.0,0.1429,80.0,0.0,50.0,51.0,51.0
20260809T155513Z-f8f05a1c4870,2026-08-09T15:55:13+00:00,2026,0000007303,黃子豪,台鋼雄鷹,投手,投手,,,,,3,8,,,,,,0.075,0.2,,,,,,,8.333,6.0,11.0,1.0,6.48,1.68,2.67,0.025,78.4,40.0,55.5,61.9,61.9
20260809T155513Z-f8f05a1c4870,2026-08-09T15:55:13+00:00,2026,0000006917,謝葆錡,台鋼雄鷹,投手,投手,,,,,0,1,,,,,,0.0,0.125,,,,,,,2.0,1.0,3.0,0.0,4.5,1.5,0.0,0.0,83.3,25.0,50.0,58.7,58.7
20260809T155513Z-f8f05a1c4870,2026-08-09T15:55:13+00:00,2026,0000007279,鄧朝駿,中信兄弟,投手,投手,,,,,1,1,,,,,,0.0909,0.0909,,,,,,,2.0,3.0,4.0,0.0,13.5,2.5,1.0,0.0,60.0,18.2,45.8,45.3,45.3
20260809T155513Z-f8f05a1c4870,2026-08-09T15:55:13+00:00,2026,0000007090,林家勝,富邦悍將,投手,投手,,,,,3,3,,,,,,0.375,0.375,,,,,,,2.0,0.0,1.0,0.0,0.0,2.0,1.0,0.0,90.0,75.0,17.4,64.5,64.5
20260809T155513Z-f8f05a1c4870,2026-08-09T15:55:13+00:00,2026,0000006922,黃紹睿,台鋼雄鷹,投手,投手,,,,,1,1,,,,,,0.1667,0.1667,,,,,,,1.0,3.0,1.0,0.0,27.0,2.0,1.0,0.0,35.0,33.3,38.2,35.5,35.5
20260809T155513Z-f8f05a1c4870,2026-08-09T15:55:13+00:00,2026,0000006743,劉俊豪,富邦悍將,投手,投手,,,,,2,0,,,,,,0.2857,0.0,,,,,,,1.0,3.0,2.0,0.0,27.0,4.0,0.0,0.0,25.0,0.0,21.4,17.7,17.7
20260809T155513Z-f8f05a1c4870,2026-08-09T15:55:13+00:00,2026,0000006875,陳柏均,中信兄弟,投手,投手,,,,,1,2,,,,,,0.2,0.4,,,,,,,1.0,0.0,1.0,0.0,0.0,2.0,2.0,0.0,90.0,80.0,39.8,72.4,72.4
20260809T155513Z-f8f05a1c4870,2026-08-09T15:55:13+00:00,2026,0000007049,林暉盛,中信兄弟,投手,投手,,,,,4,2,,,,,,0.25,0.125,,,,,,,3.0,2.0,2.0,1.0,6.0,2.0,0.5,0.0625,77.8,25.0,27.4,49.5,49.5
20260809T155513Z-f8f05a1c4870,2026-08-09T15:55:13+00:00,2026,0000006236,楊鈺翔,味全龍,投手,投手,,,,,1,1,,,,,,0.0769,0.0769,,,,,,,3.333,0.0,3.0,0.0,0.0,1.2,1.0,0.0,94.0,15.4,47.2,60.3,60.3
20260809T155513Z-f8f05a1c4870,2026-08-09T15:55:13+00:00,2026,0000007295,陳鐿中,富邦悍將,投手,投手,,,,,0,2,,,,,,0.0,0.5,,,,,,,1.0,1.0,1.0,1.0,9.0,1.0,0.0,0.25,76.7,100.0,50.0,74.5,74.5
20260809T155513Z-f8f05a1c4870,2026-08-09T15:55:13+00:00,2026,0000006159,林逸達,味全龍,投手,投手,,,,,2,0,,,,,,0.4,0.0,,,,,,,1.0,0.0,0.0,0.0,0.0,2.0,0.0,0.0,90.0,0.0,10.0,43.5,43.5
20260809T155513Z-f8f05a1c4870,2026-08-09T15:55:13+00:00,2026,0000006920,陳冠豪,台鋼雄鷹,投手,投手,,,,,2,0,,,,,,0.5,0.0,,,,,,,0.333,0.0,1.0,0.0,0.0,9.0,0.0,0.0,55.0,0.0,0.0,24.8,24.8
20260809T155513Z-f8f05a1c4870,2026-08-09T15:55:13+00:00,2026,0000007301,曾昱磬,台鋼雄鷹,投手,投手,,,,,0,0,,,,,,0.0,0.0,,,,,,,1.0,0.0,0.0,0.0,0.0,0.0,0.0,0.0,100.0,0.0,50.0,60.0,60.0
20260809T155513Z-f8f05a1c4870,2026-08-09T15:55:13+00:00,2026,0000007619,王奕翔,樂天桃猿,投手,投手,,,,,1,1,,,,,,0.25,0.25,,,,,,,1.0,0.0,0.0,0.0,0.0,1.0,1.0,0.0,95.0,50.0,29.9,64.2,64.2
20260809T155513Z-f8f05a1c4870,2026-08-09T15:55:13+00:00,2026,0000007793,榊原元稀,樂天桃猿,投手,投手,,,,,0,3,,,,,,0.0,0.1429,,,,,,,6.0,1.0,4.0,0.0,1.5,0.67,0.0,0.0,93.6,28.6,50.0,64.3,64.3
20260809T155513Z-f8f05a1c4870,2026-08-09T15:55:13+00:00,2026,0000003563,余德龍,樂天桃猿,投手,投手,,,,,0,2,,,,,,0.0,0.3333,,,,,,,1.0,1.0,3.0,1.0,9.0,3.0,0.0,0.1667,66.7,66.7,50.0,61.7,61.7
20260809T155513Z-f8f05a1c4870,2026-08-09T15:55:13+00:00,2026,0000006855,邱緯綸,樂天桃猿,投手,投手,,,,,1,2,,,,,,0.1667,0.3333,,,,,,,1.0,0.0,2.0,0.0,0.0,3.0,2.0,0.0,85.0,66.7,43.1,67.9,67.9
20260809T155513Z-f8f05a1c4870,2026-08-09T15:55:13+00:00,2026,0000003620,江承峰,統一7-ELEVEn獅,投手,投手,,,,,1,0,,,,,,0.25,0.0,,,,,,,1.0,0.0,0.0,0.0,0.0,1.0,0.0,0.0,95.0,0.0,25.0,50.2,50.2
20260809T155513Z-f8f05a1c4870,2026-08-09T15:55:13+00:00,2026,0000007063,周彥農,統一7-ELEVEn獅,投手,投手,,,,,1,4,,,,,,0.0556,0.2222,,,,,,,4.0,2.0,6.0,0.0,4.5,1.75,4.0,0.0,82.1,44.4,64.0,67.2,67.2
20260809T155513Z-f8f05a1c4870,2026-08-09T15:55:13+00:00,2026,0000001412,江少慶,統一7-ELEVEn獅,投手,投手,,,,,2,4,,,,,,0.1818,0.3636,,,,,,,3.0,0.0,1.0,0.0,0.0,1.0,2.0,0.0,95.0,72.7,41.6,73.4,73.4
20260812T130059Z-0c9e69f68de8,2026-08-12T13:00:59+00:00,2026,0000006927,曾子祐,台鋼雄鷹,打者,野手,357.0,311.0,93.0,2.0,32,34,0.299,0.367,0.386,0.753,0.087,0.0896,0.0952,0.0056,1.03,29.9,17.6,58.1,35.2,,,,,,,,,,,,,35.2
20260812T130059Z-0c9e69f68de8,2026-08-12T13:00:59+00:00,2026,0000005549,郭天信,味全龍,打者,野手,358.0,323.0,94.0,9.0,24,30,0.291,0.342,0.421,0.763,0.13,0.0642,0.0838,0.0251,0.9,29.1,33.0,52.6,37.5,,,,,,,,,,,,,37.5
20260812T130059Z-0c9e69f68de8,2026-08-12T13:00:59+00:00,2026,0000007239,魔鷹,台鋼雄鷹,打者,野手,345.0,302.0,85.0,14.0,34,57,0.281,0.348,0.517,0.865,0.236,0.0783,0.1652,0.0406,0.61,28.1,57.9,49.4,44.1,,,,,,,,,,,,,44.1
20260812T130059Z-0c9e69f68de8,2026-08-12T13:00:59+00:00,2026,0000005542,張政禹,味全龍,打者,野手,297.0,265.0,74.0,1.0,27,37,0.279,0.344,0.336,0.68,0.057,0.0842,0.1246,0.0034,0.73,27.9,11.4,53.1,31.1,,,,,,,,,,,,,31.1
20260812T130059Z-0c9e69f68de8,2026-08-12T13:00:59+00:00,2026,0000005545,劉基鴻,味全龍,打者,野手,341.0,314.0,74.0,5.0,22,52,0.236,0.293,0.334,0.627,0.098,0.0616,0.1525,0.0147,0.5,23.6,23.2,45.8,30.3,,,,,,,,,,,,,30.3
20260812T130059Z-0c9e69f68de8,2026-08-12T13:00:59+00:00,2026,0000004633,陳晨威,樂天桃猿,打者,野手,328.0,291.0,86.0,6.0,30,28,0.296,0.357,0.409,0.766,0.113,0.0854,0.0854,0.0183,1.07,29.6,27.3,58.1,37.3,,,,,,,,,,,,,37.3
20260812T130059Z-0c9e69f68de8,2026-08-12T13:00:59+00:00,2026,0000005540,李凱威,味全龍,打者,野手,299.0,255.0,66.0,3.0,32,36,0.259,0.35,0.329,0.679,0.07,0.107,0.1204,0.01,1.06,25.9,16.4,60.6,32.8,,,,,,,,,,,,,32.8
20260812T130059Z-0c9e69f68de8,2026-08-12T13:00:59+00:00,2026,0000006240,馬傑森,樂天桃猿,打者,野手,269.0,242.0,57.0,1.0,9,33,0.236,0.28,0.302,0.582,0.066,0.0335,0.1227,0.0037,0.48,23.6,13.2,41.5,26.7,,,,,,,,,,,,,26.7
20260812T130059Z-0c9e69f68de8,2026-08-12T13:00:59+00:00,2026,0000002707,潘傑楷,統一7-ELEVEn獅,打者,野手,294.0,251.0,68.0,2.0,36,46,0.271,0.37,0.355,0.725,0.084,0.1224,0.1565,0.0068,0.87,27.1,17.6,60.3,34.3,,,,,,,,,,,,,34.3
20260812T130059Z-0c9e69f68de8,2026-08-12T13:00:59+00:00,2026,0000002352,范國宸,富邦悍將,打者,野手,284.0,254.0,65.0,10.0,25,51,0.256,0.324,0.417,0.741,0.161,0.081,0.1796,0.0352,0.53,25.6,42.5,48.6,37.6,,,,,,,,,,,,,37.6
20260812T130059Z-0c9e69f68de8,2026-08-12T13:00:59+00:00,2026,0000001318,朱育賢,味全龍,打者,野手,315.0,283.0,69.0,11.0,18,63,0.244,0.308,0.392,0.7,0.148,0.0571,0.2,0.0349,0.44,24.4,40.1,42.7,35.1,,,,,,,,,,,,,35.1
20260812T130059Z-0c9e69f68de8,2026-08-12T13:00:59+00:00,2026,0000007089,王念好,富邦悍將,打者,野手,262.0,228.0,47.0,6.0,31,64,0.206,0.302,0.346,0.648,0.14,0.1183,0.2443,0.0229,0.5,20.6,33.9,52.7,33.4,,,,,,,,,,,,,33.4
20260812T130059Z-0c9e69f68de8,2026-08-12T13:00:59+00:00,2026,0000003649,吳念庭,台鋼雄鷹,打者,野手,314.0,269.0,78.0,0.0,41,33,0.29,0.382,0.346,0.728,0.056,0.1306,0.1051,0.0,1.27,29.0,9.9,67.5,34.3,,,,,,,,,,,,,34.3
20260812T130059Z-0c9e69f68de8,2026-08-12T13:00:59+00:00,2026,0000000935,王柏融,台鋼雄鷹,打者,野手,285.0,256.0,64.0,6.0,18,60,0.25,0.309,0.371,0.68,0.121,0.0632,0.2105,0.0211,0.4,25.0,29.8,43.0,32.7,,,,,,,,,,,,,32.7
20260812T130059Z-0c9e69f68de8,2026-08-12T13:00:59+00:00,2026,0000007268,陳聖平,統一7-ELEVEn獅,打者,野手,257.0,236.0,53.0,4.0,13,34,0.225,0.266,0.318,0.584,0.093,0.0506,0.1323,0.0156,0.44,22.5,22.7,43.9,28.8,,,,,,,,,,,,,28.8
20260812T130059Z-0c9e69f68de8,2026-08-12T13:00:59+00:00,2026,0000006854,宋嘉翔,樂天桃猿,打者,野手,209.0,192.0,40.0,2.0,6,35,0.208,0.238,0.25,0.488,0.042,0.0287,0.1675,0.0096,0.23,20.8,11.2,36.6,22.9,,,,,,,,,,,,,22.9
20260812T130059Z-0c9e69f68de8,2026-08-12T13:00:59+00:00,2026,0000007079,劉俊緯,味全龍,打者,野手,212.0,192.0,51.0,2.0,13,27,0.266,0.319,0.344,0.663,0.078,0.0566,0.1274,0.0094,0.59,26.6,17.5,46.6,30.7,,,,,,,,,,,,,30.7
20260812T130059Z-0c9e69f68de8,2026-08-12T13:00:59+00:00,2026,0000004645,戴培峰,富邦悍將,打者,野手,206.0,174.0,39.0,1.0,25,27,0.224,0.322,0.293,0.615,0.069,0.1214,0.1311,0.0049,0.96,22.4,14.2,61.9,30.4,,,,,,,,,,,,,30.4
20260812T130059Z-0c9e69f68de8,2026-08-12T13:00:59+00:00,2026,0000005340,王博玄,台鋼雄鷹,打者,野手,259.0,238.0,77.0,1.0,11,43,0.324,0.357,0.366,0.723,0.042,0.0425,0.166,0.0039,0.3,32.4,9.0,39.8,30.5,,,,,,,,,,,,,30.5
20260812T130059Z-0c9e69f68de8,2026-08-12T13:00:59+00:00,2026,0000006888,張育成,富邦悍將,打者,野手,292.0,247.0,76.0,12.0,35,50,0.308,0.404,0.522,0.926,0.214,0.113,0.1712,0.0411,0.84,30.8,54.2,57.7,46.5,,,,,,,,,,,,,46.5
20260812T130059Z-0c9e69f68de8,2026-08-12T13:00:59+00:00,2026,0000006223,林子豪,統一7-ELEVEn獅,打者,野手,240.0,221.0,60.0,2.0,16,36,0.271,0.321,0.367,0.688,0.096,0.0667,0.15,0.0083,0.47,27.1,20.3,46.5,31.9,,,,,,,,,,,,,31.9
20260812T130059Z-0c9e69f68de8,2026-08-12T13:00:59+00:00,2026,0000000929,王威晨,中信兄弟,打者,野手,262.0,241.0,64.0,1.0,17,28,0.266,0.317,0.336,0.653,0.07,0.0649,0.1069,0.0038,0.68,26.6,13.9,49.7,30.2,,,,,,,,,,,,,30.2
20260812T130059Z-0c9e69f68de8,2026-08-12T13:00:59+00:00,2026,0000002285,高宇杰,中信兄弟,打者,野手,235.0,208.0,55.0,0.0,17,35,0.264,0.32,0.279,0.599,0.015,0.0723,0.1489,0.0,0.51,26.4,2.7,47.9,26.5,,,,,,,,,,,,,26.5
20260812T130059Z-0c9e69f68de8,2026-08-12T13:00:59+00:00,2026,0000001618,林子偉,樂天桃猿,打者,野手,281.0,259.0,65.0,3.0,13,35,0.251,0.29,0.34,0.63,0.089,0.0463,0.1246,0.0107,0.43,25.1,20.0,43.3,29.7,,,,,,,,,,,,,29.7
20260812T130059Z-0c9e69f68de8,2026-08-12T13:00:59+00:00,2026,0000000743,陳子豪,味全龍,打者,野手,249.0,220.0,39.0,3.0,25,46,0.177,0.265,0.268,0.533,0.091,0.1004,0.1847,0.012,0.59,17.7,20.9,52.5,27.6,,,,,,,,,,,,,27.6
20260812T130059Z-0c9e69f68de8,2026-08-12T13:00:59+00:00,2026,0000001474,蘇智傑,統一7-ELEVEn獅,打者,野手,273.0,252.0,66.0,8.0,15,30,0.262,0.308,0.425,0.733,0.163,0.0549,0.1099,0.0293,0.6,26.200000000000003,40.5,47.0,36.9,,,,,,,,,,,,,36.9
20260812T130059Z-0c9e69f68de8,2026-08-12T13:00:59+00:00,2026,0000006235,林政華,樂天桃猿,打者,野手,201.0,170.0,43.0,2.0,16,34,0.253,0.33,0.324,0.654,0.071,0.0796,0.1692,0.01,0.59,25.3,16.5,49.3,30.5,,,,,,,,,,,,,30.5
20260812T130059Z-0c9e69f68de8,2026-08-12T13:00:59+00:00,2026,0000005531,邱智呈,統一7-ELEVEn獅,打者,野手,246.0,206.0,52.0,3.0,36,33,0.252,0.374,0.34,0.714,0.088,0.1463,0.1341,0.0122,1.21,25.2,20.4,68.7,35.5,,,,,,,,,,,,,35.5
20260812T130059Z-0c9e69f68de8,2026-08-12T13:00:59+00:00,2026,0000005571,岳政華,中信兄弟,打者,野手,249.0,215.0,49.0,4.0,20,49,0.228,0.3,0.34,0.64,0.112,0.0803,0.1968,0.0161,0.47,22.8,26.2,47.3,31.3,,,,,,,,,,,,,31.3
20260812T130059Z-0c9e69f68de8,2026-08-12T13:00:59+00:00,2026,0000006216,王順和,味全龍,打者,野手,225.0,194.0,54.0,3.0,22,61,0.278,0.366,0.402,0.768,0.124,0.0978,0.2711,0.0133,0.46,27.800000000000004,27.2,47.7,35.4,,,,,,,,,,,,,35.4
20260812T130059Z-0c9e69f68de8,2026-08-12T13:00:59+00:00,2026,0000006730,張仁瑋,中信兄弟,打者,野手,268.0,248.0,80.0,3.0,15,29,0.323,0.357,0.415,0.772,0.092,0.056,0.1082,0.0112,0.52,32.300000000000004,20.7,46.5,34.9,,,,,,,,,,,,,34.9
20260812T130059Z-0c9e69f68de8,2026-08-12T13:00:59+00:00,2026,0000005298,黃韋盛,中信兄弟,打者,野手,233.0,210.0,54.0,2.0,19,36,0.257,0.318,0.343,0.661,0.086,0.0815,0.1545,0.0086,0.56,25.7,18.6,49.9,31.2,,,,,,,,,,,,,31.2
20260812T130059Z-0c9e69f68de8,2026-08-12T13:00:59+00:00,2026,0000006929,紀慶然,台鋼雄鷹,打者,野手,199.0,183.0,47.0,0.0,14,32,0.257,0.308,0.284,0.592,0.027,0.0704,0.1608,0.0,0.44,25.7,4.8,46.4,26.4,,,,,,,,,,,,,26.4
20260812T130059Z-0c9e69f68de8,2026-08-12T13:00:59+00:00,2026,0000002291,岳東華,中信兄弟,打者,野手,232.0,209.0,58.0,2.0,16,41,0.278,0.33,0.392,0.722,0.114,0.069,0.1767,0.0086,0.44,27.800000000000004,23.6,45.6,33.4,,,,,,,,,,,,,33.4
20260812T130059Z-0c9e69f68de8,2026-08-12T13:00:59+00:00,2026,0000006225,宋晟睿,中信兄弟,打者,野手,216.0,190.0,52.0,5.0,15,36,0.274,0.336,0.442,0.778,0.168,0.0694,0.1667,0.0231,0.56,27.4,38.9,47.3,37.9,,,,,,,,,,,,,37.9
20260812T130059Z-0c9e69f68de8,2026-08-12T13:00:59+00:00,2026,0000000772,陳文杰,台鋼雄鷹,打者,野手,290.0,262.0,75.0,1.0,20,33,0.286,0.344,0.389,0.733,0.103,0.069,0.1138,0.0034,0.73,28.6,19.6,50.7,33.7,,,,,,,,,,,,,33.7
20260812T130059Z-0c9e69f68de8,2026-08-12T13:00:59+00:00,2026,0000004636,江坤宇,中信兄弟,打者,野手,251.0,213.0,60.0,2.0,20,26,0.282,0.366,0.362,0.728,0.08,0.0797,0.1036,0.008,1.12,28.2,17.3,56.9,34.0,,,,,,,,,,,,,34.0
20260812T130059Z-0c9e69f68de8,2026-08-12T13:00:59+00:00,2026,0000005522,朱迦恩,統一7-ELEVEn獅,打者,野手,213.0,193.0,58.0,5.0,12,48,0.301,0.351,0.451,0.802,0.15,0.0563,0.2254,0.0235,0.33,30.1,35.9,40.5,37.3,,,,,,,,,,,,,37.3
20260812T130059Z-0c9e69f68de8,2026-08-12T13:00:59+00:00,2026,0000002298,陳重羽,統一7-ELEVEn獅,打者,野手,197.0,165.0,45.0,0.0,21,30,0.273,0.363,0.315,0.678,0.042,0.1066,0.1523,0.0,0.8,27.3,7.4,56.9,30.7,,,,,,,,,,,,,30.7
20260812T130059Z-0c9e69f68de8,2026-08-12T13:00:59+00:00,2026,0000007076,李勛傑,樂天桃猿,打者,野手,216.0,189.0,47.0,6.0,24,64,0.249,0.333,0.397,0.73,0.148,0.1111,0.2963,0.0278,0.39,24.9,37.2,48.5,36.1,,,,,,,,,,,,,36.1
20260812T130059Z-0c9e69f68de8,2026-08-12T13:00:59+00:00,2026,0000007301,曾昱磬,台鋼雄鷹,打者,野手,180.0,134.0,24.0,1.0,37,29,0.179,0.373,0.209,0.582,0.03,0.2056,0.1611,0.0056,1.45,17.9,7.5,80.9,30.3,,,,,,,,,,,,,30.3
20260812T130059Z-0c9e69f68de8,2026-08-12T13:00:59+00:00,2026,0000006736,王苡丞,富邦悍將,打者,野手,226.0,209.0,56.0,4.0,11,40,0.268,0.311,0.368,0.679,0.1,0.0487,0.177,0.0177,0.35,26.8,24.7,41.1,31.7,,,,,,,,,,,,,31.7
20260812T130059Z-0c9e69f68de8,2026-08-12T13:00:59+00:00,2026,0000005291,蔣少宏,味全龍,打者,野手,178.0,168.0,37.0,2.0,5,32,0.22,0.254,0.304,0.558,0.084,0.0281,0.1798,0.0112,0.25,22.0,19.3,36.3,26.3,,,,,,,,,,,,,26.3
20260812T130059Z-0c9e69f68de8,2026-08-12T13:00:59+00:00,2026,0000001804,陳傑憲,統一7-ELEVEn獅,打者,野手,242.0,203.0,68.0,4.0,32,22,0.335,0.418,0.443,0.861,0.108,0.1157,0.0909,0.0165,1.45,33.5,25.7,67.1,41.3,,,,,,,,,,,,,41.3
20260812T130059Z-0c9e69f68de8,2026-08-12T13:00:59+00:00,2026,0000003467,林泓育,樂天桃猿,打者,野手,232.0,216.0,58.0,1.0,13,34,0.269,0.31,0.366,0.676,0.097,0.056,0.1466,0.0043,0.41,26.9,18.9,44.0,31.0,,,,,,,,,,,,,31.0
20260812T130059Z-0c9e69f68de8,2026-08-12T13:00:59+00:00,2026,0000003345,林智平,樂天桃猿,打者,野手,205.0,189.0,54.0,1.0,11,21,0.286,0.333,0.339,0.672,0.053,0.0488,0.1024,0.0049,0.67,28.6,11.3,46.9,30.1,,,,,,,,,,,,,30.1
20260812T130059Z-0c9e69f68de8,2026-08-12T13:00:59+00:00,2026,0000005510,林澤彬,富邦悍將,打者,野手,210.0,180.0,56.0,0.0,16,16,0.311,0.366,0.383,0.749,0.072,0.0762,0.0762,0.0,1.13,31.1,12.8,57.3,34.2,,,,,,,,,,,,,34.2
20260812T130059Z-0c9e69f68de8,2026-08-12T13:00:59+00:00,2026,0000006738,孔念恩,富邦悍將,打者,野手,198.0,185.0,57.0,1.0,5,48,0.308,0.323,0.411,0.734,0.103,0.0253,0.2424,0.0051,0.15,30.8,20.3,32.6,31.6,,,,,,,,,,,,,31.6
20260812T130059Z-0c9e69f68de8,2026-08-12T13:00:59+00:00,2026,0000007071,林泓弦,統一7-ELEVEn獅,打者,野手,126.0,114.0,25.0,0.0,9,16,0.219,0.282,0.272,0.554,0.053,0.0714,0.127,0.0,0.63,21.9,9.4,49.7,26.2,,,,,,,,,,,,,26.2
20260812T130059Z-0c9e69f68de8,2026-08-12T13:00:59+00:00,2026,0000006806,池恩齊,富邦悍將,打者,野手,200.0,180.0,39.0,0.0,11,55,0.217,0.26,0.256,0.516,0.039,0.055,0.275,0.0,0.2,21.7,6.9,37.3,22.9,,,,,,,,,,,,,22.9
20260812T130059Z-0c9e69f68de8,2026-08-12T13:00:59+00:00,2026,0000002297,詹子賢,中信兄弟,打者,野手,208.0,189.0,48.0,2.0,17,30,0.254,0.317,0.339,0.656,0.085,0.0817,0.1442,0.0096,0.6,25.4,18.9,50.7,31.2,,,,,,,,,,,,,31.2
20260812T130059Z-0c9e69f68de8,2026-08-12T13:00:59+00:00,2026,0000001291,郭阜林,台鋼雄鷹,打者,野手,150.0,140.0,35.0,1.0,7,32,0.25,0.3,0.307,0.607,0.057,0.0467,0.2133,0.0067,0.31,25.0,12.8,39.0,27.1,,,,,,,,,,,,,27.1
20260812T130059Z-0c9e69f68de8,2026-08-12T13:00:59+00:00,2026,0000001258,劉時豪,台鋼雄鷹,打者,野手,172.0,141.0,34.0,1.0,22,21,0.241,0.371,0.291,0.662,0.05,0.1279,0.1221,0.0058,1.38,24.1,11.2,67.5,32.1,,,,,,,,,,,,,32.1
20260812T130059Z-0c9e69f68de8,2026-08-12T13:00:59+00:00,2026,0000006217,林辰勳,味全龍,打者,野手,119.0,102.0,26.0,0.0,8,24,0.255,0.298,0.304,0.602,0.049,0.0672,0.2017,0.0,0.33,25.5,8.7,43.3,26.9,,,,,,,,,,,,,26.9
20260812T130059Z-0c9e69f68de8,2026-08-12T13:00:59+00:00,2026,0000004641,李丞齡,統一7-ELEVEn獅,打者,野手,139.0,133.0,31.0,3.0,5,24,0.233,0.259,0.316,0.575,0.083,0.036,0.1727,0.0216,0.21,23.3,23.3,37.5,27.9,,,,,,,,,,,,,27.9
20260812T130059Z-0c9e69f68de8,2026-08-12T13:00:59+00:00,2026,0000007018,劉子杰,樂天桃猿,打者,野手,174.0,166.0,42.0,1.0,6,14,0.253,0.277,0.307,0.584,0.054,0.0345,0.0805,0.0057,0.43,25.3,11.8,42.7,27.0,,,,,,,,,,,,,27.0
20260812T130059Z-0c9e69f68de8,2026-08-12T13:00:59+00:00,2026,0000003609,陳俊秀,中信兄弟,打者,野手,178.0,149.0,37.0,3.0,27,35,0.248,0.36,0.349,0.709,0.101,0.1517,0.1966,0.0169,0.77,24.8,24.6,63.1,35.3,,,,,,,,,,,,,35.3
20260812T130059Z-0c9e69f68de8,2026-08-12T13:00:59+00:00,2026,0000000362,申皓瑋,富邦悍將,打者,野手,165.0,148.0,35.0,2.0,11,40,0.236,0.303,0.324,0.627,0.088,0.0667,0.2424,0.0121,0.38,23.6,20.4,42.3,29.3,,,,,,,,,,,,,29.3
20260812T130059Z-0c9e69f68de8,2026-08-12T13:00:59+00:00,2026,0000002307,王政順,中信兄弟,打者,野手,128.0,110.0,27.0,0.0,12,28,0.245,0.331,0.264,0.595,0.019,0.0938,0.2188,0.0,0.54,24.5,3.4,49.6,26.4,,,,,,,,,,,,,26.4
20260812T130059Z-0c9e69f68de8,2026-08-12T13:00:59+00:00,2026,0000007085,張士綸,中信兄弟,打者,野手,190.0,177.0,58.0,1.0,8,21,0.328,0.351,0.384,0.735,0.056,0.0421,0.1105,0.0053,0.38,32.800000000000004,12.0,42.5,31.9,,,,,,,,,,,,,31.9
20260812T130059Z-0c9e69f68de8,2026-08-12T13:00:59+00:00,2026,0000007064,陳世嘉,台鋼雄鷹,打者,野手,90.0,82.0,8.0,0.0,3,15,0.098,0.149,0.11,0.259,0.012,0.0333,0.1667,0.0,0.33,9.8,2.1,38.5,14.0,,,,,,,,,,,,,14.0
20260812T130059Z-0c9e69f68de8,2026-08-12T13:00:59+00:00,2026,0000007288,何品室融,樂天桃猿,打者,野手,143.0,124.0,23.0,1.0,13,35,0.185,0.287,0.25,0.537,0.065,0.0909,0.2448,0.007,0.51,18.5,14.3,47.9,25.8,,,,,,,,,,,,,25.8
20260812T130059Z-0c9e69f68de8,2026-08-12T13:00:59+00:00,2026,0000003625,吉力吉撈．鞏冠,味全龍,打者,野手,151.0,131.0,31.0,2.0,15,34,0.237,0.325,0.313,0.638,0.076,0.0927,0.2252,0.0132,0.53,23.7,18.7,49.1,30.2,,,,,,,,,,,,,30.2
20260812T130059Z-0c9e69f68de8,2026-08-12T13:00:59+00:00,2026,0000000159,成晉,樂天桃猿,打者,野手,122.0,106.0,22.0,0.0,7,15,0.208,0.294,0.236,0.53,0.028,0.0574,0.123,0.0,0.87,20.8,5.0,49.7,24.5,,,,,,,,,,,,,24.5
20260812T130059Z-0c9e69f68de8,2026-08-12T13:00:59+00:00,2026,0000006868,周佳樂,富邦悍將,打者,野手,38.0,34.0,7.0,0.0,4,7,0.206,0.289,0.294,0.583,0.088,0.1053,0.1842,0.0,0.57,20.6,15.6,53.2,28.3,,,,,,,,,,,,,28.3
20260812T130059Z-0c9e69f68de8,2026-08-12T13:00:59+00:00,2026,0000007302,宋柏翰,台鋼雄鷹,打者,野手,92.0,77.0,19.0,2.0,10,18,0.247,0.319,0.39,0.709,0.143,0.1087,0.1957,0.0217,0.56,24.7,33.9,53.3,35.7,,,,,,,,,,,,,35.7
20260812T130059Z-0c9e69f68de8,2026-08-12T13:00:59+00:00,2026,0000007278,許庭綸,中信兄弟,打者,野手,96.0,84.0,15.0,1.0,7,15,0.179,0.271,0.286,0.557,0.107,0.0729,0.1563,0.0104,0.73,17.9,23.1,50.0,28.2,,,,,,,,,,,,,28.2
20260812T130059Z-0c9e69f68de8,2026-08-12T13:00:59+00:00,2026,0000005569,曾頌恩,中信兄弟,打者,野手,105.0,93.0,24.0,3.0,11,18,0.258,0.333,0.398,0.731,0.14,0.1048,0.1714,0.0286,0.61,25.8,36.1,54.0,36.9,,,,,,,,,,,,,36.9
20260812T130059Z-0c9e69f68de8,2026-08-12T13:00:59+00:00,2026,0000006716,張翔,統一7-ELEVEn獅,打者,野手,92.0,86.0,19.0,1.0,3,17,0.221,0.256,0.314,0.57,0.093,0.0326,0.1848,0.0109,0.24,22.1,20.8,36.8,26.9,,,,,,,,,,,,,26.9
20260812T130059Z-0c9e69f68de8,2026-08-12T13:00:59+00:00,2026,0000007037,張皓崴,統一7-ELEVEn獅,打者,野手,73.0,68.0,25.0,0.0,5,9,0.368,0.411,0.441,0.852,0.073,0.0685,0.1233,0.0,0.56,36.8,12.9,48.6,36.4,,,,,,,,,,,,,36.4
20260812T130059Z-0c9e69f68de8,2026-08-12T13:00:59+00:00,2026,0000006725,張祐嘉,味全龍,打者,野手,64.0,61.0,15.0,0.0,1,16,0.246,0.27,0.262,0.532,0.016,0.0156,0.25,0.0,0.13,24.6,2.8,30.4,22.0,,,,,,,,,,,,,22.0
20260812T130059Z-0c9e69f68de8,2026-08-12T13:00:59+00:00,2026,0000006737,董子恩,富邦悍將,打者,野手,125.0,114.0,32.0,0.0,8,8,0.281,0.331,0.351,0.682,0.07,0.064,0.064,0.0,1.13,28.1,12.4,55.6,31.8,,,,,,,,,,,,,31.8
20260812T130059Z-0c9e69f68de8,2026-08-12T13:00:59+00:00,2026,0000000132,梁家榮,樂天桃猿,打者,野手,114.0,103.0,23.0,0.0,10,17,0.223,0.292,0.301,0.593,0.078,0.0877,0.1491,0.0,0.59,22.3,13.8,51.5,28.3,,,,,,,,,,,,,28.3
20260812T130059Z-0c9e69f68de8,2026-08-12T13:00:59+00:00,2026,0000001119,許基宏,中信兄弟,打者,野手,132.0,108.0,20.0,0.0,20,29,0.185,0.326,0.25,0.576,0.065,0.1515,0.2197,0.0,0.79,18.5,11.5,62.5,28.3,,,,,,,,,,,,,28.3
20260812T130059Z-0c9e69f68de8,2026-08-12T13:00:59+00:00,2026,0000004032,嚴宏鈞,樂天桃猿,打者,野手,47.0,37.0,6.0,0.0,3,13,0.162,0.262,0.216,0.478,0.054,0.0638,0.2766,0.0,0.38,16.2,9.6,40.6,22.0,,,,,,,,,,,,,22.0
20260812T130059Z-0c9e69f68de8,2026-08-12T13:00:59+00:00,2026,0000006861,蔡佳諺,富邦悍將,打者,野手,55.0,53.0,10.0,0.0,1,17,0.189,0.2,0.189,0.389,0.0,0.0182,0.3091,0.0,0.06,18.9,0.0,28.1,16.7,,,,,,,,,,,,,16.7
20260812T130059Z-0c9e69f68de8,2026-08-12T13:00:59+00:00,2026,0000006851,林培緯,統一7-ELEVEn獅,打者,野手,93.0,88.0,19.0,0.0,3,20,0.216,0.247,0.273,0.52,0.057,0.0323,0.2151,0.0,0.2,21.6,10.1,35.3,23.3,,,,,,,,,,,,,23.3
20260812T130059Z-0c9e69f68de8,2026-08-12T13:00:59+00:00,2026,0000006743,劉俊豪,富邦悍將,打者,野手,29.0,24.0,4.0,0.0,4,4,0.167,0.286,0.167,0.453,0.0,0.1379,0.1379,0.0,1.0,16.7,0.0,65.0,23.3,,,,,,,,,,,,,23.3
20260812T130059Z-0c9e69f68de8,2026-08-12T13:00:59+00:00,2026,0000007304,曾聖安,味全龍,打者,野手,81.0,70.0,12.0,1.0,9,21,0.171,0.263,0.214,0.477,0.043,0.1111,0.2593,0.0123,0.43,17.1,12.5,50.2,24.2,,,,,,,,,,,,,24.2
20260812T130059Z-0c9e69f68de8,2026-08-12T13:00:59+00:00,2026,0000006229,葉子霆,富邦悍將,打者,野手,81.0,67.0,11.0,0.0,4,8,0.164,0.234,0.224,0.458,0.06,0.0494,0.0988,0.0,0.88,16.400000000000002,10.6,49.2,23.1,,,,,,,,,,,,,23.1
20260812T130059Z-0c9e69f68de8,2026-08-12T13:00:59+00:00,2026,0000004642,林靖凱,統一7-ELEVEn獅,打者,野手,66.0,61.0,8.0,1.0,3,10,0.131,0.185,0.18,0.365,0.049,0.0455,0.1515,0.0152,0.4,13.1,14.7,41.9,20.1,,,,,,,,,,,,,20.1
20260812T130059Z-0c9e69f68de8,2026-08-12T13:00:59+00:00,2026,0000005336,童堉誠,富邦悍將,打者,野手,89.0,72.0,17.0,0.0,12,26,0.236,0.371,0.278,0.649,0.042,0.1348,0.2921,0.0,0.62,23.6,7.4,55.2,29.1,,,,,,,,,,,,,29.1
20260812T130059Z-0c9e69f68de8,2026-08-12T13:00:59+00:00,2026,0000006936,高聖恩,台鋼雄鷹,打者,野手,53.0,49.0,13.0,0.0,1,15,0.265,0.288,0.286,0.574,0.021,0.0189,0.283,0.0,0.13,26.5,3.7,29.8,23.4,,,,,,,,,,,,,23.4
20260812T130059Z-0c9e69f68de8,2026-08-12T13:00:59+00:00,2026,0000005548,林孝程,味全龍,打者,野手,44.0,38.0,9.0,0.0,5,11,0.237,0.341,0.316,0.657,0.079,0.1136,0.25,0.0,0.55,23.7,14.0,52.2,30.2,,,,,,,,,,,,,30.2
20260812T130059Z-0c9e69f68de8,2026-08-12T13:00:59+00:00,2026,0000007070,林佳緯,統一7-ELEVEn獅,打者,野手,92.0,89.0,15.0,0.0,2,27,0.169,0.196,0.18,0.376,0.011,0.0217,0.2935,0.0,0.11,16.900000000000002,1.9,29.7,16.7,,,,,,,,,,,,,16.7
20260812T130059Z-0c9e69f68de8,2026-08-12T13:00:59+00:00,2026,0000001473,李宗賢,富邦悍將,打者,野手,64.0,58.0,13.0,0.0,5,8,0.224,0.297,0.259,0.556,0.035,0.0781,0.125,0.0,0.75,22.4,6.2,52.2,26.1,,,,,,,,,,,,,26.1
20260812T130059Z-0c9e69f68de8,2026-08-12T13:00:59+00:00,2026,0000002286,林立,樂天桃猿,打者,野手,87.0,83.0,25.0,1.0,2,9,0.301,0.318,0.398,0.716,0.097,0.0115,0.1034,0.0115,0.22,30.1,21.7,35.7,31.8,,,,,,,,,,,,,31.8
20260812T130059Z-0c9e69f68de8,2026-08-12T13:00:59+00:00,2026,0000002661,陳鏞基,統一7-ELEVEn獅,打者,野手,65.0,60.0,17.0,0.0,5,8,0.283,0.338,0.3,0.638,0.017,0.0769,0.1231,0.0,0.63,28.3,3.0,50.8,28.2,,,,,,,,,,,,,28.2
20260812T130059Z-0c9e69f68de8,2026-08-12T13:00:59+00:00,2026,0000006928,林家鋐,台鋼雄鷹,打者,野手,52.0,40.0,8.0,0.0,6,11,0.2,0.353,0.2,0.553,0.0,0.1154,0.2115,0.0,0.91,20.0,0.0,57.5,25.1,,,,,,,,,,,,,25.1
20260812T130059Z-0c9e69f68de8,2026-08-12T13:00:59+00:00,2026,0000006939,顏郁軒,台鋼雄鷹,打者,野手,64.0,56.0,8.0,2.0,2,11,0.143,0.197,0.25,0.447,0.107,0.0313,0.1719,0.0312,0.36,14.3,31.3,38.2,24.9,,,,,,,,,,,,,24.9
20260812T130059Z-0c9e69f68de8,2026-08-12T13:00:59+00:00,2026,0000003563,余德龍,樂天桃猿,打者,野手,40.0,34.0,4.0,1.0,2,10,0.118,0.162,0.206,0.368,0.088,0.05,0.25,0.025,0.2,11.8,25.5,37.2,21.3,,,,,,,,,,,,,21.3
20260812T130059Z-0c9e69f68de8,2026-08-12T13:00:59+00:00,2026,0000001754,林書逸,富邦悍將,打者,野手,51.0,45.0,10.0,0.0,5,15,0.222,0.3,0.311,0.611,0.089,0.098,0.2941,0.0,0.33,22.2,15.8,45.6,28.2,,,,,,,,,,,,,28.2
20260812T130059Z-0c9e69f68de8,2026-08-12T13:00:59+00:00,2026,0000002289,陳重廷,統一7-ELEVEn獅,打者,野手,42.0,42.0,8.0,0.0,0,7,0.19,0.19,0.238,0.428,0.048,0.0,0.1667,0.0,0.0,19.0,8.5,29.2,19.5,,,,,,,,,,,,,19.5
20260812T130059Z-0c9e69f68de8,2026-08-12T13:00:59+00:00,2026,0000001606,林岱安,富邦悍將,打者,野手,31.0,29.0,1.0,0.0,1,7,0.034,0.067,0.034,0.101,0.0,0.0323,0.2258,0.0,0.14,3.4000000000000004,0.0,34.3,8.1,,,,,,,,,,,,,8.1
20260812T130059Z-0c9e69f68de8,2026-08-12T13:00:59+00:00,2026,0000005546,拿莫．伊漾,味全龍,打者,野手,34.0,30.0,9.0,3.0,3,11,0.3,0.382,0.667,1.049,0.367,0.0882,0.3235,0.0882,0.36,30.0,100.0,43.2,56.1,,,,,,,,,,,,,56.1
20260812T130059Z-0c9e69f68de8,2026-08-12T13:00:59+00:00,2026,0000003533,藍寅倫,台鋼雄鷹,打者,野手,47.0,42.0,15.0,1.0,4,8,0.357,0.404,0.429,0.833,0.072,0.0851,0.1702,0.0213,0.5,35.7,21.2,49.4,37.5,,,,,,,,,,,,,37.5
20260812T130059Z-0c9e69f68de8,2026-08-12T13:00:59+00:00,2026,0000000361,張洺瑀,富邦悍將,打者,野手,74.0,63.0,14.0,0.0,11,18,0.222,0.338,0.27,0.608,0.048,0.1486,0.2432,0.0,0.61,22.2,8.5,59.3,28.7,,,,,,,,,,,,,28.7
20260812T130059Z-0c9e69f68de8,2026-08-12T13:00:59+00:00,2026,0000006872,林岳谷,富邦悍將,打者,野手,66.0,59.0,17.0,0.0,4,9,0.288,0.328,0.322,0.65,0.034,0.0606,0.1364,0.0,0.44,28.8,6.0,45.5,28.4,,,,,,,,,,,,,28.4
20260812T130059Z-0c9e69f68de8,2026-08-12T13:00:59+00:00,2026,0000000153,林承飛,樂天桃猿,打者,野手,69.0,64.0,12.0,0.0,4,13,0.188,0.235,0.203,0.438,0.015,0.058,0.1884,0.0,0.31,18.8,2.7,41.9,20.4,,,,,,,,,,,,,20.4
20260812T130059Z-0c9e69f68de8,2026-08-12T13:00:59+00:00,2026,0000005306,許哲晏,統一7-ELEVEn獅,打者,野手,49.0,41.0,3.0,0.0,4,6,0.073,0.149,0.098,0.247,0.025,0.0816,0.1224,0.0,0.67,7.3,4.4,52.1,15.7,,,,,,,,,,,,,15.7
20260812T130059Z-0c9e69f68de8,2026-08-12T13:00:59+00:00,2026,0000007589,許賀捷,樂天桃猿,打者,野手,29.0,25.0,1.0,0.0,3,9,0.04,0.143,0.04,0.183,0.0,0.1034,0.3103,0.0,0.33,4.0,0.0,46.1,11.8,,,,,,,,,,,,,11.8
20260812T130059Z-0c9e69f68de8,2026-08-12T13:00:59+00:00,2026,BAT0001,邦力多,富邦悍將,打者,野手,75.0,70.0,16.0,0.0,5,13,0.229,0.28,0.271,0.551,0.042,0.0667,0.1733,0.0,0.38,22.9,7.4,44.7,25.2,,,,,,,,,,,,,25.2
20260812T130059Z-0c9e69f68de8,2026-08-12T13:00:59+00:00,2026,0000006879,冉皓燐,味全龍,打者,野手,24.0,23.0,4.0,0.0,1,5,0.174,0.208,0.217,0.425,0.043,0.0417,0.2083,0.0,0.2,17.4,7.6,37.2,20.1,,,,,,,,,,,,,20.1
20260812T130059Z-0c9e69f68de8,2026-08-12T13:00:59+00:00,2026,0000006726,李展毅,味全龍,打者,野手,54.0,50.0,12.0,0.0,4,12,0.24,0.296,0.34,0.636,0.1,0.0741,0.2222,0.0,0.33,24.0,17.7,43.9,29.2,,,,,,,,,,,,,29.2
20260812T130059Z-0c9e69f68de8,2026-08-12T13:00:59+00:00,2026,0000007591,張育豪,富邦悍將,打者,野手,40.0,33.0,6.0,0.0,4,13,0.182,0.27,0.212,0.482,0.03,0.1,0.325,0.0,0.31,18.2,5.3,44.7,22.2,,,,,,,,,,,,,22.2
20260812T130059Z-0c9e69f68de8,2026-08-12T13:00:59+00:00,2026,0000006847,田子杰,統一7-ELEVEn獅,打者,野手,54.0,50.0,9.0,1.0,3,13,0.18,0.226,0.28,0.506,0.1,0.0556,0.2407,0.0185,0.23,18.0,25.1,38.9,25.8,,,,,,,,,,,,,25.8
20260812T130059Z-0c9e69f68de8,2026-08-12T13:00:59+00:00,2026,0000006732,陳統恩,中信兄弟,打者,野手,32.0,27.0,4.0,0.0,4,4,0.148,0.281,0.148,0.429,0.0,0.125,0.125,0.0,1.25,14.8,0.0,65.6,22.5,,,,,,,,,,,,,22.5
20260812T130059Z-0c9e69f68de8,2026-08-12T13:00:59+00:00,2026,0000005333,湯家豪,台鋼雄鷹,打者,野手,27.0,22.0,6.0,0.0,5,3,0.273,0.407,0.273,0.68,0.0,0.1852,0.1111,0.0,1.67,27.3,0.0,81.1,32.9,,,,,,,,,,,,,32.9
20260812T130059Z-0c9e69f68de8,2026-08-12T13:00:59+00:00,2026,0000006931,黃劼希,台鋼雄鷹,打者,野手,40.0,35.0,7.0,1.0,3,9,0.2,0.3,0.343,0.643,0.143,0.075,0.225,0.025,0.56,20.0,35.2,46.2,32.4,,,,,,,,,,,,,32.4
20260812T130059Z-0c9e69f68de8,2026-08-12T13:00:59+00:00,2026,0000006858,陳佳樂,樂天桃猿,打者,野手,56.0,52.0,9.0,1.0,1,12,0.173,0.214,0.231,0.445,0.058,0.0179,0.2143,0.0179,0.25,17.299999999999997,17.4,33.2,21.9,,,,,,,,,,,,,21.9
20260812T130059Z-0c9e69f68de8,2026-08-12T13:00:59+00:00,2026,0000007631,朱盟,台鋼雄鷹,打者,野手,28.0,27.0,4.0,0.0,0,6,0.148,0.148,0.185,0.333,0.037,0.0,0.2143,0.0,0.0,14.8,6.6,27.5,15.9,,,,,,,,,,,,,15.9
20260812T130059Z-0c9e69f68de8,2026-08-12T13:00:59+00:00,2026,0000006843,潘磊,統一7-ELEVEn獅,打者,野手,39.0,37.0,5.0,1.0,0,11,0.135,0.154,0.216,0.37,0.081,0.0,0.2821,0.0256,0.09,13.5,24.5,26.0,19.8,,,,,,,,,,,,,19.8
20260812T130059Z-0c9e69f68de8,2026-08-12T13:00:59+00:00,2026,0000001339,林祖傑,統一7-ELEVEn獅,打者,野手,36.0,30.0,4.0,0.0,4,7,0.133,0.235,0.2,0.435,0.067,0.1111,0.1944,0.0,0.57,13.3,11.9,53.9,22.9,,,,,,,,,,,,,22.9
20260812T130059Z-0c9e69f68de8,2026-08-12T13:00:59+00:00,2026,0000003211,王勝偉,富邦悍將,打者,野手,36.0,29.0,6.0,1.0,4,8,0.207,0.324,0.31,0.634,0.103,0.1111,0.2222,0.0278,0.63,20.7,29.3,53.5,32.3,,,,,,,,,,,,,32.3
20260812T130059Z-0c9e69f68de8,2026-08-12T13:00:59+00:00,2026,0000007312,張趙紘,樂天桃猿,打者,野手,46.0,40.0,6.0,0.0,6,11,0.15,0.261,0.2,0.461,0.05,0.1304,0.2391,0.0,0.55,15.0,8.9,55.6,23.5,,,,,,,,,,,,,23.5
20260812T130059Z-0c9e69f68de8,2026-08-12T13:00:59+00:00,2026,0000003183,張志豪,中信兄弟,打者,野手,50.0,43.0,6.0,0.0,3,9,0.14,0.18,0.163,0.343,0.023,0.06,0.18,0.0,0.33,14.000000000000002,4.1,42.8,17.8,,,,,,,,,,,,,17.8
20260812T130059Z-0c9e69f68de8,2026-08-12T13:00:59+00:00,2026,0000004643,胡冠俞,台鋼雄鷹,打者,野手,30.0,26.0,5.0,0.0,2,9,0.192,0.276,0.231,0.507,0.039,0.0667,0.3,0.0,0.33,19.2,6.9,39.8,22.6,,,,,,,,,,,,,22.6
20260812T130059Z-0c9e69f68de8,2026-08-12T13:00:59+00:00,2026,0000005553,張祐銘,味全龍,打者,野手,26.0,23.0,6.0,0.0,1,4,0.261,0.346,0.391,0.737,0.13,0.0385,0.1538,0.0,0.75,26.1,23.0,44.0,33.0,,,,,,,,,,,,,33.0
20260812T130059Z-0c9e69f68de8,2026-08-12T13:00:59+00:00,2026,0000006835,顏清浤,台鋼雄鷹,打者,野手,18.0,16.0,4.0,0.0,1,4,0.25,0.294,0.25,0.544,0.0,0.0556,0.2222,0.0,0.25,25.0,0.0,39.7,23.2,,,,,,,,,,,,,23.2
20260812T130059Z-0c9e69f68de8,2026-08-12T13:00:59+00:00,2026,0000006926,陳致嘉,台鋼雄鷹,打者,野手,13.0,12.0,2.0,0.0,0,4,0.167,0.167,0.25,0.417,0.083,0.0,0.3077,0.0,0.0,16.7,14.7,24.2,19.3,,,,,,,,,,,,,19.3
20260812T130059Z-0c9e69f68de8,2026-08-12T13:00:59+00:00,2026,0000006728,陳思仲,味全龍,打者,野手,18.0,16.0,1.0,0.0,1,7,0.063,0.167,0.063,0.23,0.0,0.0556,0.3889,0.0,0.29,6.3,0.0,34.3,11.6,,,,,,,,,,,,,11.6
20260812T130059Z-0c9e69f68de8,2026-08-12T13:00:59+00:00,2026,0000006224,林吳晉瑋,中信兄弟,打者,野手,15.0,11.0,3.0,0.0,3,2,0.273,0.429,0.273,0.702,0.0,0.2,0.1333,0.0,1.5,27.3,0.0,81.3,33.4,,,,,,,,,,,,,33.4
20260812T130059Z-0c9e69f68de8,2026-08-12T13:00:59+00:00,2026,0000007822,威克,樂天桃猿,打者,野手,53.0,49.0,13.0,4.0,3,9,0.265,0.321,0.531,0.852,0.266,0.0566,0.1698,0.0755,0.44,26.5,77.1,43.6,46.4,,,,,,,,,,,,,46.4
20260812T130059Z-0c9e69f68de8,2026-08-12T13:00:59+00:00,2026,0000002282,張閔勛,樂天桃猿,打者,野手,25.0,21.0,3.0,0.0,4,2,0.143,0.28,0.143,0.423,0.0,0.12,0.08,0.0,2.0,14.3,0.0,73.8,23.4,,,,,,,,,,,,,23.4
20260812T130059Z-0c9e69f68de8,2026-08-12T13:00:59+00:00,2026,0000005496,辛元旭,富邦悍將,打者,野手,18.0,18.0,2.0,0.0,0,5,0.111,0.111,0.111,0.222,0.0,0.0,0.2778,0.0,0.0,11.1,0.0,25.3,11.0,,,,,,,,,,,,,11.0
20260812T130059Z-0c9e69f68de8,2026-08-12T13:00:59+00:00,2026,0000005656,李聖裕,中信兄弟,打者,野手,21.0,19.0,5.0,0.0,2,7,0.263,0.333,0.263,0.596,0.0,0.0952,0.3333,0.0,0.29,26.3,0.0,43.4,25.2,,,,,,,,,,,,,25.2
20260812T130059Z-0c9e69f68de8,2026-08-12T13:00:59+00:00,2026,0000005567,林瑞鈞,中信兄弟,打者,野手,20.0,17.0,4.0,1.0,2,6,0.235,0.35,0.471,0.821,0.236,0.1,0.3,0.05,0.5,23.5,61.6,47.5,42.6,,,,,,,,,,,,,42.6
20260812T130059Z-0c9e69f68de8,2026-08-12T13:00:59+00:00,2026,0000002304,吳明鴻,台鋼雄鷹,打者,野手,14.0,13.0,2.0,0.0,0,3,0.154,0.154,0.154,0.308,0.0,0.0,0.2143,0.0,0.0,15.4,0.0,27.5,14.1,,,,,,,,,,,,,14.1
20260812T130059Z-0c9e69f68de8,2026-08-12T13:00:59+00:00,2026,0000002305,王正棠,富邦悍將,打者,野手,14.0,13.0,2.0,0.0,1,1,0.154,0.214,0.154,0.368,0.0,0.0714,0.0714,0.0,1.0,15.4,0.0,55.4,19.7,,,,,,,,,,,,,19.7
20260812T130059Z-0c9e69f68de8,2026-08-12T13:00:59+00:00,2026,0000000910,張進德,富邦悍將,打者,野手,15.0,14.0,1.0,0.0,1,3,0.071,0.133,0.071,0.204,0.0,0.0667,0.2,0.0,0.33,7.1,0.0,43.3,12.5,,,,,,,,,,,,,12.5
20260812T130059Z-0c9e69f68de8,2026-08-12T13:00:59+00:00,2026,0000007605,王翾祐,統一7-ELEVEn獅,打者,野手,31.0,27.0,10.0,0.0,3,4,0.37,0.433,0.481,0.914,0.111,0.0968,0.129,0.0,0.75,37.0,19.7,55.4,40.2,,,,,,,,,,,,,40.2
20260812T130059Z-0c9e69f68de8,2026-08-12T13:00:59+00:00,2026,0000007282,陳九登,中信兄弟,打者,野手,18.0,15.0,5.0,0.0,3,4,0.333,0.444,0.4,0.844,0.067,0.1667,0.2222,0.0,0.75,33.300000000000004,11.9,64.7,37.7,,,,,,,,,,,,,37.7
20260812T130059Z-0c9e69f68de8,2026-08-12T13:00:59+00:00,2026,0000003174,郭永維,台鋼雄鷹,打者,野手,18.0,17.0,5.0,0.0,1,3,0.294,0.333,0.294,0.627,0.0,0.0556,0.1667,0.0,0.33,29.4,0.0,42.5,26.4,,,,,,,,,,,,,26.4
20260812T130059Z-0c9e69f68de8,2026-08-12T13:00:59+00:00,2026,0000006213,何恆佑,統一7-ELEVEn獅,打者,野手,21.0,20.0,2.0,0.0,0,8,0.1,0.1,0.1,0.2,0.0,0.0,0.381,0.0,0.0,10.0,0.0,21.7,9.8,,,,,,,,,,,,,9.8
20260812T130059Z-0c9e69f68de8,2026-08-12T13:00:59+00:00,2026,0000007091,高捷,富邦悍將,打者,野手,11.0,10.0,2.0,0.0,1,2,0.2,0.273,0.2,0.473,0.0,0.0909,0.1818,0.0,0.5,20.0,0.0,50.0,22.1,,,,,,,,,,,,,22.1
20260812T130059Z-0c9e69f68de8,2026-08-12T13:00:59+00:00,2026,0000007036,戴伯丞,統一7-ELEVEn獅,打者,野手,16.0,15.0,2.0,0.0,0,5,0.133,0.133,0.133,0.266,0.0,0.0,0.3125,0.0,0.0,13.3,0.0,24.1,12.3,,,,,,,,,,,,,12.3
20260812T130059Z-0c9e69f68de8,2026-08-12T13:00:59+00:00,2026,0000007806,道威聖,樂天桃猿,打者,野手,23.0,21.0,3.0,0.0,1,9,0.143,0.217,0.143,0.36,0.0,0.0435,0.3913,0.0,0.22,14.3,0.0,31.3,15.7,,,,,,,,,,,,,15.7
20260812T130059Z-0c9e69f68de8,2026-08-12T13:00:59+00:00,2026,0000006909,豊暐,富邦悍將,打者,野手,7.0,7.0,0.0,0.0,0,3,0.0,0.0,0.0,0.0,0.0,0.0,0.4286,0.0,0.0,0.0,0.0,20.0,3.0,,,,,,,,,,,,,3.0
20260812T130059Z-0c9e69f68de8,2026-08-12T13:00:59+00:00,2026,0000000356,石翔宇,味全龍,打者,野手,3.0,3.0,0.0,0.0,0,2,0.0,0.0,0.0,0.0,0.0,0.0,0.6667,0.0,0.0,0.0,0.0,11.7,1.8,,,,,,,,,,,,,1.8
20260812T130059Z-0c9e69f68de8,2026-08-12T13:00:59+00:00,2026,0000007308,許博閎,味全龍,打者,野手,3.0,3.0,1.0,0.0,0,0,0.333,0.333,0.333,0.666,0.0,0.0,0.0,0.0,0.0,33.300000000000004,0.0,35.0,26.9,,,,,,,,,,,,,26.9
20260812T130059Z-0c9e69f68de8,2026-08-12T13:00:59+00:00,2026,0000007313,曾冠傑,樂天桃猿,打者,野手,9.0,8.0,2.0,0.0,1,3,0.25,0.333,0.25,0.583,0.0,0.1111,0.3333,0.0,0.33,25.0,0.0,46.6,25.1,,,,,,,,,,,,,25.1
20260812T130059Z-0c9e69f68de8,2026-08-12T13:00:59+00:00,2026,0000005310,陳真,富邦悍將,打者,野手,15.0,15.0,3.0,0.0,0,5,0.2,0.2,0.2,0.4,0.0,0.0,0.3333,0.0,0.0,20.0,0.0,23.3,16.5,,,,,,,,,,,,,16.5
20260812T130059Z-0c9e69f68de8,2026-08-12T13:00:59+00:00,2026,0000003645,柯育民,統一7-ELEVEn獅,打者,野手,11.0,10.0,0.0,0.0,0,4,0.0,0.0,0.0,0.0,0.0,0.0,0.3636,0.0,0.0,0.0,0.0,22.3,3.3,,,,,,,,,,,,,3.3
20260812T130059Z-0c9e69f68de8,2026-08-12T13:00:59+00:00,2026,0000007629,顏采丞,台鋼雄鷹,打者,野手,10.0,10.0,0.0,0.0,0,2,0.0,0.0,0.0,0.0,0.0,0.0,0.2,0.0,0.0,0.0,0.0,28.0,4.2,,,,,,,,,,,,,4.2
20260812T130059Z-0c9e69f68de8,2026-08-12T13:00:59+00:00,2026,0000007291,全紹凱,統一7-ELEVEn獅,打者,野手,12.0,12.0,3.0,0.0,0,1,0.25,0.25,0.25,0.5,0.0,0.0,0.0833,0.0,0.0,25.0,0.0,32.1,21.1,,,,,,,,,,,,,21.1
20260812T130059Z-0c9e69f68de8,2026-08-12T13:00:59+00:00,2026,0000000753,杜家明,台鋼雄鷹,打者,野手,12.0,12.0,1.0,0.0,0,1,0.083,0.083,0.083,0.166,0.0,0.0,0.0833,0.0,0.0,8.3,0.0,32.1,10.2,,,,,,,,,,,,,10.2
20260812T130059Z-0c9e69f68de8,2026-08-12T13:00:59+00:00,2026,0000005536,歐晉,樂天桃猿,打者,野手,8.0,6.0,0.0,0.0,2,1,0.0,0.25,0.0,0.25,0.0,0.25,0.125,0.0,2.0,0.0,0.0,95.6,20.0,,,,,,,,,,,,,20.0
20260812T130059Z-0c9e69f68de8,2026-08-12T13:00:59+00:00,2026,0000007086,楊祥禾,中信兄弟,打者,野手,2.0,2.0,0.0,0.0,0,1,0.0,0.0,0.0,0.0,0.0,0.0,0.5,0.0,0.0,0.0,0.0,17.5,2.6,,,,,,,,,,,,,2.6
20260812T130059Z-0c9e69f68de8,2026-08-12T13:00:59+00:00,2026,0000006938,吳柏萱,台鋼雄鷹,打者,野手,9.0,9.0,3.0,0.0,0,2,0.333,0.333,0.333,0.666,0.0,0.0,0.2222,0.0,0.0,33.300000000000004,0.0,27.2,25.7,,,,,,,,,,,,,25.7
20260812T130059Z-0c9e69f68de8,2026-08-12T13:00:59+00:00,2026,0000001118,高國麟,富邦悍將,打者,野手,6.0,6.0,2.0,0.0,0,0,0.333,0.333,0.333,0.666,0.0,0.0,0.0,0.0,0.0,33.300000000000004,0.0,35.0,26.9,,,,,,,,,,,,,26.9
20260812T130059Z-0c9e69f68de8,2026-08-12T13:00:59+00:00,2026,0000005296,董秉軒,台鋼雄鷹,打者,野手,5.0,5.0,1.0,0.0,0,0,0.2,0.2,0.2,0.4,0.0,0.0,0.0,0.0,0.0,20.0,0.0,35.0,18.2,,,,,,,,,,,,,18.2
20260812T130059Z-0c9e69f68de8,2026-08-12T13:00:59+00:00,2026,0000006770,邱邦,樂天桃猿,打者,野手,2.0,2.0,1.0,0.0,0,0,0.5,0.5,0.5,1.0,0.0,0.0,0.0,0.0,0.0,50.0,0.0,35.0,37.8,,,,,,,,,,,,,37.8
20260812T130059Z-0c9e69f68de8,2026-08-12T13:00:59+00:00,2026,0000006955,余羿賢,統一7-ELEVEn獅,打者,野手,2.0,2.0,1.0,0.0,0,1,0.5,0.5,0.5,1.0,0.0,0.0,0.5,0.0,0.0,50.0,0.0,17.5,35.1,,,,,,,,,,,,,35.1
20260812T130059Z-0c9e69f68de8,2026-08-12T13:00:59+00:00,2026,0000006856,董順傑,樂天桃猿,打者,野手,5.0,5.0,0.0,0.0,0,3,0.0,0.0,0.0,0.0,0.0,0.0,0.6,0.0,0.0,0.0,0.0,14.0,2.1,,,,,,,,,,,,,2.1
20260812T130059Z-0c9e69f68de8,2026-08-12T13:00:59+00:00,2026,0000007297,楊泯貽,富邦悍將,打者,野手,5.0,5.0,0.0,0.0,0,0,0.0,0.0,0.0,0.0,0.0,0.0,0.0,0.0,0.0,0.0,0.0,35.0,5.2,,,,,,,,,,,,,5.2
20260812T130059Z-0c9e69f68de8,2026-08-12T13:00:59+00:00,2026,0000007298,盧柏華,富邦悍將,打者,野手,3.0,3.0,0.0,0.0,0,0,0.0,0.0,0.0,0.0,0.0,0.0,0.0,0.0,0.0,0.0,0.0,35.0,5.2,,,,,,,,,,,,,5.2
20260812T130059Z-0c9e69f68de8,2026-08-12T13:00:59+00:00,2026,0000007013,陳飛霖,台鋼雄鷹,打者,野手,4.0,3.0,0.0,0.0,1,1,0.0,0.25,0.0,0.25,0.0,0.25,0.25,0.0,1.0,0.0,0.0,81.2,17.8,,,,,,,,,,,,,17.8
20260812T130059Z-0c9e69f68de8,2026-08-12T13:00:59+00:00,2026,0000006930,黃秉揚,台鋼雄鷹,打者,野手,3.0,3.0,0.0,0.0,0,1,0.0,0.0,0.0,0.0,0.0,0.0,0.3333,0.0,0.0,0.0,0.0,23.3,3.5,,,,,,,,,,,,,3.5
20260812T130059Z-0c9e69f68de8,2026-08-12T13:00:59+00:00,2026,0000005563,姚冠瑋,味全龍,打者,野手,2.0,2.0,0.0,0.0,0,1,0.0,0.0,0.0,0.0,0.0,0.0,0.5,0.0,0.0,0.0,0.0,17.5,2.6,,,,,,,,,,,,,2.6
20260812T130059Z-0c9e69f68de8,2026-08-12T13:00:59+00:00,2026,0000003339,林哲瑄,富邦悍將,打者,野手,1.0,1.0,1.0,0.0,0,0,1.0,1.0,1.0,2.0,0.0,0.0,0.0,0.0,0.0,100.0,0.0,35.0,70.2,,,,,,,,,,,,,70.2
20260812T130059Z-0c9e69f68de8,2026-08-12T13:00:59+00:00,2026,0000007610,吳承皓,味全龍,打者,野手,4.0,3.0,1.0,0.0,1,0,0.333,0.5,0.333,0.833,0.0,0.25,0.0,0.0,0.0,33.300000000000004,0.0,80.0,37.4,,,,,,,,,,,,,37.4
20260812T130059Z-0c9e69f68de8,2026-08-12T13:00:59+00:00,2026,0000007315,游承勳,樂天桃猿,打者,野手,4.0,4.0,0.0,0.0,0,1,0.0,0.0,0.0,0.0,0.0,0.0,0.25,0.0,0.0,0.0,0.0,26.2,3.9,,,,,,,,,,,,,3.9
20260812T130059Z-0c9e69f68de8,2026-08-12T13:00:59+00:00,2026,0000007602,吳柏賢,統一7-ELEVEn獅,打者,野手,1.0,1.0,0.0,0.0,0,0,0.0,0.0,0.0,0.0,0.0,0.0,0.0,0.0,0.0,0.0,0.0,35.0,5.2,,,,,,,,,,,,,5.2
20260812T130059Z-0c9e69f68de8,2026-08-12T13:00:59+00:00,2026,0000005538,黃柏豪,味全龍,打者,野手,1.0,1.0,0.0,0.0,0,1,0.0,0.0,0.0,0.0,0.0,0.0,1.0,0.0,0.0,0.0,0.0,0.0,0.0,,,,,,,,,,,,,0.0
20260812T130059Z-0c9e69f68de8,2026-08-12T13:00:59+00:00,2026,0000000771,陳琥,中信兄弟,打者,野手,1.0,1.0,0.0,0.0,0,0,0.0,0.0,0.0,0.0,0.0,0.0,0.0,0.0,0.0,0.0,0.0,35.0,5.2,,,,,,,,,,,,,5.2
20260812T130059Z-0c9e69f68de8,2026-08-12T13:00:59+00:00,2026,0000001232,江忠城,中信兄弟,打者,野手,1.0,1.0,0.0,0.0,0,0,0.0,0.0,0.0,0.0,0.0,0.0,0.0,0.0,0.0,0.0,0.0,35.0,5.2,,,,,,,,,,,,,5.2
20260812T130059Z-0c9e69f68de8,2026-08-12T13:00:59+00:00,2026,0000007088,徐博瑋,中信兄弟,打者,野手,0.0,0.0,0.0,0.0,0,0,0.0,0.0,0.0,0.0,0.0,0.0,0.0,0.0,0.0,0.0,0.0,35.0,5.2,,,,,,,,,,,,,5.2
20260812T130059Z-0c9e69f68de8,2026-08-12T13:00:59+00:00,2026,0000006221,劉貴元,中信兄弟,打者,野手,0.0,0.0,0.0,0.0,0,0,0.0,0.0,0.0,0.0,0.0,0.0,0.0,0.0,0.0,0.0,0.0,35.0,5.2,,,,,,,,,,,,,5.2
20260812T130059Z-0c9e69f68de8,2026-08-12T13:00:59+00:00,2026,0000005555,陳冠偉,味全龍,投手,投手,,,,,7,26,,,,,,0.0479,0.1781,,,,,,,37.667,9.0,30.0,1.0,2.15,0.98,3.71,0.0068,90.7,35.6,63.3,68.7,68.7
20260812T130059Z-0c9e69f68de8,2026-08-12T13:00:59+00:00,2026,0000005788,林凱威,味全龍,投手,投手,,,,,10,23,,,,,,0.0649,0.1494,,,,,,,37.0,12.0,33.0,2.0,2.92,1.16,2.3,0.013,88.3,29.9,54.7,63.6,63.6
20260812T130059Z-0c9e69f68de8,2026-08-12T13:00:59+00:00,2026,0000005561,李建勳,富邦悍將,投手,投手,,,,,15,29,,,,,,0.1,0.1933,,,,,,,32.667,18.0,36.0,2.0,4.96,1.56,1.93,0.0133,82.1,38.7,49.4,61.4,61.4
20260812T130059Z-0c9e69f68de8,2026-08-12T13:00:59+00:00,2026,0000000941,陳冠宇,樂天桃猿,投手,投手,,,,,13,41,,,,,,0.0903,0.2847,,,,,,,36.333,9.0,25.0,2.0,2.23,1.05,3.15,0.0139,90.2,56.9,56.3,71.7,71.7
20260812T130059Z-0c9e69f68de8,2026-08-12T13:00:59+00:00,2026,0000006832,陳柏清,台鋼雄鷹,投手,投手,,,,,12,27,,,,,,0.0759,0.1709,,,,,,,38.667,14.0,35.0,2.0,3.26,1.22,2.25,0.0127,87.3,34.2,53.4,63.9,63.9
20260812T130059Z-0c9e69f68de8,2026-08-12T13:00:59+00:00,2026,0000007293,鍾允華,統一7-ELEVEn獅,投手,投手,,,,,14,33,,,,,,0.0927,0.2185,,,,,,,35.667,10.0,32.0,1.0,2.52,1.29,2.36,0.0066,88.4,43.7,52.2,66.4,66.4
20260812T130059Z-0c9e69f68de8,2026-08-12T13:00:59+00:00,2026,0000003639,呂彥青,中信兄弟,投手,投手,,,,,6,29,,,,,,0.0476,0.2302,,,,,,,34.0,5.0,20.0,1.0,1.32,0.76,4.83,0.0079,93.5,46.0,68.8,74.2,74.2
20260812T130059Z-0c9e69f68de8,2026-08-12T13:00:59+00:00,2026,0000005509,莊昕諺,樂天桃猿,投手,投手,,,,,17,21,,,,,,0.1149,0.1419,,,,,,,35.0,8.0,27.0,2.0,2.06,1.26,1.24,0.0135,89.5,28.4,44.6,60.8,60.8
20260812T130059Z-0c9e69f68de8,2026-08-12T13:00:59+00:00,2026,0000005790,張奕,富邦悍將,投手,投手,,,,,13,27,,,,,,0.0897,0.1862,,,,,,,35.0,8.0,32.0,2.0,2.06,1.29,2.08,0.0138,89.4,37.2,51.2,64.9,64.9
20260812T130059Z-0c9e69f68de8,2026-08-12T13:00:59+00:00,2026,0000001821,林子昱,味全龍,投手,投手,,,,,7,16,,,,,,0.0519,0.1185,,,,,,,32.333,10.0,34.0,1.0,2.78,1.27,2.29,0.0074,88.0,23.7,56.0,62.3,62.3
20260812T130059Z-0c9e69f68de8,2026-08-12T13:00:59+00:00,2026,0000002280,廖任磊,富邦悍將,投手,投手,,,,,15,9,,,,,,0.1119,0.0672,,,,,,,30.333,15.0,31.0,0.0,4.45,1.52,0.6,0.0,83.3,13.4,41.7,53.3,53.3
20260812T130059Z-0c9e69f68de8,2026-08-12T13:00:59+00:00,2026,0000006870,林栚呈,富邦悍將,投手,投手,,,,,16,16,,,,,,0.1103,0.1103,,,,,,,33.667,11.0,28.0,2.0,2.94,1.31,1.0,0.0138,87.5,22.1,43.8,58.0,58.0
20260812T130059Z-0c9e69f68de8,2026-08-12T13:00:59+00:00,2026,0000006818,髙塩將樹,統一7-ELEVEn獅,投手,投手,,,,,9,18,,,,,,0.0667,0.1333,,,,,,,31.667,11.0,32.0,1.0,3.13,1.29,2.0,0.0074,87.2,26.7,53.1,61.8,61.8
20260812T130059Z-0c9e69f68de8,2026-08-12T13:00:59+00:00,2026,0000005558,蘇俊璋,樂天桃猿,投手,投手,,,,,7,21,,,,,,0.0654,0.1963,,,,,,,26.667,9.0,23.0,0.0,3.04,1.13,3.0,0.0,88.2,39.3,58.1,66.9,66.9
20260812T130059Z-0c9e69f68de8,2026-08-12T13:00:59+00:00,2026,0000006227,曾峻岳,富邦悍將,投手,投手,,,,,7,45,,,,,,0.0538,0.3462,,,,,,,33.667,5.0,26.0,1.0,1.34,0.98,6.43,0.0077,92.4,69.2,76.0,81.7,81.7
20260812T130059Z-0c9e69f68de8,2026-08-12T13:00:59+00:00,2026,0000000771,陳琥,中信兄弟,投手,投手,,,,,14,29,,,,,,0.0946,0.1959,,,,,,,36.667,11.0,30.0,3.0,2.7,1.2,2.07,0.0203,88.5,39.2,50.6,64.8,64.8
20260812T130059Z-0c9e69f68de8,2026-08-12T13:00:59+00:00,2026,0000000778,蔡齊哲,中信兄弟,投手,投手,,,,,11,14,,,,,,0.1078,0.1373,,,,,,,25.0,6.0,16.0,2.0,2.16,1.08,1.27,0.0196,90.2,27.5,45.4,61.1,61.1
20260812T130059Z-0c9e69f68de8,2026-08-12T13:00:59+00:00,2026,0000001232,江忠城,中信兄弟,投手,投手,,,,,10,12,,,,,,0.0893,0.1071,,,,,,,26.333,4.0,23.0,0.0,1.37,1.25,1.2,0.0,91.0,21.4,46.9,60.4,60.4
20260812T130059Z-0c9e69f68de8,2026-08-12T13:00:59+00:00,2026,0000006982,黃群,台鋼雄鷹,投手,投手,,,,,13,24,,,,,,0.1092,0.2017,,,,,,,27.333,11.0,23.0,0.0,3.62,1.32,1.85,0.0,86.0,40.3,48.1,63.2,63.2
20260812T130059Z-0c9e69f68de8,2026-08-12T13:00:59+00:00,2026,0000006160,李超,味全龍,投手,投手,,,,,9,18,,,,,,0.0841,0.1682,,,,,,,26.333,6.0,23.0,1.0,2.05,1.22,2.0,0.0093,89.7,33.6,51.3,64.2,64.2
20260812T130059Z-0c9e69f68de8,2026-08-12T13:00:59+00:00,2026,0000003331,李振昌,中信兄弟,投手,投手,,,,,10,17,,,,,,0.0943,0.1604,,,,,,,25.0,11.0,22.0,3.0,3.96,1.28,1.7,0.0283,85.5,32.1,48.9,61.2,61.2
20260812T130059Z-0c9e69f68de8,2026-08-12T13:00:59+00:00,2026,0000006228,王志煊,樂天桃猿,投手,投手,,,,,5,12,,,,,,0.0909,0.2182,,,,,,,13.0,3.0,12.0,0.0,2.08,1.31,2.4,0.0,89.2,43.6,52.6,66.8,66.8
20260812T130059Z-0c9e69f68de8,2026-08-12T13:00:59+00:00,2026,0000000998,邱浩鈞,統一7-ELEVEn獅,投手,投手,,,,,12,15,,,,,,0.1165,0.1456,,,,,,,23.667,5.0,20.0,0.0,1.9,1.35,1.25,0.0,89.4,29.1,44.4,60.8,60.8
20260812T130059Z-0c9e69f68de8,2026-08-12T13:00:59+00:00,2026,0000006127,李其峰,統一7-ELEVEn獅,投手,投手,,,,,11,20,,,,,,0.0991,0.1802,,,,,,,24.0,5.0,29.0,2.0,1.88,1.67,1.82,0.018,87.8,36.0,49.0,63.2,63.2
20260812T130059Z-0c9e69f68de8,2026-08-12T13:00:59+00:00,2026,0000000128,朱承洋,樂天桃猿,投手,投手,,,,,6,21,,,,,,0.0583,0.2039,,,,,,,25.667,8.0,23.0,1.0,2.81,1.13,3.5,0.0097,88.6,40.8,61.2,68.4,68.4
20260812T130059Z-0c9e69f68de8,2026-08-12T13:00:59+00:00,2026,0000006833,陳宇宏,台鋼雄鷹,投手,投手,,,,,11,21,,,,,,0.0667,0.1273,,,,,,,36.667,19.0,45.0,2.0,4.66,1.53,1.91,0.0121,82.9,25.5,52.6,59.5,59.5
20260812T130059Z-0c9e69f68de8,2026-08-12T13:00:59+00:00,2026,0000006949,林詩翔,台鋼雄鷹,投手,投手,,,,,12,17,,,,,,0.1081,0.1532,,,,,,,24.667,8.0,23.0,1.0,2.92,1.42,1.42,0.009,87.0,30.6,46.1,60.6,60.6
20260812T130059Z-0c9e69f68de8,2026-08-12T13:00:59+00:00,2026,0000005285,許峻暘,台鋼雄鷹,投手,投手,,,,,4,16,,,,,,0.0482,0.1928,,,,,,,21.333,5.0,15.0,1.0,2.11,0.89,4.0,0.012,91.3,38.6,64.7,70.1,70.1
20260812T130059Z-0c9e69f68de8,2026-08-12T13:00:59+00:00,2026,0000003292,賴鴻誠,富邦悍將,投手,投手,,,,,9,10,,,,,,0.09,0.1,,,,,,,21.0,15.0,31.0,3.0,6.43,1.9,1.11,0.03,77.4,20.0,46.4,53.8,53.8
20260812T130059Z-0c9e69f68de8,2026-08-12T13:00:59+00:00,2026,0000005789,林鋅杰,味全龍,投手,投手,,,,,14,11,,,,,,0.1386,0.1089,,,,,,,23.333,9.0,24.0,2.0,3.47,1.63,0.79,0.0198,84.8,21.8,40.0,55.6,55.6
20260812T130059Z-0c9e69f68de8,2026-08-12T13:00:59+00:00,2026,0000000773,李吳永勤,富邦悍將,投手,投手,,,,,9,11,,,,,,0.1034,0.1264,,,,,,,17.333,12.0,22.0,0.0,6.23,1.79,1.22,0.0,78.4,25.3,45.6,55.3,55.3
20260812T130059Z-0c9e69f68de8,2026-08-12T13:00:59+00:00,2026,0000005482,吳承諭,統一7-ELEVEn獅,投手,投手,,,,,6,10,,,,,,0.06,0.1,,,,,,,24.667,7.0,20.0,2.0,2.55,1.05,1.67,0.02,89.6,20.0,52.1,61.0,61.0
20260812T130059Z-0c9e69f68de8,2026-08-12T13:00:59+00:00,2026,0000007292,李軍,統一7-ELEVEn獅,投手,投手,,,,,10,16,,,,,,0.122,0.1951,,,,,,,20.333,4.0,11.0,0.0,1.77,1.03,1.6,0.0,91.2,39.0,45.6,64.5,64.5
20260812T130059Z-0c9e69f68de8,2026-08-12T13:00:59+00:00,2026,0000006237,林子崴,樂天桃猿,投手,投手,,,,,10,25,,,,,,0.0559,0.1397,,,,,,,45.667,7.0,39.0,0.0,1.38,1.07,2.5,0.0,91.8,27.9,56.6,65.3,65.3
20260812T130059Z-0c9e69f68de8,2026-08-12T13:00:59+00:00,2026,0000001390,王躍霖,台鋼雄鷹,投手,投手,,,,,7,11,,,,,,0.0875,0.1375,,,,,,,17.333,9.0,21.0,1.0,4.67,1.62,1.57,0.0125,82.4,27.5,48.9,58.6,58.6
20260812T130059Z-0c9e69f68de8,2026-08-12T13:00:59+00:00,2026,0000002348,施子謙,台鋼雄鷹,投手,投手,,,,,7,9,,,,,,0.0875,0.1125,,,,,,,17.667,9.0,19.0,3.0,4.58,1.47,1.29,0.0375,83.3,22.5,47.5,57.4,57.4
20260812T130059Z-0c9e69f68de8,2026-08-12T13:00:59+00:00,2026,0000007580,韋宏亮,台鋼雄鷹,投手,投手,,,,,8,13,,,,,,0.0851,0.1383,,,,,,,21.0,11.0,23.0,0.0,4.71,1.48,1.62,0.0,83.0,27.7,49.4,59.1,59.1
20260812T130059Z-0c9e69f68de8,2026-08-12T13:00:59+00:00,2026,0000006918,李欣穎,台鋼雄鷹,投手,投手,,,,,5,26,,,,,,0.0532,0.2766,,,,,,,20.333,8.0,24.0,2.0,3.54,1.43,5.2,0.0213,85.6,55.3,70.0,73.3,73.3
20260812T130059Z-0c9e69f68de8,2026-08-12T13:00:59+00:00,2026,0000006857,舒治浩,樂天桃猿,投手,投手,,,,,8,7,,,,,,0.1081,0.0946,,,,,,,18.667,4.0,13.0,0.0,1.93,1.13,0.88,0.0,90.4,18.9,43.5,58.5,58.5
20260812T130059Z-0c9e69f68de8,2026-08-12T13:00:59+00:00,2026,0000006720,邱駿威,樂天桃猿,投手,投手,,,,,8,10,,,,,,0.0851,0.1064,,,,,,,19.333,9.0,26.0,1.0,4.19,1.76,1.25,0.0106,82.7,21.3,47.6,56.8,56.8
20260812T130059Z-0c9e69f68de8,2026-08-12T13:00:59+00:00,2026,0000005151,羅戈,中信兄弟,投手,投手,,,,,27,82,,,,,,0.06,0.1822,,,,,,,110.0,38.0,102.0,3.0,3.11,1.17,3.04,0.0067,87.8,36.4,58.8,66.2,66.2
20260812T130059Z-0c9e69f68de8,2026-08-12T13:00:59+00:00,2026,0000007044,鄭澔,統一7-ELEVEn獅,投手,投手,,,,,6,17,,,,,,0.1053,0.2982,,,,,,,14.0,3.0,8.0,0.0,1.93,1.0,2.83,0.0,91.1,59.6,53.3,71.9,71.9
20260812T130059Z-0c9e69f68de8,2026-08-12T13:00:59+00:00,2026,0000002347,王浩原,富邦悍將,投手,投手,,,,,8,5,,,,,,0.1194,0.0746,,,,,,,13.667,6.0,20.0,0.0,3.95,2.05,0.62,0.0,81.7,14.9,41.1,52.8,52.8
20260812T130059Z-0c9e69f68de8,2026-08-12T13:00:59+00:00,2026,0000006749,魔力藍,富邦悍將,投手,投手,,,,,27,67,,,,,,0.0616,0.153,,,,,,,103.0,37.0,108.0,3.0,3.23,1.31,2.48,0.0068,86.9,30.6,55.9,63.5,63.5
20260812T130059Z-0c9e69f68de8,2026-08-12T13:00:59+00:00,2026,0000006497,鋼龍,味全龍,投手,投手,,,,,21,96,,,,,,0.0493,0.2254,,,,,,,105.333,25.0,96.0,6.0,2.14,1.11,4.57,0.0141,90.1,45.1,67.4,72.0,72.0
20260812T130059Z-0c9e69f68de8,2026-08-12T13:00:59+00:00,2026,0000002303,黃竣彥,統一7-ELEVEn獅,投手,投手,,,,,4,6,,,,,,0.0727,0.1091,,,,,,,11.667,7.0,18.0,1.0,5.4,1.89,1.5,0.0182,79.6,21.8,50.0,56.3,56.3
20260812T130059Z-0c9e69f68de8,2026-08-12T13:00:59+00:00,2026,0000006906,艾菩樂,樂天桃猿,投手,投手,,,,,21,72,,,,,,0.0465,0.1593,,,,,,,107.0,41.0,109.0,11.0,3.45,1.21,3.43,0.0243,86.9,31.9,62.1,65.7,65.7
20260812T130059Z-0c9e69f68de8,2026-08-12T13:00:59+00:00,2026,0000007053,艾速特,台鋼雄鷹,投手,投手,,,,,32,95,,,,,,0.0796,0.2363,,,,,,,98.667,20.0,68.0,1.0,1.82,1.01,2.97,0.0025,91.2,47.3,56.5,69.8,69.8
20260812T130059Z-0c9e69f68de8,2026-08-12T13:00:59+00:00,2026,0000002274,黃子鵬,台鋼雄鷹,投手,投手,,,,,14,48,,,,,,0.0331,0.1135,,,,,,,108.333,22.0,84.0,2.0,1.83,0.9,3.43,0.0047,91.8,22.7,63.4,66.0,66.0
20260812T130059Z-0c9e69f68de8,2026-08-12T13:00:59+00:00,2026,0000005604,勝騎士,中信兄弟,投手,投手,,,,,8,82,,,,,,0.019,0.1952,,,,,,,103.0,40.0,107.0,11.0,3.5,1.12,10.25,0.0262,87.3,39.0,98.1,78.5,78.5
20260812T130059Z-0c9e69f68de8,2026-08-12T13:00:59+00:00,2026,0000007597,獅帝芬,統一7-ELEVEn獅,投手,投手,,,,,29,66,,,,,,0.0751,0.171,,,,,,,93.333,28.0,82.0,3.0,2.7,1.19,2.28,0.0078,88.6,34.2,53.6,64.5,64.5
20260812T130059Z-0c9e69f68de8,2026-08-12T13:00:59+00:00,2026,0000005315,高偉強,統一7-ELEVEn獅,投手,投手,,,,,13,9,,,,,,0.1688,0.1169,,,,,,,16.667,10.0,15.0,1.0,5.4,1.68,0.69,0.013,80.6,23.4,36.5,53.1,53.1
20260812T130059Z-0c9e69f68de8,2026-08-12T13:00:59+00:00,2026,0000006555,梅賽鍶,味全龍,投手,投手,,,,,17,60,,,,,,0.0437,0.1542,,,,,,,98.667,21.0,89.0,4.0,1.92,1.07,3.53,0.0103,90.7,30.8,62.8,67.4,67.4
20260812T130059Z-0c9e69f68de8,2026-08-12T13:00:59+00:00,2026,0000006910,王伯洋,味全龍,投手,投手,,,,,10,11,,,,,,0.1818,0.2,,,,,,,11.667,3.0,7.0,0.0,2.31,1.46,1.1,0.0,88.0,40.0,37.2,60.8,60.8
20260812T130059Z-0c9e69f68de8,2026-08-12T13:00:59+00:00,2026,0000006215,趙璟榮,味全龍,投手,投手,,,,,10,8,,,,,,0.1538,0.1231,,,,,,,15.0,6.0,14.0,0.0,3.6,1.6,0.8,0.0,84.7,24.6,38.5,55.8,55.8
20260812T130059Z-0c9e69f68de8,2026-08-12T13:00:59+00:00,2026,0000006507,後勁,台鋼雄鷹,投手,投手,,,,,41,65,,,,,,0.1079,0.1711,,,,,,,83.333,46.0,92.0,1.0,4.97,1.6,1.59,0.0026,81.9,34.2,47.0,59.5,59.5
20260812T130059Z-0c9e69f68de8,2026-08-12T13:00:59+00:00,2026,0000001524,劉昱言,富邦悍將,投手,投手,,,,,4,4,,,,,,0.0909,0.0909,,,,,,,10.333,5.0,11.0,1.0,4.35,1.45,1.0,0.0227,83.9,18.2,45.8,56.0,56.0
20260812T130059Z-0c9e69f68de8,2026-08-12T13:00:59+00:00,2026,0000005552,呂偉晟,味全龍,投手,投手,,,,,9,5,,,,,,0.15,0.0833,,,,,,,11.0,3.0,13.0,0.0,2.45,2.0,0.56,0.0,85.0,16.7,37.7,53.7,53.7
20260812T130059Z-0c9e69f68de8,2026-08-12T13:00:59+00:00,2026,0000007779,蔣銲,味全龍,投手,投手,,,,,31,99,,,,,,0.0829,0.2647,,,,,,,95.667,14.0,54.0,3.0,1.32,0.89,3.19,0.008,92.9,52.9,57.3,72.2,72.2
20260812T130059Z-0c9e69f68de8,2026-08-12T13:00:59+00:00,2026,0000006739,李東洺,富邦悍將,投手,投手,,,,,30,44,,,,,,0.085,0.1246,,,,,,,85.0,22.0,70.0,6.0,2.33,1.18,1.47,0.017,89.4,24.9,48.7,61.1,61.1
20260812T130059Z-0c9e69f68de8,2026-08-12T13:00:59+00:00,2026,0000007228,鈴木駿輔,富邦悍將,投手,投手,,,,,21,81,,,,,,0.0588,0.2269,,,,,,,88.333,21.0,76.0,4.0,2.14,1.1,3.86,0.0112,90.1,45.4,62.9,70.8,70.8
20260812T130059Z-0c9e69f68de8,2026-08-12T13:00:59+00:00,2026,0000005731,布雷克,統一7-ELEVEn獅,投手,投手,,,,,11,58,,,,,,0.0284,0.1495,,,,,,,101.0,20.0,89.0,5.0,1.78,0.99,5.27,0.0129,91.4,29.9,72.9,70.5,70.5
20260812T130059Z-0c9e69f68de8,2026-08-12T13:00:59+00:00,2026,0000007074,曾家輝,樂天桃猿,投手,投手,,,,,20,60,,,,,,0.0613,0.184,,,,,,,79.667,23.0,67.0,3.0,2.6,1.09,3.0,0.0092,89.3,36.8,58.5,66.9,66.9
20260812T130059Z-0c9e69f68de8,2026-08-12T13:00:59+00:00,2026,0000007790,魔爾曼,樂天桃猿,投手,投手,,,,,26,71,,,,,,0.0708,0.1935,,,,,,,86.667,26.0,80.0,2.0,2.7,1.22,2.73,0.0054,88.4,38.7,56.2,66.3,66.3
20260812T130059Z-0c9e69f68de8,2026-08-12T13:00:59+00:00,2026,0000002679,江承諺,台鋼雄鷹,投手,投手,,,,,21,36,,,,,,0.0633,0.1084,,,,,,,78.0,25.0,79.0,3.0,2.88,1.28,1.71,0.009,87.7,21.7,52.0,60.5,60.5
20260812T130059Z-0c9e69f68de8,2026-08-12T13:00:59+00:00,2026,0000006850,鄭副豪,統一7-ELEVEn獅,投手,投手,,,,,11,5,,,,,,0.2,0.0909,,,,,,,11.333,8.0,9.0,0.0,6.35,1.76,0.45,0.0,78.3,18.2,32.2,49.4,49.4
20260812T130059Z-0c9e69f68de8,2026-08-12T13:00:59+00:00,2026,0000007778,喬登,統一7-ELEVEn獅,投手,投手,,,,,31,84,,,,,,0.1047,0.2838,,,,,,,76.667,12.0,41.0,1.0,1.41,0.94,2.71,0.0034,92.4,56.8,52.7,71.6,71.6
20260812T130059Z-0c9e69f68de8,2026-08-12T13:00:59+00:00,2026,0000002345,鄭浩均,中信兄弟,投手,投手,,,,,31,59,,,,,,0.0966,0.1838,,,,,,,72.333,54.0,75.0,10.0,6.72,1.47,1.9,0.0312,79.0,36.8,49.6,59.6,59.6
20260812T130059Z-0c9e69f68de8,2026-08-12T13:00:59+00:00,2026,0000007276,伍立辰,中信兄弟,投手,投手,,,,,15,20,,,,,,0.0882,0.1176,,,,,,,38.333,24.0,39.0,4.0,5.63,1.41,1.33,0.0235,81.5,23.5,47.7,56.9,56.9
20260812T130059Z-0c9e69f68de8,2026-08-12T13:00:59+00:00,2026,0000007622,錢可倫,中信兄弟,投手,投手,,,,,4,7,,,,,,0.08,0.14,,,,,,,10.0,9.0,14.0,0.0,8.1,1.8,1.75,0.0,74.5,28.0,50.5,55.7,55.7
20260812T130059Z-0c9e69f68de8,2026-08-12T13:00:59+00:00,2026,0000006176,余謙,中信兄弟,投手,投手,,,,,5,7,,,,,,0.0658,0.0921,,,,,,,17.333,13.0,24.0,0.0,6.75,1.67,1.4,0.0,77.9,18.4,50.2,54.7,54.7
20260812T130059Z-0c9e69f68de8,2026-08-12T13:00:59+00:00,2026,0000000762,伍鐸,味全龍,投手,投手,,,,,17,26,,,,,,0.0545,0.0833,,,,,,,75.333,34.0,76.0,5.0,4.06,1.23,1.53,0.016,85.6,16.7,52.0,58.3,58.3
20260812T130059Z-0c9e69f68de8,2026-08-12T13:00:59+00:00,2026,0000005572,魏碩成,中信兄弟,投手,投手,,,,,14,6,,,,,,0.1522,0.0652,,,,,,,17.667,13.0,19.0,0.0,6.62,1.87,0.43,0.0,77.2,13.0,36.9,49.1,49.1
20260812T130059Z-0c9e69f68de8,2026-08-12T13:00:59+00:00,2026,0000006295,銳力獅,統一7-ELEVEn獅,投手,投手,,,,,13,55,,,,,,0.0413,0.1746,,,,,,,77.667,25.0,73.0,4.0,2.9,1.11,4.23,0.0127,88.5,34.9,66.5,68.5,68.5
20260812T130059Z-0c9e69f68de8,2026-08-12T13:00:59+00:00,2026,0000007062,威能帝,樂天桃猿,投手,投手,,,,,11,78,,,,,,0.0361,0.2557,,,,,,,76.333,17.0,65.0,3.0,2.0,1.0,7.09,0.0098,90.9,51.1,81.0,78.0,78.0
20260812T130059Z-0c9e69f68de8,2026-08-12T13:00:59+00:00,2026,0000006767,許育銘,台鋼雄鷹,投手,投手,,,,,8,8,,,,,,0.1509,0.1509,,,,,,,11.667,4.0,10.0,1.0,3.09,1.54,1.0,0.0189,86.0,30.2,39.8,58.2,58.2
20260812T130059Z-0c9e69f68de8,2026-08-12T13:00:59+00:00,2026,0000007570,坎南,台鋼雄鷹,投手,投手,,,,,13,58,,,,,,0.0405,0.1807,,,,,,,77.333,22.0,78.0,1.0,2.56,1.18,4.46,0.0031,88.9,36.1,67.7,69.3,69.3
20260812T130059Z-0c9e69f68de8,2026-08-12T13:00:59+00:00,2026,0000007073,賴胤豪,樂天桃猿,投手,投手,,,,,3,7,,,,,,0.0545,0.1273,,,,,,,11.667,9.0,17.0,1.0,6.94,1.71,2.33,0.0182,77.3,25.5,55.9,57.9,57.9
20260812T130059Z-0c9e69f68de8,2026-08-12T13:00:59+00:00,2026,0000007264,魔神龍,味全龍,投手,投手,,,,,17,42,,,,,,0.0584,0.1443,,,,,,,70.333,14.0,68.0,1.0,1.79,1.21,2.47,0.0034,90.3,28.9,56.2,64.7,64.7
20260812T130059Z-0c9e69f68de8,2026-08-12T13:00:59+00:00,2026,0000007299,陳品宏,富邦悍將,投手,投手,,,,,19,27,,,,,,0.1005,0.1429,,,,,,,41.0,22.0,44.0,3.0,4.83,1.54,1.42,0.0159,82.5,28.6,46.9,58.3,58.3
20260812T130059Z-0c9e69f68de8,2026-08-12T13:00:59+00:00,2026,0000006006,德保拉,中信兄弟,投手,投手,,,,,9,41,,,,,,0.0305,0.139,,,,,,,74.667,25.0,67.0,2.0,3.01,1.02,4.56,0.0068,88.8,27.8,69.2,67.7,67.7
20260812T130059Z-0c9e69f68de8,2026-08-12T13:00:59+00:00,2026,0000000776,王凱程,中信兄弟,投手,投手,,,,,1,4,,,,,,0.0179,0.0714,,,,,,,12.0,7.0,19.0,4.0,5.25,1.67,4.0,0.0714,81.0,14.3,67.7,60.3,60.3
20260812T130059Z-0c9e69f68de8,2026-08-12T13:00:59+00:00,2026,0000007593,石梓霖,富邦悍將,投手,投手,,,,,4,5,,,,,,0.0678,0.0847,,,,,,,14.0,7.0,15.0,0.0,4.5,1.36,1.25,0.0,84.0,16.9,49.3,56.8,56.8
20260812T130059Z-0c9e69f68de8,2026-08-12T13:00:59+00:00,2026,0000006923,曾品洋,中信兄弟,投手,投手,,,,,10,6,,,,,,0.2,0.12,,,,,,,10.667,3.0,13.0,1.0,2.53,2.16,0.6,0.02,84.0,24.0,32.9,53.7,53.7
20260812T130059Z-0c9e69f68de8,2026-08-12T13:00:59+00:00,2026,0000003506,謝榮豪,中信兄弟,投手,投手,,,,,7,3,,,,,,0.1489,0.0638,,,,,,,9.667,8.0,10.0,3.0,7.45,1.76,0.43,0.0638,76.0,12.8,37.2,48.6,48.6
20260812T130059Z-0c9e69f68de8,2026-08-12T13:00:59+00:00,2026,0000004637,劉軒荅,統一7-ELEVEn獅,投手,投手,,,,,3,3,,,,,,0.0732,0.0732,,,,,,,9.0,2.0,9.0,0.0,2.0,1.33,1.0,0.0,89.3,14.6,47.6,58.1,58.1
20260812T130059Z-0c9e69f68de8,2026-08-12T13:00:59+00:00,2026,0000006848,林詔恩,統一7-ELEVEn獅,投手,投手,,,,,20,35,,,,,,0.1205,0.2108,,,,,,,40.333,16.0,30.0,0.0,3.57,1.24,1.75,0.0,86.5,42.2,46.5,63.4,63.4
20260812T130059Z-0c9e69f68de8,2026-08-12T13:00:59+00:00,2026,0000007283,陳冠穎,中信兄弟,投手,投手,,,,,4,7,,,,,,0.1176,0.2059,,,,,,,8.667,1.0,5.0,0.0,1.04,1.04,1.75,0.0,92.7,41.2,46.8,66.1,66.1
20260812T130059Z-0c9e69f68de8,2026-08-12T13:00:59+00:00,2026,0000007783,阿部雄大,富邦悍將,投手,投手,,,,,20,41,,,,,,0.0935,0.1916,,,,,,,50.667,25.0,47.0,3.0,4.44,1.32,2.05,0.014,84.4,38.3,50.6,62.7,62.7
20260812T130059Z-0c9e69f68de8,2026-08-12T13:00:59+00:00,2026,0000006723,張鈞守,味全龍,投手,投手,,,,,7,7,,,,,,0.2121,0.2121,,,,,,,8.667,0.0,3.0,0.0,0.0,1.15,1.0,0.0,94.3,42.4,33.7,63.1,63.1
20260812T130059Z-0c9e69f68de8,2026-08-12T13:00:59+00:00,2026,0000004625,吳俊偉,中信兄弟,投手,投手,,,,,3,6,,,,,,0.0833,0.1667,,,,,,,7.667,5.0,11.0,0.0,5.87,1.83,2.0,0.0,78.9,33.3,51.4,59.2,59.2
20260812T130059Z-0c9e69f68de8,2026-08-12T13:00:59+00:00,2026,0000007789,麥斯威尼,樂天桃猿,投手,投手,,,,,24,21,,,,,,0.1132,0.0991,,,,,,,44.333,25.0,53.0,4.0,5.08,1.74,0.88,0.0189,81.0,19.8,43.0,54.3,54.3
20260812T130059Z-0c9e69f68de8,2026-08-12T13:00:59+00:00,2026,0000002272,賴智垣,台鋼雄鷹,投手,投手,,,,,10,5,,,,,,0.2564,0.1282,,,,,,,7.333,3.0,6.0,0.0,3.68,2.18,0.5,0.0,81.6,25.6,26.8,51.2,51.2
20260812T130059Z-0c9e69f68de8,2026-08-12T13:00:59+00:00,2026,0000004624,陳克羿,樂天桃猿,投手,投手,,,,,15,43,,,,,,0.0781,0.224,,,,,,,46.333,20.0,41.0,0.0,3.88,1.21,2.87,0.0,86.0,44.8,56.2,66.8,66.8
20260812T130059Z-0c9e69f68de8,2026-08-12T13:00:59+00:00,2026,0000001719,胡智爲,統一7-ELEVEn獅,投手,投手,,,,,10,19,,,,,,0.0649,0.1234,,,,,,,34.333,24.0,46.0,4.0,6.29,1.63,1.9,0.026,79.0,24.7,52.8,57.6,57.6
20260812T130059Z-0c9e69f68de8,2026-08-12T13:00:59+00:00,2026,0000000779,陳柏豪,樂天桃猿,投手,投手,,,,,3,6,,,,,,0.0882,0.1765,,,,,,,6.667,6.0,13.0,1.0,8.1,2.4,2.0,0.0294,71.5,35.3,50.9,56.3,56.3
20260812T130059Z-0c9e69f68de8,2026-08-12T13:00:59+00:00,2026,0000005479,江國豪,富邦悍將,投手,投手,,,,,14,10,,,,,,0.1094,0.0781,,,,,,,27.0,13.0,31.0,1.0,4.33,1.67,0.71,0.0078,82.8,15.6,42.5,53.9,53.9
20260812T130059Z-0c9e69f68de8,2026-08-12T13:00:59+00:00,2026,0000007281,游竣宥,中信兄弟,投手,投手,,,,,7,7,,,,,,0.1094,0.1094,,,,,,,14.0,7.0,17.0,1.0,4.5,1.71,1.0,0.0156,82.3,21.9,43.9,55.7,55.7
20260812T130059Z-0c9e69f68de8,2026-08-12T13:00:59+00:00,2026,0000006921,伍祐城,台鋼雄鷹,投手,投手,,,,,4,5,,,,,,0.1053,0.1316,,,,,,,9.333,2.0,7.0,2.0,1.93,1.18,1.25,0.0526,90.2,26.3,45.6,60.8,60.8
20260812T130059Z-0c9e69f68de8,2026-08-12T13:00:59+00:00,2026,0000007787,黎克,中信兄弟,投手,投手,,,,,15,20,,,,,,0.1103,0.1471,,,,,,,29.333,16.0,35.0,4.0,4.91,1.7,1.33,0.0294,81.5,29.4,45.5,57.7,57.7
20260812T130059Z-0c9e69f68de8,2026-08-12T13:00:59+00:00,2026,0000007581,黃暐傑,味全龍,投手,投手,,,,,4,3,,,,,,0.0976,0.0732,,,,,,,8.333,3.0,11.0,0.0,3.24,1.8,0.75,0.0,84.4,14.6,43.9,54.8,54.8
20260812T130059Z-0c9e69f68de8,2026-08-12T13:00:59+00:00,2026,0000005372,呂詠臻,樂天桃猿,投手,投手,,,,,5,2,,,,,,0.1786,0.0714,,,,,,,7.0,2.0,4.0,0.0,2.57,1.29,0.4,0.0,88.3,14.3,34.1,53.5,53.5
20260812T130059Z-0c9e69f68de8,2026-08-12T13:00:59+00:00,2026,0000007047,盧冠宇,樂天桃猿,投手,投手,,,,,3,1,,,,,,0.12,0.04,,,,,,,5.333,3.0,7.0,0.0,5.06,1.88,0.33,0.0,80.3,8.0,39.6,50.0,50.0
20260812T130059Z-0c9e69f68de8,2026-08-12T13:00:59+00:00,2026,0000002695,林子崴,統一7-ELEVEn獅,投手,投手,,,,,0,4,,,,,,0.0,0.1667,,,,,,,6.333,0.0,7.0,0.0,0.0,1.11,0.0,0.0,94.4,33.3,50.0,65.8,65.8
20260812T130059Z-0c9e69f68de8,2026-08-12T13:00:59+00:00,2026,0000001260,郭俊麟,統一7-ELEVEn獅,投手,投手,,,,,17,18,,,,,,0.1197,0.1268,,,,,,,32.667,18.0,30.0,2.0,4.96,1.44,1.06,0.0141,82.7,25.4,43.2,56.5,56.5
20260812T130059Z-0c9e69f68de8,2026-08-12T13:00:59+00:00,2026,0000003608,曾仁和,味全龍,投手,投手,,,,,9,21,,,,,,0.0726,0.1694,,,,,,,28.667,8.0,31.0,1.0,2.51,1.4,2.33,0.0081,87.9,33.9,54.1,64.3,64.3
20260812T130059Z-0c9e69f68de8,2026-08-12T13:00:59+00:00,2026,0000007560,菲力士,中信兄弟,投手,投手,,,,,24,28,,,,,,0.1655,0.1931,,,,,,,30.0,20.0,34.0,2.0,6.0,1.93,1.17,0.0138,78.1,38.6,39.2,56.6,56.6
20260812T130059Z-0c9e69f68de8,2026-08-12T13:00:59+00:00,2026,0000007782,威戈神,富邦悍將,投手,投手,,,,,8,22,,,,,,0.065,0.1789,,,,,,,28.0,16.0,33.0,1.0,5.14,1.46,2.75,0.0081,82.2,35.8,56.9,63.0,63.0
20260812T130059Z-0c9e69f68de8,2026-08-12T13:00:59+00:00,2026,0000006874,盧孟揚,中信兄弟,投手,投手,,,,,5,3,,,,,,0.1923,0.1154,,,,,,,5.333,5.0,5.0,0.0,8.44,1.88,0.6,0.0,73.4,23.1,33.7,48.9,48.9
20260812T130059Z-0c9e69f68de8,2026-08-12T13:00:59+00:00,2026,0000005541,郭郁政,味全龍,投手,投手,,,,,0,7,,,,,,0.0,0.0667,,,,,,,25.667,12.0,30.0,4.0,4.21,1.17,0.0,0.0381,85.6,13.3,50.0,56.8,56.8
20260812T130059Z-0c9e69f68de8,2026-08-12T13:00:59+00:00,2026,0000000135,陳禹勳,味全龍,投手,投手,,,,,1,3,,,,,,0.0588,0.1765,,,,,,,3.667,2.0,4.0,0.0,4.91,1.36,3.0,0.0,83.2,35.3,58.8,63.9,63.9
20260812T130059Z-0c9e69f68de8,2026-08-12T13:00:59+00:00,2026,0000007305,李致霖,味全龍,投手,投手,,,,,11,5,,,,,,0.2558,0.1163,,,,,,,9.333,5.0,6.0,0.0,4.82,1.82,0.45,0.0,81.1,23.3,26.6,50.3,50.3
20260812T130059Z-0c9e69f68de8,2026-08-12T13:00:59+00:00,2026,0000007081,黃侰程,味全龍,投手,投手,,,,,4,5,,,,,,0.1739,0.2174,,,,,,,5.0,2.0,4.0,0.0,3.6,1.6,1.25,0.0,84.7,43.5,38.7,60.6,60.6
20260812T130059Z-0c9e69f68de8,2026-08-12T13:00:59+00:00,2026,0000006878,吳君奕,味全龍,投手,投手,,,,,4,3,,,,,,0.2,0.15,,,,,,,4.667,0.0,4.0,0.0,0.0,1.71,0.75,0.0,91.5,30.0,33.7,58.8,58.8
20260812T130059Z-0c9e69f68de8,2026-08-12T13:00:59+00:00,2026,0000000938,張瑞麟,富邦悍將,投手,投手,,,,,3,3,,,,,,0.1364,0.1364,,,,,,,4.333,4.0,5.0,0.0,8.31,1.85,1.0,0.0,73.8,27.3,41.2,52.4,52.4
20260812T130059Z-0c9e69f68de8,2026-08-12T13:00:59+00:00,2026,0000002276,鄭鈞仁,統一7-ELEVEn獅,投手,投手,,,,,2,4,,,,,,0.1,0.2,,,,,,,5.0,1.0,2.0,0.0,1.8,0.8,2.0,0.0,92.3,40.0,49.8,66.5,66.5
20260812T130059Z-0c9e69f68de8,2026-08-12T13:00:59+00:00,2026,0000003393,王鏡銘,統一7-ELEVEn獅,投手,投手,,,,,1,1,,,,,,0.0625,0.0625,,,,,,,4.333,1.0,2.0,1.0,2.08,0.69,1.0,0.0625,92.3,12.5,48.6,59.2,59.2
20260812T130059Z-0c9e69f68de8,2026-08-12T13:00:59+00:00,2026,0000007061,辛俊昇,統一7-ELEVEn獅,投手,投手,,,,,6,3,,,,,,0.2727,0.1364,,,,,,,3.0,6.0,7.0,0.0,18.0,4.33,0.5,0.0,41.7,27.3,25.2,33.2,33.2
20260812T130059Z-0c9e69f68de8,2026-08-12T13:00:59+00:00,2026,0000006222,劉予承,統一7-ELEVEn獅,投手,投手,,,,,0,2,,,,,,0.0,0.1429,,,,,,,2.333,1.0,6.0,0.0,3.86,2.57,0.0,0.0,79.3,28.6,50.0,57.8,57.8
20260812T130059Z-0c9e69f68de8,2026-08-12T13:00:59+00:00,2026,0000006860,劉家翔,樂天桃猿,投手,投手,,,,,6,9,,,,,,0.0779,0.1169,,,,,,,19.333,6.0,17.0,3.0,2.79,1.19,1.5,0.039,88.4,23.4,49.5,60.5,60.5
20260812T130059Z-0c9e69f68de8,2026-08-12T13:00:59+00:00,2026,0000007615,李柏毓,樂天桃猿,投手,投手,,,,,1,1,,,,,,0.0625,0.0625,,,,,,,3.667,1.0,5.0,0.0,2.45,1.64,1.0,0.0,86.8,12.5,48.6,56.8,56.8
20260812T130059Z-0c9e69f68de8,2026-08-12T13:00:59+00:00,2026,0000001603,王維中,台鋼雄鷹,投手,投手,,,,,6,12,,,,,,0.075,0.15,,,,,,,18.667,12.0,18.0,1.0,5.79,1.29,2.0,0.0125,81.8,30.0,52.3,60.0,60.0
20260812T130059Z-0c9e69f68de8,2026-08-12T13:00:59+00:00,2026,0000000363,陳仕朋,富邦悍將,投手,投手,,,,,7,10,,,,,,0.0795,0.1136,,,,,,,19.667,16.0,24.0,3.0,7.32,1.58,1.43,0.0341,77.2,22.7,49.0,55.1,55.1
20260812T130059Z-0c9e69f68de8,2026-08-12T13:00:59+00:00,2026,0000006771,陳正毅,台鋼雄鷹,投手,投手,,,,,8,7,,,,,,0.1379,0.1207,,,,,,,10.667,5.0,16.0,0.0,4.22,2.25,0.88,0.0,80.2,24.1,40.5,54.3,54.3
20260812T130059Z-0c9e69f68de8,2026-08-12T13:00:59+00:00,2026,0000000368,游霆崴,富邦悍將,投手,投手,,,,,3,7,,,,,,0.0441,0.1029,,,,,,,16.0,6.0,17.0,0.0,3.38,1.25,2.33,0.0,86.9,20.6,57.0,61.4,61.4
20260812T130059Z-0c9e69f68de8,2026-08-12T13:00:59+00:00,2026,0000007568,王偉軒,富邦悍將,投手,投手,,,,,2,4,,,,,,0.125,0.25,,,,,,,4.0,0.0,2.0,0.0,0.0,1.0,2.0,0.0,95.0,50.0,47.3,69.4,69.4
20260812T130059Z-0c9e69f68de8,2026-08-12T13:00:59+00:00,2026,0000006750,陳暐皓,味全龍,投手,投手,,,,,1,2,,,,,,0.1,0.2,,,,,,,2.667,1.0,1.0,0.0,3.38,0.75,2.0,0.0,89.4,40.0,49.8,65.2,65.2
20260812T130059Z-0c9e69f68de8,2026-08-12T13:00:59+00:00,2026,0000007290,張宥謙,統一7-ELEVEn獅,投手,投手,,,,,8,4,,,,,,0.1356,0.0678,,,,,,,13.333,7.0,13.0,0.0,4.73,1.58,0.5,0.0,82.5,13.6,38.9,52.2,52.2
20260812T130059Z-0c9e69f68de8,2026-08-12T13:00:59+00:00,2026,0000002688,陳韻文,統一7-ELEVEn獅,投手,投手,,,,,0,3,,,,,,0.0,0.4286,,,,,,,2.0,0.0,1.0,0.0,0.0,0.5,0.0,0.0,97.5,85.7,50.0,80.3,80.3
20260812T130059Z-0c9e69f68de8,2026-08-12T13:00:59+00:00,2026,0000005282,姚杰宏,統一7-ELEVEn獅,投手,投手,,,,,0,0,,,,,,0.0,0.0,,,,,,,1.667,1.0,3.0,1.0,5.4,1.8,0.0,0.1429,80.0,0.0,50.0,51.0,51.0
20260812T130059Z-0c9e69f68de8,2026-08-12T13:00:59+00:00,2026,0000007303,黃子豪,台鋼雄鷹,投手,投手,,,,,3,8,,,,,,0.075,0.2,,,,,,,8.333,6.0,11.0,1.0,6.48,1.68,2.67,0.025,78.4,40.0,55.5,61.9,61.9
20260812T130059Z-0c9e69f68de8,2026-08-12T13:00:59+00:00,2026,0000006917,謝葆錡,台鋼雄鷹,投手,投手,,,,,0,1,,,,,,0.0,0.125,,,,,,,2.0,1.0,3.0,0.0,4.5,1.5,0.0,0.0,83.3,25.0,50.0,58.7,58.7
20260812T130059Z-0c9e69f68de8,2026-08-12T13:00:59+00:00,2026,0000007279,鄧朝駿,中信兄弟,投手,投手,,,,,1,1,,,,,,0.0909,0.0909,,,,,,,2.0,3.0,4.0,0.0,13.5,2.5,1.0,0.0,60.0,18.2,45.8,45.3,45.3
20260812T130059Z-0c9e69f68de8,2026-08-12T13:00:59+00:00,2026,0000007090,林家勝,富邦悍將,投手,投手,,,,,3,3,,,,,,0.375,0.375,,,,,,,2.0,0.0,1.0,0.0,0.0,2.0,1.0,0.0,90.0,75.0,17.4,64.5,64.5
20260812T130059Z-0c9e69f68de8,2026-08-12T13:00:59+00:00,2026,0000006922,黃紹睿,台鋼雄鷹,投手,投手,,,,,1,1,,,,,,0.1667,0.1667,,,,,,,1.0,3.0,1.0,0.0,27.0,2.0,1.0,0.0,35.0,33.3,38.2,35.5,35.5
20260812T130059Z-0c9e69f68de8,2026-08-12T13:00:59+00:00,2026,0000006743,劉俊豪,富邦悍將,投手,投手,,,,,2,0,,,,,,0.2857,0.0,,,,,,,1.0,3.0,2.0,0.0,27.0,4.0,0.0,0.0,25.0,0.0,21.4,17.7,17.7
20260812T130059Z-0c9e69f68de8,2026-08-12T13:00:59+00:00,2026,0000006875,陳柏均,中信兄弟,投手,投手,,,,,1,2,,,,,,0.2,0.4,,,,,,,1.0,0.0,1.0,0.0,0.0,2.0,2.0,0.0,90.0,80.0,39.8,72.4,72.4
20260812T130059Z-0c9e69f68de8,2026-08-12T13:00:59+00:00,2026,0000007049,林暉盛,中信兄弟,投手,投手,,,,,4,2,,,,,,0.25,0.125,,,,,,,3.0,2.0,2.0,1.0,6.0,2.0,0.5,0.0625,77.8,25.0,27.4,49.5,49.5
20260812T130059Z-0c9e69f68de8,2026-08-12T13:00:59+00:00,2026,0000006236,楊鈺翔,味全龍,投手,投手,,,,,1,1,,,,,,0.0769,0.0769,,,,,,,3.333,0.0,3.0,0.0,0.0,1.2,1.0,0.0,94.0,15.4,47.2,60.3,60.3
20260812T130059Z-0c9e69f68de8,2026-08-12T13:00:59+00:00,2026,0000007295,陳鐿中,富邦悍將,投手,投手,,,,,0,2,,,,,,0.0,0.5,,,,,,,1.0,1.0,1.0,1.0,9.0,1.0,0.0,0.25,76.7,100.0,50.0,74.5,74.5
20260812T130059Z-0c9e69f68de8,2026-08-12T13:00:59+00:00,2026,0000006159,林逸達,味全龍,投手,投手,,,,,2,0,,,,,,0.4,0.0,,,,,,,1.0,0.0,0.0,0.0,0.0,2.0,0.0,0.0,90.0,0.0,10.0,43.5,43.5
20260812T130059Z-0c9e69f68de8,2026-08-12T13:00:59+00:00,2026,0000006920,陳冠豪,台鋼雄鷹,投手,投手,,,,,2,0,,,,,,0.5,0.0,,,,,,,0.333,0.0,1.0,0.0,0.0,9.0,0.0,0.0,55.0,0.0,0.0,24.8,24.8
20260812T130059Z-0c9e69f68de8,2026-08-12T13:00:59+00:00,2026,0000007301,曾昱磬,台鋼雄鷹,投手,投手,,,,,0,0,,,,,,0.0,0.0,,,,,,,1.0,0.0,0.0,0.0,0.0,0.0,0.0,0.0,100.0,0.0,50.0,60.0,60.0
20260812T130059Z-0c9e69f68de8,2026-08-12T13:00:59+00:00,2026,0000007619,王奕翔,樂天桃猿,投手,投手,,,,,1,1,,,,,,0.25,0.25,,,,,,,1.0,0.0,0.0,0.0,0.0,1.0,1.0,0.0,95.0,50.0,29.9,64.2,64.2
20260812T130059Z-0c9e69f68de8,2026-08-12T13:00:59+00:00,2026,0000007793,榊原元稀,樂天桃猿,投手,投手,,,,,0,3,,,,,,0.0,0.1429,,,,,,,6.0,1.0,4.0,0.0,1.5,0.67,0.0,0.0,93.6,28.6,50.0,64.3,64.3
20260812T130059Z-0c9e69f68de8,2026-08-12T13:00:59+00:00,2026,0000003563,余德龍,樂天桃猿,投手,投手,,,,,0,2,,,,,,0.0,0.3333,,,,,,,1.0,1.0,3.0,1.0,9.0,3.0,0.0,0.1667,66.7,66.7,50.0,61.7,61.7
20260812T130059Z-0c9e69f68de8,2026-08-12T13:00:59+00:00,2026,0000006855,邱緯綸,樂天桃猿,投手,投手,,,,,1,2,,,,,,0.1667,0.3333,,,,,,,1.0,0.0,2.0,0.0,0.0,3.0,2.0,0.0,85.0,66.7,43.1,67.9,67.9
20260812T130059Z-0c9e69f68de8,2026-08-12T13:00:59+00:00,2026,0000003620,江承峰,統一7-ELEVEn獅,投手,投手,,,,,1,0,,,,,,0.25,0.0,,,,,,,1.0,0.0,0.0,0.0,0.0,1.0,0.0,0.0,95.0,0.0,25.0,50.2,50.2
20260812T130059Z-0c9e69f68de8,2026-08-12T13:00:59+00:00,2026,0000007063,周彥農,統一7-ELEVEn獅,投手,投手,,,,,1,4,,,,,,0.0556,0.2222,,,,,,,4.0,2.0,6.0,0.0,4.5,1.75,4.0,0.0,82.1,44.4,64.0,67.2,67.2
20260812T130059Z-0c9e69f68de8,2026-08-12T13:00:59+00:00,2026,0000001412,江少慶,統一7-ELEVEn獅,投手,投手,,,,,2,4,,,,,,0.1818,0.3636,,,,,,,3.0,0.0,1.0,0.0,0.0,1.0,2.0,0.0,95.0,72.7,41.6,73.4,73.4
